student_id,graduation_year,branch,cgpa,aptitude_score,technical_skills_score,communication_score,coding_hours_per_week,projects_completed,internships_completed,certifications_count,backlogs,placement_ready
STU-000001,2027,information_technology,6.87,62.8,35.6,73.2,3.5,4.0,0.0,3.0,0,0
STU-000002,2026,information_technology,7.33,67.8,65.6,80.6,7.0,1.0,0.0,2.0,0,1
STU-000003,2027,computer_science,6.27,56.4,56.1,63.6,8.1,4.0,1.0,1.0,0,1
STU-000004,2026,civil,,55.9,33.8,64.1,5.9,2.0,0.0,0.0,0,0
STU-000005,2024,computer_science,7.81,28.7,51.3,64.8,8.3,1.0,1.0,2.0,0,0
STU-000006,2027,computer_science,7.72,60.7,35.1,76.1,2.4,1.0,1.0,1.0,1,0
STU-000007,2027,computer_science,6.93,66.8,46.4,42.8,1.8,2.0,0.0,4.0,1,0
STU-000008,2027,civil,8.35,59.8,50.3,62.2,16.1,3.0,0.0,6.0,0,1
STU-000009,2024,mechanical,6.8,45.9,71.1,67.6,16.3,2.0,3.0,1.0,0,1
STU-000010,2026,information_technology,6.7,32.2,51.1,35.5,5.2,1.0,0.0,1.0,0,0
STU-000011,2025,civil,8.76,68.3,57.9,74.8,9.5,2.0,3.0,4.0,1,1
STU-000012,2027,computer_science,5.83,56.2,43.6,77.1,6.1,0.0,0.0,4.0,1,0
STU-000013,2026,mechanical,5.14,75.1,18.3,34.8,6.9,0.0,0.0,1.0,0,0
STU-000014,2027,computer_science,6.1,34.5,49.7,56.2,8.8,1.0,1.0,2.0,2,0
STU-000015,2026,information_technology,7.55,52.0,65.4,56.7,7.4,1.0,0.0,3.0,2,0
STU-000016,2025,computer_science,8.58,41.3,65.2,49.6,17.4,4.0,0.0,3.0,0,0
STU-000017,2026,civil,6.34,72.1,64.1,51.5,12.7,3.0,1.0,5.0,0,0
STU-000018,2024,civil,9.19,81.0,76.4,54.7,7.1,1.0,0.0,1.0,1,0
STU-000019,2027,electronics,7.13,87.1,92.9,70.5,,3.0,1.0,2.0,1,1
STU-000020,2026,computer_science,6.97,65.8,35.7,79.5,15.2,3.0,1.0,0.0,0,0
STU-000021,2027,computer_science,6.12,68.1,55.5,69.7,5.4,4.0,0.0,1.0,0,1
STU-000022,2025,information_technology,9.34,69.2,70.3,49.2,19.3,0.0,1.0,2.0,0,1
STU-000023,2027,computer_science,6.93,66.5,,73.1,6.4,0.0,0.0,3.0,2,0
STU-000024,2027,computer_science,5.57,55.9,38.5,70.5,26.8,5.0,0.0,1.0,0,0
STU-000025,2027,electronics,9.93,73.1,75.2,20.9,10.9,1.0,2.0,1.0,0,0
STU-000026,2025,electronics,7.55,91.2,64.1,79.4,2.6,3.0,2.0,2.0,0,1
STU-000027,2026,civil,8.02,63.3,41.2,,4.4,5.0,0.0,3.0,1,0
STU-000028,2024,information_technology,9.03,62.4,32.6,64.4,,3.0,0.0,1.0,0,1
STU-000029,2024,information_technology,7.81,62.6,49.9,37.6,12.6,1.0,1.0,4.0,1,0
STU-000030,2026,information_technology,8.22,,48.4,84.6,5.1,4.0,1.0,3.0,1,0
STU-000031,2027,computer_science,7.16,62.0,65.9,66.7,10.9,4.0,0.0,3.0,1,0
STU-000032,2027,electronics,7.94,57.1,43.1,72.9,12.0,0.0,1.0,2.0,1,0
STU-000033,2025,mechanical,7.06,75.3,52.2,43.5,8.3,3.0,0.0,4.0,2,0
STU-000034,2025,computer_science,7.08,73.8,26.3,69.2,21.6,2.0,1.0,2.0,3,0
STU-000035,2026,computer_science,7.24,91.0,29.6,69.4,11.4,1.0,2.0,2.0,0,1
STU-000036,2025,mechanical,6.64,56.9,40.5,59.8,1.9,5.0,0.0,3.0,0,1
STU-000037,2024,information_technology,7.68,63.7,53.5,43.9,11.4,2.0,2.0,4.0,1,1
STU-000038,2026,information_technology,7.68,63.1,43.8,61.1,8.1,2.0,1.0,3.0,1,0
STU-000039,2025,electronics,8.04,63.1,61.6,48.6,1.2,2.0,0.0,3.0,1,0
STU-000040,2026,electronics,7.84,76.6,29.4,52.2,18.8,2.0,1.0,1.0,0,0
STU-000041,2026,computer_science,9.4,38.4,60.9,78.2,13.5,3.0,0.0,0.0,0,1
STU-000042,2027,mechanical,8.31,67.5,56.8,63.2,7.2,,0.0,1.0,2,1
STU-000043,2026,civil,6.86,87.7,29.8,60.9,5.5,6.0,0.0,3.0,0,0
STU-000044,2025,computer_science,7.62,79.7,61.4,45.5,17.8,4.0,3.0,4.0,0,1
STU-000045,2027,computer_science,8.72,80.2,,61.4,10.9,4.0,2.0,0.0,2,1
STU-000046,2027,electronics,6.01,68.6,39.4,59.9,0.8,0.0,1.0,0.0,0,0
STU-000047,2025,electronics,9.42,53.9,78.1,48.3,25.0,1.0,0.0,0.0,0,1
STU-000048,2025,information_technology,6.21,45.2,14.0,77.2,9.1,1.0,0.0,1.0,0,0
STU-000049,2026,information_technology,,49.1,70.9,76.5,20.8,0.0,2.0,2.0,0,0
STU-000050,2024,electronics,7.11,,35.6,51.2,9.4,1.0,2.0,1.0,1,0
STU-000051,2025,information_technology,7.04,72.3,45.1,67.5,6.5,0.0,0.0,1.0,0,0
STU-000052,2024,computer_science,5.6,77.2,73.3,36.1,10.2,3.0,0.0,2.0,0,1
STU-000053,2027,computer_science,8.14,66.8,48.9,66.5,28.7,3.0,0.0,1.0,0,0
STU-000054,2026,information_technology,5.62,67.3,76.9,72.9,,1.0,1.0,6.0,1,1
STU-000055,2026,civil,5.44,59.3,43.6,46.3,4.7,4.0,0.0,1.0,2,0
STU-000056,2027,information_technology,8.43,69.4,59.3,62.2,,2.0,0.0,1.0,1,0
STU-000057,2026,information_technology,9.16,30.6,78.0,63.8,21.8,2.0,0.0,2.0,1,0
STU-000058,2026,civil,6.33,61.4,61.6,100.0,6.5,2.0,0.0,2.0,0,0
STU-000059,2024,information_technology,8.25,54.1,62.6,98.1,40.0,4.0,0.0,4.0,0,0
STU-000060,2024,information_technology,8.02,59.4,51.2,66.5,1.7,1.0,1.0,1.0,2,0
STU-000061,2026,computer_science,6.99,61.4,28.6,52.7,12.1,1.0,1.0,1.0,1,0
STU-000062,2026,electronics,8.64,50.5,36.0,65.4,9.0,2.0,1.0,5.0,0,1
STU-000063,2026,electronics,6.91,41.7,77.0,77.8,5.5,5.0,1.0,1.0,0,0
STU-000064,2027,mechanical,7.7,48.2,86.7,38.6,25.9,1.0,2.0,1.0,0,1
STU-000065,2026,computer_science,5.66,33.6,51.8,32.7,11.5,3.0,0.0,2.0,1,1
STU-000066,2026,information_technology,5.71,38.1,19.7,46.0,23.1,2.0,0.0,1.0,0,0
STU-000067,2026,computer_science,8.44,45.6,47.6,72.7,4.7,2.0,0.0,1.0,0,1
STU-000068,2025,civil,7.73,37.9,44.0,73.5,8.9,0.0,0.0,2.0,0,0
STU-000069,2024,computer_science,6.94,65.8,,68.2,3.4,6.0,0.0,3.0,0,0
STU-000070,2026,electronics,,49.1,49.1,77.6,22.4,3.0,1.0,1.0,0,1
STU-000071,2025,electronics,9.28,,73.0,59.5,5.4,1.0,1.0,0.0,0,1
STU-000072,2025,computer_science,7.61,53.2,61.6,58.2,4.0,1.0,0.0,4.0,1,0
STU-000073,2027,information_technology,5.43,38.2,75.6,67.4,19.1,1.0,0.0,2.0,1,0
STU-000074,2025,computer_science,,79.8,48.3,86.0,23.4,5.0,0.0,3.0,0,0
STU-000075,2024,information_technology,6.14,58.3,55.0,67.8,8.6,3.0,1.0,2.0,0,0
STU-000076,2025,civil,7.2,,68.4,60.7,20.2,0.0,1.0,,0,0
STU-000077,2025,information_technology,6.02,64.6,68.5,67.6,11.6,1.0,0.0,2.0,1,0
STU-000078,2026,civil,5.72,56.7,,81.9,12.6,2.0,1.0,2.0,1,0
STU-000079,2026,computer_science,4.5,49.4,51.9,57.0,3.9,3.0,1.0,4.0,0,0
STU-000080,2027,information_technology,7.29,82.2,,,4.7,0.0,0.0,1.0,1,1
STU-000081,2026,civil,,38.3,50.0,55.4,16.4,1.0,0.0,1.0,0,0
STU-000082,2025,mechanical,6.73,73.0,54.9,73.4,7.2,2.0,0.0,4.0,2,0
STU-000083,2027,computer_science,7.9,53.7,87.7,51.1,1.9,1.0,0.0,3.0,0,0
STU-000084,2024,electronics,6.27,56.3,36.9,71.0,12.1,1.0,0.0,0.0,0,0
STU-000085,2024,mechanical,5.85,44.5,,41.4,8.9,2.0,0.0,3.0,0,0
STU-000086,2024,mechanical,7.02,47.8,41.1,58.4,6.1,3.0,1.0,2.0,0,0
STU-000087,2027,electronics,6.15,49.8,46.7,61.2,2.3,2.0,0.0,4.0,0,0
STU-000088,2026,computer_science,7.31,30.1,61.2,87.0,8.2,3.0,0.0,2.0,1,0
STU-000089,2024,computer_science,5.91,61.0,42.9,75.6,8.6,0.0,0.0,0.0,0,1
STU-000090,2026,electronics,6.98,59.7,72.0,57.0,9.5,2.0,2.0,2.0,1,0
STU-000091,2024,information_technology,6.7,34.9,,54.7,0.8,4.0,1.0,3.0,0,0
STU-000092,2026,computer_science,7.09,68.1,53.7,52.6,14.7,4.0,0.0,1.0,1,1
STU-000093,2026,computer_science,8.98,83.8,40.3,46.3,11.6,3.0,2.0,4.0,0,1
STU-000094,2025,information_technology,7.33,48.7,87.3,84.6,2.5,1.0,1.0,4.0,2,0
STU-000095,2025,information_technology,7.68,47.6,56.9,51.4,13.9,2.0,0.0,1.0,1,0
STU-000096,2026,information_technology,6.38,73.5,80.4,86.1,13.0,2.0,0.0,1.0,0,1
STU-000097,2025,information_technology,,64.8,45.8,63.4,11.5,2.0,0.0,3.0,1,0
STU-000098,2024,computer_science,6.78,55.5,68.3,60.8,6.2,2.0,2.0,1.0,0,1
STU-000099,2024,mechanical,7.13,70.5,46.0,63.4,16.9,2.0,0.0,5.0,0,1
STU-000100,2027,electronics,7.85,63.8,89.3,78.9,24.6,2.0,1.0,2.0,1,0
STU-000101,2027,computer_science,6.52,78.5,72.2,50.0,8.4,3.0,0.0,5.0,1,1
STU-000102,2026,information_technology,6.64,57.0,68.0,69.1,3.4,5.0,0.0,1.0,1,0
STU-000103,2025,information_technology,6.54,63.5,40.8,61.5,4.6,4.0,0.0,2.0,1,0
STU-000104,2027,electronics,,73.5,85.5,67.6,4.0,4.0,0.0,1.0,2,1
STU-000105,2027,electronics,7.3,21.9,90.8,59.1,11.2,1.0,0.0,2.0,0,1
STU-000106,2026,electronics,6.68,74.4,47.3,56.9,11.8,4.0,0.0,0.0,0,0
STU-000107,2026,electronics,8.82,54.1,65.0,69.4,0.9,1.0,1.0,4.0,0,1
STU-000108,2025,computer_science,10.0,71.5,82.8,42.7,5.5,1.0,0.0,7.0,0,1
STU-000109,2024,computer_science,6.45,81.9,,81.5,,2.0,1.0,1.0,1,1
STU-000110,2027,computer_science,7.44,54.3,76.2,63.5,10.9,0.0,0.0,1.0,1,0
STU-000111,2026,information_technology,8.29,53.8,77.6,54.3,5.8,1.0,2.0,4.0,0,1
STU-000112,2025,information_technology,6.79,56.8,44.6,67.2,9.5,4.0,1.0,0.0,2,0
STU-000113,2025,electronics,5.96,34.1,13.6,52.3,40.0,1.0,0.0,2.0,0,0
STU-000114,2026,computer_science,9.1,95.2,69.1,63.1,9.6,7.0,0.0,1.0,1,1
STU-000115,2024,electronics,7.89,59.1,39.3,63.2,4.0,3.0,,3.0,1,0
STU-000116,2027,computer_science,7.47,83.6,29.9,79.6,7.3,2.0,1.0,1.0,0,1
STU-000117,2027,information_technology,8.77,56.5,68.4,65.9,18.9,0.0,0.0,,0,0
STU-000118,2026,electronics,7.99,60.5,81.3,46.3,6.8,1.0,0.0,1.0,0,0
STU-000119,2026,computer_science,7.04,72.3,51.5,70.1,8.5,2.0,2.0,3.0,0,0
STU-000120,2026,information_technology,5.98,39.4,71.1,72.1,22.6,3.0,0.0,3.0,0,0
STU-000121,2026,information_technology,6.53,55.5,64.4,39.4,4.1,1.0,2.0,3.0,3,0
STU-000122,2026,electronics,8.49,74.6,37.6,45.4,10.6,4.0,1.0,3.0,0,1
STU-000123,2024,computer_science,7.88,56.6,49.1,90.1,7.3,0.0,0.0,4.0,0,0
STU-000124,2025,civil,6.89,50.5,72.9,57.4,12.2,0.0,1.0,6.0,0,1
STU-000125,2024,civil,9.13,79.0,54.0,57.7,7.1,3.0,1.0,2.0,0,1
STU-000126,2026,mechanical,6.92,78.9,68.6,61.5,3.0,,2.0,2.0,0,0
STU-000127,2025,computer_science,8.24,83.9,53.0,53.0,3.7,0.0,0.0,2.0,1,0
STU-000128,2024,electronics,7.35,48.6,68.7,37.2,21.3,1.0,0.0,2.0,0,1
STU-000129,2024,computer_science,9.32,54.0,71.6,46.3,10.2,4.0,1.0,,0,0
STU-000130,2026,mechanical,7.97,52.9,54.6,53.1,8.1,1.0,1.0,4.0,0,0
STU-000131,2024,information_technology,7.15,69.1,67.4,55.0,25.2,0.0,3.0,5.0,1,0
STU-000132,2027,computer_science,6.89,39.8,17.9,51.2,12.5,2.0,1.0,1.0,0,0
STU-000133,2026,computer_science,7.08,41.1,,41.1,6.7,2.0,2.0,1.0,2,0
STU-000134,2025,mechanical,6.27,,44.2,54.3,11.5,3.0,0.0,1.0,0,0
STU-000135,2026,mechanical,5.53,41.0,69.0,77.6,21.1,1.0,1.0,2.0,0,0
STU-000136,2024,information_technology,7.46,72.2,32.2,52.6,16.4,2.0,2.0,1.0,0,1
STU-000137,2027,information_technology,6.49,69.2,52.4,59.4,6.9,3.0,0.0,,0,0
STU-000138,2026,,6.48,49.7,58.3,82.2,10.7,6.0,0.0,0.0,0,1
STU-000139,2027,mechanical,7.0,55.1,59.2,52.4,8.4,3.0,1.0,1.0,0,1
STU-000140,2024,mechanical,7.16,,54.0,100.0,37.7,0.0,0.0,2.0,2,0
STU-000141,2026,information_technology,7.11,51.4,44.9,74.5,16.2,1.0,0.0,3.0,1,1
STU-000142,2026,electronics,9.1,80.9,59.2,63.1,4.8,4.0,1.0,2.0,0,1
STU-000143,2027,mechanical,7.86,52.0,75.0,58.5,,0.0,0.0,1.0,0,0
STU-000144,2026,computer_science,9.52,46.7,53.4,80.8,2.2,1.0,0.0,2.0,1,0
STU-000145,2026,,6.6,77.8,16.7,52.3,2.0,0.0,0.0,0.0,0,0
STU-000146,2025,computer_science,8.0,43.3,66.9,55.9,10.9,1.0,0.0,3.0,2,1
STU-000147,2025,information_technology,6.66,80.5,79.1,84.5,10.7,0.0,1.0,2.0,3,1
STU-000148,2026,mechanical,6.45,100.0,34.9,56.7,11.1,4.0,0.0,1.0,1,0
STU-000149,2026,computer_science,9.57,61.5,88.4,55.5,14.4,2.0,,1.0,0,1
STU-000150,2024,information_technology,6.22,75.1,60.7,52.7,7.7,5.0,0.0,1.0,1,0
STU-000151,2027,computer_science,4.53,28.0,25.5,34.9,17.4,1.0,2.0,1.0,0,0
STU-000152,2027,mechanical,6.29,30.9,40.2,76.2,7.0,1.0,0.0,3.0,4,0
STU-000153,2024,mechanical,4.79,41.6,33.5,61.4,11.2,,0.0,5.0,0,0
STU-000154,2026,,6.01,68.3,53.9,77.0,5.3,2.0,2.0,0.0,0,0
STU-000155,2024,electronics,6.11,56.3,48.4,59.6,8.4,0.0,0.0,1.0,0,0
STU-000156,2026,computer_science,7.14,55.5,74.4,56.1,6.8,2.0,1.0,3.0,1,0
STU-000157,2025,mechanical,4.74,34.1,60.4,,8.4,2.0,0.0,3.0,0,0
STU-000158,2026,electronics,8.48,59.0,34.6,71.6,14.8,0.0,0.0,1.0,1,0
STU-000159,2027,computer_science,4.94,44.2,22.6,50.7,17.0,2.0,0.0,1.0,0,0
STU-000160,2027,civil,6.95,44.1,65.3,67.4,18.4,3.0,2.0,3.0,0,1
STU-000161,2024,computer_science,6.73,42.3,45.1,62.5,7.0,2.0,0.0,4.0,1,0
STU-000162,2027,electronics,8.05,63.0,56.2,47.4,12.2,1.0,0.0,5.0,0,0
STU-000163,2025,computer_science,7.5,48.2,66.3,55.7,5.3,4.0,1.0,2.0,0,1
STU-000164,2024,electronics,8.46,60.8,75.5,62.1,14.2,1.0,0.0,2.0,0,0
STU-000165,2026,computer_science,6.68,30.8,32.8,57.7,2.8,3.0,0.0,2.0,1,0
STU-000166,2025,computer_science,6.57,64.7,15.5,88.5,27.9,4.0,1.0,3.0,0,1
STU-000167,2027,information_technology,7.57,62.8,55.4,65.3,5.8,4.0,1.0,1.0,1,0
STU-000168,2027,civil,8.28,57.1,45.6,59.3,12.8,3.0,0.0,2.0,0,0
STU-000169,2025,computer_science,8.05,,60.3,56.9,40.0,3.0,2.0,3.0,0,1
STU-000170,2027,electronics,7.47,73.0,55.4,58.8,7.5,2.0,0.0,5.0,0,1
STU-000171,2025,information_technology,7.37,37.0,39.9,53.5,13.0,0.0,0.0,1.0,3,0
STU-000172,2026,mechanical,7.06,59.1,90.7,50.5,3.0,1.0,0.0,3.0,0,0
STU-000173,2025,computer_science,7.57,39.6,57.6,70.4,12.2,2.0,1.0,4.0,0,0
STU-000174,2027,information_technology,9.44,64.2,,83.6,4.0,2.0,1.0,5.0,0,1
STU-000175,2024,civil,6.82,53.8,56.0,55.7,9.1,0.0,1.0,3.0,1,0
STU-000176,2024,computer_science,6.68,57.0,62.7,68.0,2.5,2.0,0.0,3.0,0,0
STU-000177,2026,information_technology,6.59,69.9,42.6,52.7,11.9,3.0,0.0,2.0,0,1
STU-000178,2027,mechanical,7.55,71.4,96.6,63.5,8.1,1.0,1.0,1.0,0,0
STU-000179,2027,computer_science,4.66,69.6,19.8,43.7,7.8,1.0,1.0,4.0,0,0
STU-000180,2027,information_technology,6.94,51.9,30.1,50.1,2.1,1.0,0.0,1.0,0,0
STU-000181,2027,computer_science,8.11,70.8,32.3,49.6,10.8,3.0,0.0,1.0,0,1
STU-000182,2027,mechanical,6.49,64.6,53.0,60.0,7.9,3.0,0.0,3.0,1,0
STU-000183,2026,,7.31,53.1,64.3,45.6,5.6,2.0,0.0,4.0,1,0
STU-000184,2025,electronics,9.53,64.8,59.5,30.6,4.5,4.0,0.0,0.0,0,0
STU-000185,2027,electronics,7.48,57.0,64.9,42.8,13.7,0.0,2.0,2.0,0,0
STU-000186,2026,information_technology,4.52,74.0,52.9,59.6,11.4,4.0,1.0,0.0,2,0
STU-000187,2025,computer_science,5.48,67.1,42.8,50.9,9.7,0.0,1.0,0.0,1,0
STU-000188,2024,computer_science,6.81,52.6,61.5,,32.8,3.0,0.0,1.0,0,0
STU-000189,2027,computer_science,6.18,50.3,48.4,65.7,18.1,5.0,1.0,2.0,0,0
STU-000190,2025,computer_science,7.22,72.8,48.9,50.5,14.0,2.0,1.0,2.0,2,0
STU-000191,2027,electronics,6.76,77.6,,60.9,9.8,4.0,0.0,1.0,0,0
STU-000192,2025,computer_science,8.44,65.6,64.7,91.9,13.2,1.0,1.0,3.0,0,0
STU-000193,2024,computer_science,,65.6,71.1,,25.5,3.0,0.0,1.0,0,0
STU-000194,2027,information_technology,6.86,77.3,34.0,,2.7,1.0,1.0,0.0,0,0
STU-000195,2024,computer_science,7.35,56.1,48.2,67.3,11.5,2.0,1.0,3.0,0,0
STU-000196,2024,computer_science,7.49,60.2,59.7,50.6,12.8,0.0,0.0,6.0,0,0
STU-000197,2026,computer_science,7.27,65.8,85.9,53.7,4.1,3.0,0.0,2.0,0,1
STU-000198,2027,computer_science,4.33,46.2,51.6,60.7,10.1,2.0,0.0,2.0,0,0
STU-000199,2025,information_technology,7.2,83.9,42.0,,15.1,3.0,0.0,3.0,0,0
STU-000200,2025,electronics,6.93,51.3,,49.0,14.1,2.0,0.0,3.0,1,0
STU-000201,2027,mechanical,8.09,61.1,76.1,69.8,9.6,4.0,1.0,1.0,2,0
STU-000202,2027,electronics,7.93,88.6,53.4,83.7,11.3,3.0,3.0,1.0,1,1
STU-000203,2026,electronics,7.38,30.8,35.6,35.2,10.2,3.0,0.0,2.0,1,0
STU-000204,2024,civil,7.46,62.2,74.1,67.5,3.2,1.0,1.0,3.0,1,0
STU-000205,2024,information_technology,8.66,51.4,66.9,60.7,7.2,2.0,2.0,,0,0
STU-000206,2025,electronics,8.42,60.8,40.4,57.8,40.0,3.0,0.0,2.0,1,1
STU-000207,2024,information_technology,7.42,40.7,33.9,66.6,10.2,3.0,0.0,2.0,1,0
STU-000208,2026,computer_science,9.57,57.6,28.4,81.3,6.7,1.0,1.0,6.0,0,0
STU-000209,2024,computer_science,6.38,57.1,41.9,65.6,14.9,1.0,2.0,5.0,1,0
STU-000210,2026,computer_science,,59.0,55.1,75.4,2.6,0.0,0.0,1.0,0,0
STU-000211,2026,mechanical,7.09,71.6,71.7,61.5,7.2,3.0,2.0,2.0,0,1
STU-000212,2026,computer_science,6.67,22.5,60.9,67.1,7.9,1.0,0.0,3.0,0,0
STU-000213,2025,electronics,4.26,50.6,21.9,54.4,14.9,1.0,0.0,1.0,1,0
STU-000214,2027,mechanical,6.35,54.1,47.6,62.5,10.2,2.0,0.0,3.0,0,0
STU-000215,2026,information_technology,7.5,58.0,81.3,58.2,10.5,1.0,0.0,2.0,0,0
STU-000216,2027,computer_science,7.03,58.6,46.4,63.5,9.7,3.0,1.0,2.0,1,0
STU-000217,2024,information_technology,6.21,44.0,64.9,38.8,4.8,0.0,0.0,1.0,0,0
STU-000218,2024,information_technology,7.15,35.1,66.6,46.4,10.6,2.0,0.0,2.0,2,0
STU-000219,2027,civil,7.24,61.7,68.9,78.6,11.2,2.0,1.0,2.0,1,0
STU-000220,2025,electronics,7.92,44.9,66.0,81.5,7.9,3.0,1.0,3.0,1,0
STU-000221,2025,electronics,6.36,62.8,65.3,37.8,13.0,2.0,0.0,4.0,0,0
STU-000222,2026,information_technology,,46.2,34.2,54.1,5.7,0.0,1.0,4.0,1,0
STU-000223,2026,electronics,5.85,66.1,76.1,51.5,7.6,4.0,1.0,2.0,0,1
STU-000224,2027,electronics,6.52,56.2,22.4,65.5,20.8,5.0,0.0,2.0,0,1
STU-000225,2025,computer_science,9.05,62.3,68.5,60.8,6.0,1.0,0.0,3.0,0,0
STU-000226,2027,computer_science,5.92,52.1,49.9,71.5,7.1,1.0,1.0,1.0,0,0
STU-000227,2024,computer_science,6.34,50.6,41.7,43.1,11.6,1.0,1.0,4.0,1,0
STU-000228,2026,information_technology,5.66,51.8,33.1,,23.2,4.0,1.0,1.0,1,0
STU-000229,2026,mechanical,6.15,74.0,60.9,57.3,16.2,2.0,0.0,4.0,0,0
STU-000230,2024,electronics,7.26,35.5,69.7,,11.2,1.0,0.0,3.0,0,0
STU-000231,2024,information_technology,7.91,50.1,56.9,68.2,9.5,4.0,0.0,4.0,1,0
STU-000232,2025,civil,7.08,74.0,50.4,58.5,2.0,2.0,0.0,5.0,1,0
STU-000233,2027,computer_science,6.73,69.7,75.7,60.6,10.8,1.0,1.0,3.0,0,1
STU-000234,2026,computer_science,5.67,,42.5,80.7,5.3,0.0,0.0,1.0,2,0
STU-000235,2027,civil,6.26,55.6,51.3,63.0,5.0,2.0,1.0,1.0,0,0
STU-000236,2027,civil,5.32,34.9,44.8,89.2,3.9,1.0,2.0,1.0,2,0
STU-000237,2026,electronics,7.95,43.3,100.0,29.4,16.3,5.0,0.0,3.0,0,1
STU-000238,2027,computer_science,8.03,55.6,44.8,61.9,6.6,1.0,2.0,3.0,0,1
STU-000239,2024,civil,7.05,69.5,69.3,46.4,3.5,2.0,0.0,6.0,1,0
STU-000240,2024,mechanical,7.61,55.4,28.5,49.0,8.4,2.0,0.0,3.0,0,0
STU-000241,2027,electronics,8.11,55.2,43.1,52.8,21.8,1.0,1.0,2.0,2,0
STU-000242,2027,computer_science,7.22,64.4,50.6,74.9,4.4,4.0,0.0,0.0,1,0
STU-000243,2025,information_technology,8.7,61.8,59.6,56.3,23.6,2.0,0.0,4.0,0,1
STU-000244,2026,mechanical,5.92,,46.0,46.0,12.1,0.0,1.0,2.0,0,0
STU-000245,2026,mechanical,6.7,42.4,52.1,71.2,23.4,1.0,,4.0,0,1
STU-000246,2027,electronics,6.56,71.3,41.5,45.4,8.2,0.0,1.0,3.0,1,0
STU-000247,2026,information_technology,7.84,75.4,80.3,85.4,15.6,4.0,0.0,,0,0
STU-000248,2025,electronics,5.45,39.0,31.8,43.9,28.3,1.0,1.0,1.0,0,0
STU-000249,2025,information_technology,8.77,55.5,74.7,58.0,,1.0,0.0,1.0,0,0
STU-000250,2026,information_technology,7.75,69.5,69.5,88.9,8.7,0.0,1.0,1.0,1,0
STU-000251,2026,computer_science,9.11,45.2,47.3,57.5,10.6,3.0,2.0,3.0,0,0
STU-000252,2027,computer_science,7.05,63.6,49.0,67.9,11.6,2.0,0.0,2.0,0,0
STU-000253,2026,mechanical,6.47,52.0,52.8,60.5,0.7,2.0,0.0,0.0,0,0
STU-000254,2025,computer_science,7.86,41.5,86.9,62.0,12.9,1.0,1.0,1.0,0,1
STU-000255,2025,computer_science,8.29,87.2,53.9,50.5,11.0,4.0,2.0,0.0,1,0
STU-000256,2027,civil,6.28,51.4,100.0,68.3,7.2,1.0,0.0,2.0,2,1
STU-000257,2027,electronics,4.8,61.5,59.3,80.6,38.6,2.0,0.0,2.0,0,0
STU-000258,2024,computer_science,5.0,37.2,52.8,34.8,17.9,5.0,1.0,3.0,1,0
STU-000259,2024,computer_science,7.4,82.1,71.6,49.1,23.9,1.0,0.0,2.0,0,1
STU-000260,2026,mechanical,8.87,91.0,33.3,54.3,7.7,0.0,1.0,0.0,0,0
STU-000261,2024,information_technology,5.6,,69.3,49.6,6.4,1.0,1.0,1.0,1,0
STU-000262,2027,information_technology,6.79,55.1,31.7,,13.4,1.0,0.0,0.0,0,0
STU-000263,2025,,6.7,77.3,68.6,53.5,10.3,3.0,1.0,2.0,0,1
STU-000264,2024,computer_science,9.31,55.6,54.2,63.1,6.9,1.0,0.0,0.0,4,0
STU-000265,2027,electronics,9.7,69.5,52.2,82.9,7.0,,1.0,1.0,0,0
STU-000266,2024,computer_science,7.59,34.0,87.5,36.9,3.2,1.0,0.0,2.0,0,0
STU-000267,2025,information_technology,8.13,48.4,57.8,66.4,18.2,2.0,0.0,2.0,0,1
STU-000268,2024,computer_science,8.1,64.8,33.4,60.3,16.1,0.0,,3.0,0,0
STU-000269,2024,computer_science,5.63,46.4,66.1,60.3,1.4,0.0,1.0,0.0,0,0
STU-000270,2024,computer_science,7.9,54.4,37.9,49.3,15.9,0.0,1.0,2.0,2,0
STU-000271,2024,mechanical,5.93,33.1,73.8,56.7,29.6,3.0,1.0,2.0,1,0
STU-000272,2024,computer_science,6.9,67.6,54.3,61.9,16.6,1.0,2.0,3.0,0,1
STU-000273,2024,computer_science,8.41,40.7,39.0,59.4,6.1,2.0,,3.0,0,0
STU-000274,2026,computer_science,7.19,81.5,,71.8,11.5,2.0,1.0,2.0,1,1
STU-000275,2026,electronics,8.37,50.5,69.3,46.7,2.1,0.0,1.0,1.0,2,0
STU-000276,2025,information_technology,8.59,73.2,25.3,42.4,4.8,2.0,1.0,3.0,1,0
STU-000277,2025,civil,5.08,64.7,,33.9,15.9,2.0,0.0,1.0,1,0
STU-000278,2026,electronics,4.6,,50.5,64.0,4.6,1.0,0.0,4.0,0,0
STU-000279,2027,information_technology,8.44,52.2,64.8,72.6,8.1,2.0,0.0,0.0,0,0
STU-000280,2027,electronics,8.48,54.1,57.8,45.6,9.0,2.0,0.0,1.0,0,0
STU-000281,2024,computer_science,7.4,52.9,,44.3,15.6,0.0,1.0,4.0,1,1
STU-000282,2025,civil,,39.6,66.9,88.4,8.2,,1.0,1.0,0,1
STU-000283,2025,civil,8.13,68.3,60.0,79.9,4.7,0.0,1.0,3.0,1,0
STU-000284,2025,computer_science,8.11,49.9,,80.7,11.8,2.0,0.0,1.0,1,0
STU-000285,2026,electronics,6.75,55.8,56.5,66.9,3.4,1.0,1.0,1.0,1,0
STU-000286,2025,computer_science,8.2,75.5,49.5,71.9,22.1,3.0,0.0,0.0,1,1
STU-000287,2024,information_technology,6.7,66.0,,58.0,3.3,1.0,0.0,0.0,0,0
STU-000288,2025,mechanical,7.38,49.4,37.4,42.1,16.6,1.0,1.0,0.0,1,1
STU-000289,2026,civil,7.33,74.3,54.6,42.8,13.6,1.0,2.0,1.0,0,0
STU-000290,2024,computer_science,6.11,66.2,36.9,62.0,16.4,3.0,0.0,1.0,1,0
STU-000291,2027,electronics,6.25,45.9,49.3,75.0,4.4,1.0,0.0,5.0,1,1
STU-000292,2024,electronics,9.67,55.6,88.3,59.7,5.8,3.0,1.0,1.0,0,1
STU-000293,2027,,6.07,71.2,47.8,70.5,6.4,4.0,0.0,1.0,0,0
STU-000294,2024,electronics,7.53,70.7,59.5,60.7,8.1,2.0,0.0,2.0,0,0
STU-000295,2027,electronics,7.77,37.0,54.2,66.3,3.4,3.0,0.0,2.0,0,0
STU-000296,2027,mechanical,7.04,43.0,77.4,72.8,9.2,2.0,0.0,1.0,0,0
STU-000297,2027,civil,7.87,70.2,86.7,80.6,9.3,4.0,1.0,1.0,0,0
STU-000298,2027,computer_science,7.48,41.3,,66.0,16.2,2.0,0.0,1.0,1,0
STU-000299,2027,computer_science,6.1,68.3,63.8,89.2,8.8,0.0,0.0,2.0,1,0
STU-000300,2026,computer_science,7.72,88.5,93.4,58.7,2.0,2.0,0.0,1.0,0,0
STU-000301,2027,computer_science,6.47,62.5,33.2,80.5,2.6,4.0,1.0,3.0,0,1
STU-000302,2024,information_technology,9.1,48.4,80.1,70.2,5.2,3.0,0.0,2.0,1,1
STU-000303,2026,mechanical,7.59,61.8,27.8,36.4,7.9,3.0,2.0,4.0,0,0
STU-000304,2026,information_technology,6.29,72.1,52.7,81.8,24.8,2.0,0.0,0.0,0,1
STU-000305,2027,,7.49,60.5,54.6,49.1,18.5,0.0,0.0,2.0,2,1
STU-000306,2026,information_technology,6.04,63.3,22.1,58.5,,1.0,1.0,6.0,0,0
STU-000307,2025,computer_science,7.4,46.8,75.1,74.2,5.5,1.0,0.0,4.0,0,0
STU-000308,2026,mechanical,6.84,46.8,56.9,51.6,9.4,2.0,0.0,2.0,1,0
STU-000309,2025,electronics,6.15,69.9,35.8,61.0,9.4,0.0,2.0,2.0,0,0
STU-000310,2024,information_technology,6.13,45.6,57.1,71.2,8.7,4.0,1.0,2.0,0,1
STU-000311,2026,civil,9.9,25.0,82.0,50.5,3.3,3.0,2.0,2.0,2,0
STU-000312,2025,information_technology,7.21,53.8,25.8,58.7,6.6,3.0,0.0,2.0,0,0
STU-000313,2025,computer_science,6.6,61.9,0.0,57.1,,1.0,3.0,0.0,1,0
STU-000314,2025,information_technology,6.4,72.7,51.9,75.5,11.3,2.0,1.0,1.0,1,0
STU-000315,2025,electronics,7.64,84.0,44.5,84.0,18.3,4.0,1.0,,1,1
STU-000316,2025,information_technology,6.37,58.0,75.2,,6.4,3.0,0.0,2.0,0,0
STU-000317,2025,mechanical,5.84,65.6,44.1,63.1,10.8,1.0,1.0,3.0,0,0
STU-000318,2026,information_technology,7.06,59.9,60.5,54.7,0.5,5.0,0.0,5.0,0,0
STU-000319,2025,information_technology,,63.4,52.0,62.4,10.4,3.0,,3.0,0,0
STU-000320,2027,mechanical,6.62,54.4,27.2,86.7,1.0,1.0,1.0,3.0,1,0
STU-000321,2027,information_technology,6.08,61.9,51.8,67.3,4.1,2.0,0.0,2.0,0,1
STU-000322,2026,information_technology,6.65,46.4,31.1,54.1,5.6,2.0,2.0,0.0,2,0
STU-000323,2025,computer_science,6.56,86.8,29.9,42.8,11.3,2.0,1.0,,0,0
STU-000324,2026,information_technology,6.4,20.9,33.9,76.0,9.4,2.0,1.0,0.0,0,1
STU-000325,2027,information_technology,7.42,67.4,36.5,55.6,1.9,0.0,0.0,2.0,1,0
STU-000326,2026,computer_science,9.66,68.1,62.1,51.1,11.4,2.0,0.0,3.0,0,1
STU-000327,2027,electronics,8.63,66.8,54.9,66.3,24.4,3.0,1.0,3.0,0,1
STU-000328,2026,computer_science,9.33,44.9,69.2,70.1,,3.0,0.0,2.0,0,1
STU-000329,2026,computer_science,6.45,31.7,26.0,56.8,6.3,2.0,2.0,0.0,0,0
STU-000330,2025,electronics,9.03,71.1,58.8,48.8,7.8,1.0,2.0,2.0,1,1
STU-000331,2027,computer_science,7.36,78.8,48.3,,7.5,3.0,0.0,5.0,2,0
STU-000332,2025,electronics,8.23,63.8,63.4,71.6,15.8,3.0,1.0,3.0,1,1
STU-000333,2026,electronics,7.63,71.3,61.7,75.8,13.4,1.0,,3.0,0,1
STU-000334,2027,computer_science,6.71,50.5,56.5,57.0,,2.0,0.0,3.0,1,0
STU-000335,2024,computer_science,7.93,64.8,41.9,50.4,8.1,4.0,2.0,2.0,0,1
STU-000336,2026,information_technology,7.66,77.7,58.1,54.5,13.4,2.0,0.0,2.0,2,0
STU-000337,2024,computer_science,5.07,49.4,38.5,40.7,1.7,1.0,1.0,3.0,0,0
STU-000338,2027,information_technology,6.96,75.7,77.2,57.3,26.5,0.0,1.0,,0,0
STU-000339,2024,electronics,8.1,35.7,61.3,52.5,16.3,,0.0,2.0,0,0
STU-000340,2027,electronics,7.42,49.6,58.0,60.9,17.5,2.0,1.0,4.0,1,0
STU-000341,2024,information_technology,7.64,67.5,35.8,62.7,31.4,1.0,0.0,1.0,1,0
STU-000342,2027,civil,6.24,85.0,41.9,63.3,15.9,6.0,1.0,2.0,0,1
STU-000343,2027,computer_science,7.39,59.0,61.0,53.8,3.7,1.0,0.0,1.0,1,0
STU-000344,2026,mechanical,,42.5,53.6,45.4,10.0,0.0,0.0,0.0,0,0
STU-000345,2027,mechanical,6.87,85.9,52.9,41.8,15.7,3.0,2.0,1.0,0,0
STU-000346,2027,information_technology,6.32,54.7,22.5,64.7,9.8,2.0,0.0,3.0,2,0
STU-000347,2027,computer_science,8.15,70.3,45.8,63.9,10.6,1.0,0.0,1.0,0,0
STU-000348,2025,computer_science,7.5,54.0,52.3,42.5,18.9,3.0,0.0,2.0,0,1
STU-000349,2026,civil,7.38,60.9,77.0,82.0,8.0,1.0,2.0,1.0,0,0
STU-000350,2024,computer_science,9.46,54.5,32.7,73.7,21.6,1.0,1.0,3.0,1,1
STU-000351,2026,mechanical,7.64,93.2,39.8,47.7,5.8,3.0,1.0,0.0,0,1
STU-000352,2024,information_technology,8.48,78.8,28.7,65.7,10.6,0.0,1.0,,0,1
STU-000353,2026,information_technology,7.41,85.3,62.2,60.1,2.0,3.0,0.0,2.0,1,1
STU-000354,2026,electronics,6.69,,73.9,65.7,2.0,3.0,1.0,0.0,1,0
STU-000355,2026,computer_science,5.88,28.4,56.7,64.4,35.8,1.0,1.0,5.0,0,0
STU-000356,2026,information_technology,7.38,54.4,66.3,71.4,9.8,3.0,1.0,3.0,2,1
STU-000357,2027,civil,,89.8,25.6,82.7,8.0,3.0,1.0,3.0,0,0
STU-000358,2027,computer_science,7.41,54.0,62.9,66.2,11.3,0.0,0.0,4.0,0,0
STU-000359,2026,civil,7.46,74.7,43.7,69.5,13.5,6.0,3.0,1.0,0,1
STU-000360,2026,civil,6.85,42.3,55.4,82.5,4.1,3.0,0.0,0.0,0,1
STU-000361,2027,computer_science,6.99,45.6,63.5,54.5,15.9,1.0,1.0,2.0,0,0
STU-000362,2024,information_technology,5.66,54.1,44.7,48.9,6.8,2.0,1.0,1.0,1,0
STU-000363,2024,computer_science,8.69,93.0,75.7,71.4,34.2,2.0,0.0,2.0,1,1
STU-000364,2024,electronics,,73.9,51.1,44.9,10.7,3.0,1.0,3.0,0,0
STU-000365,2026,civil,5.98,25.2,55.6,50.7,1.1,0.0,1.0,1.0,0,0
STU-000366,2025,mechanical,7.73,69.5,90.1,83.1,6.5,2.0,0.0,3.0,1,0
STU-000367,2027,civil,7.23,41.2,64.4,37.9,10.6,1.0,0.0,4.0,1,0
STU-000368,2026,computer_science,6.69,47.2,41.0,66.2,3.0,2.0,2.0,2.0,0,0
STU-000369,2025,information_technology,6.57,64.8,45.1,41.8,12.4,2.0,2.0,1.0,0,0
STU-000370,2027,computer_science,7.09,79.2,70.2,67.7,13.7,3.0,0.0,3.0,0,0
STU-000371,2027,mechanical,8.65,81.5,79.3,87.7,8.3,4.0,0.0,2.0,1,1
STU-000372,2025,computer_science,7.64,64.3,56.9,47.8,1.1,5.0,1.0,1.0,1,1
STU-000373,2025,computer_science,7.06,63.3,29.3,32.6,27.6,2.0,2.0,2.0,1,0
STU-000374,2025,computer_science,8.08,80.4,43.2,67.0,2.5,1.0,0.0,1.0,0,1
STU-000375,2024,computer_science,7.13,34.6,58.6,53.2,6.8,2.0,1.0,2.0,0,0
STU-000376,2024,computer_science,7.56,86.5,67.1,59.4,15.2,1.0,0.0,,1,0
STU-000377,2027,computer_science,7.27,47.5,73.2,67.1,13.0,1.0,1.0,3.0,0,1
STU-000378,2026,mechanical,7.78,63.5,23.6,69.9,5.1,2.0,0.0,0.0,0,0
STU-000379,2025,mechanical,6.59,49.7,68.2,70.0,5.0,1.0,0.0,2.0,2,0
STU-000380,2027,computer_science,5.79,38.2,74.4,61.6,9.9,2.0,0.0,2.0,1,0
STU-000381,2026,mechanical,8.14,67.2,18.9,68.1,3.9,0.0,0.0,2.0,0,0
STU-000382,2027,information_technology,,65.2,62.2,,,4.0,1.0,2.0,0,1
STU-000383,2027,mechanical,5.84,54.1,63.3,57.4,16.1,2.0,0.0,0.0,0,0
STU-000384,2026,computer_science,7.31,56.3,32.2,61.8,6.3,1.0,0.0,3.0,0,0
STU-000385,2025,electronics,,80.1,44.8,70.1,8.5,1.0,1.0,2.0,1,0
STU-000386,2027,information_technology,8.12,93.1,69.0,52.9,12.0,1.0,0.0,,0,1
STU-000387,2026,computer_science,7.38,77.6,47.6,65.0,21.0,,0.0,5.0,0,1
STU-000388,2027,electronics,10.0,68.2,60.8,55.6,12.7,2.0,1.0,3.0,0,1
STU-000389,2024,electronics,6.75,32.9,57.8,51.7,6.0,0.0,0.0,2.0,0,0
STU-000390,2027,electronics,8.87,71.1,42.6,76.7,17.8,0.0,2.0,5.0,0,0
STU-000391,2026,information_technology,8.98,,44.8,67.2,15.5,3.0,1.0,2.0,0,0
STU-000392,2024,information_technology,7.71,71.0,65.8,67.3,17.4,3.0,1.0,,0,0
STU-000393,2026,mechanical,7.14,41.2,71.7,48.8,7.4,6.0,0.0,2.0,0,1
STU-000394,2026,computer_science,7.21,71.2,62.6,58.5,19.6,2.0,0.0,2.0,1,0
STU-000395,2024,computer_science,7.11,81.6,78.6,70.4,6.4,3.0,0.0,2.0,0,0
STU-000396,2026,information_technology,8.4,46.1,67.7,67.2,5.0,4.0,0.0,2.0,0,0
STU-000397,2027,computer_science,6.1,66.5,82.8,97.9,19.8,1.0,1.0,0.0,0,1
STU-000398,2025,information_technology,6.91,45.7,55.8,65.1,9.5,3.0,1.0,2.0,1,0
STU-000399,2026,computer_science,6.78,56.0,58.4,52.7,9.7,2.0,1.0,2.0,0,1
STU-000400,2026,electronics,5.11,40.0,54.3,55.9,4.0,4.0,0.0,2.0,0,0
STU-000401,2025,electronics,8.09,54.9,48.7,50.0,4.4,2.0,0.0,1.0,1,0
STU-000402,2027,mechanical,8.32,55.5,47.1,53.0,5.2,1.0,0.0,2.0,0,0
STU-000403,2027,electronics,,62.9,37.2,63.4,6.9,3.0,0.0,2.0,0,0
STU-000404,2024,information_technology,8.28,73.9,50.7,55.5,,1.0,0.0,3.0,0,0
STU-000405,2027,civil,5.28,72.8,83.3,80.7,2.0,2.0,0.0,4.0,0,0
STU-000406,2027,electronics,7.13,48.5,86.5,74.3,15.3,2.0,0.0,4.0,0,0
STU-000407,2025,information_technology,6.95,63.3,,74.1,27.3,2.0,0.0,5.0,1,1
STU-000408,2027,computer_science,7.2,41.9,48.7,,4.0,3.0,0.0,1.0,2,0
STU-000409,2024,electronics,7.19,,19.3,74.8,9.0,3.0,,2.0,3,0
STU-000410,2027,electronics,7.01,58.7,38.1,76.3,16.9,2.0,0.0,1.0,0,0
STU-000411,2026,electronics,6.65,43.5,39.9,84.3,,,1.0,0.0,0,0
STU-000412,2026,mechanical,6.97,66.3,47.4,54.4,6.7,2.0,0.0,0.0,0,0
STU-000413,2024,civil,8.67,59.0,52.0,62.2,17.5,1.0,,4.0,0,1
STU-000414,2027,civil,6.43,59.2,56.4,51.5,3.3,0.0,1.0,5.0,2,0
STU-000415,2024,electronics,9.69,81.8,78.9,98.9,0.7,6.0,4.0,1.0,0,1
STU-000416,2025,civil,6.37,50.3,40.1,59.2,6.9,2.0,0.0,2.0,1,0
STU-000417,2024,civil,,71.5,80.9,79.9,28.7,1.0,0.0,1.0,0,0
STU-000418,2027,,7.76,81.2,63.9,64.2,9.4,0.0,1.0,0.0,1,0
STU-000419,2025,electronics,6.76,78.3,69.2,74.3,35.5,4.0,0.0,4.0,0,0
STU-000420,2027,computer_science,8.69,58.6,54.3,61.8,3.6,3.0,0.0,1.0,0,0
STU-000421,2026,computer_science,7.73,44.9,67.2,74.9,6.0,4.0,1.0,2.0,0,0
STU-000422,2024,computer_science,6.86,47.1,,65.9,15.0,4.0,0.0,1.0,3,0
STU-000423,2024,information_technology,8.68,37.6,86.7,,19.8,0.0,3.0,0.0,1,1
STU-000424,2024,computer_science,5.93,66.2,61.8,66.3,12.9,3.0,1.0,2.0,2,0
STU-000425,2026,computer_science,6.45,,67.3,51.9,6.6,0.0,0.0,2.0,1,0
STU-000426,2027,computer_science,7.75,61.3,49.0,69.3,34.8,2.0,0.0,2.0,0,1
STU-000427,2025,electronics,8.02,39.4,79.4,62.1,8.6,3.0,0.0,1.0,1,1
STU-000428,2027,mechanical,7.47,53.5,35.2,48.2,6.5,1.0,1.0,1.0,0,1
STU-000429,2024,civil,6.95,78.6,45.1,67.3,12.0,0.0,0.0,,0,0
STU-000430,2027,information_technology,6.81,66.8,59.0,53.4,15.9,5.0,0.0,1.0,0,1
STU-000431,2027,computer_science,8.4,72.5,41.0,58.7,6.0,0.0,1.0,4.0,0,1
STU-000432,2027,mechanical,7.38,100.0,40.8,62.6,4.0,0.0,0.0,6.0,1,1
STU-000433,2026,computer_science,6.1,61.1,35.7,33.6,17.2,0.0,0.0,2.0,1,0
STU-000434,2027,civil,6.03,23.7,57.6,56.0,0.6,2.0,1.0,2.0,0,1
STU-000435,2024,electronics,8.84,45.2,59.7,74.9,4.2,3.0,2.0,3.0,0,1
STU-000436,2025,information_technology,6.27,61.1,68.5,59.3,4.2,2.0,0.0,0.0,0,0
STU-000437,2024,computer_science,7.41,59.1,88.6,35.4,6.0,2.0,0.0,1.0,1,0
STU-000438,2026,computer_science,,58.7,66.2,60.9,16.6,2.0,2.0,0.0,0,1
STU-000439,2027,information_technology,7.72,57.1,49.2,68.8,18.2,3.0,0.0,2.0,0,0
STU-000440,2026,information_technology,6.23,44.7,58.2,57.8,9.1,0.0,0.0,3.0,1,0
STU-000441,2027,mechanical,5.93,61.5,35.5,58.3,21.8,4.0,0.0,5.0,0,0
STU-000442,2024,electronics,9.25,83.4,62.9,55.8,26.4,6.0,0.0,1.0,0,1
STU-000443,2027,information_technology,5.9,81.8,92.5,70.7,7.9,3.0,0.0,2.0,1,0
STU-000444,2025,computer_science,6.46,82.5,49.4,50.5,13.9,2.0,2.0,1.0,0,1
STU-000445,2025,information_technology,7.53,44.7,62.3,69.6,,2.0,1.0,0.0,1,1
STU-000446,2026,computer_science,6.85,57.4,51.6,58.2,1.7,2.0,0.0,3.0,0,0
STU-000447,2027,,7.76,54.8,51.1,79.5,9.0,2.0,2.0,2.0,1,0
STU-000448,2026,electronics,5.41,63.7,56.8,55.2,10.7,2.0,3.0,3.0,0,0
STU-000449,2024,mechanical,6.86,56.5,32.8,46.4,13.2,0.0,1.0,4.0,1,0
STU-000450,2026,information_technology,7.88,56.4,55.7,70.7,9.0,0.0,1.0,1.0,0,1
STU-000451,2024,computer_science,7.88,81.6,35.5,68.9,2.4,1.0,0.0,3.0,0,0
STU-000452,2027,mechanical,6.44,58.4,,67.8,6.9,2.0,0.0,2.0,0,0
STU-000453,2026,electronics,5.93,57.7,67.5,73.9,19.3,3.0,0.0,5.0,0,0
STU-000454,2024,electronics,,64.9,43.3,48.0,2.7,1.0,0.0,3.0,1,0
STU-000455,2024,information_technology,5.59,65.3,17.8,51.0,8.8,2.0,2.0,1.0,0,0
STU-000456,2025,mechanical,8.58,71.4,69.6,80.5,6.3,0.0,0.0,6.0,1,1
STU-000457,2027,computer_science,7.28,81.8,55.4,68.1,7.4,2.0,0.0,0.0,1,0
STU-000458,2026,information_technology,6.3,37.3,90.3,55.6,17.6,3.0,1.0,1.0,0,0
STU-000459,2027,mechanical,5.89,60.6,74.4,37.3,30.5,3.0,1.0,2.0,1,0
STU-000460,2026,computer_science,6.37,55.2,63.3,44.6,5.6,0.0,1.0,1.0,0,0
STU-000461,2026,mechanical,5.3,50.1,39.2,48.6,3.2,3.0,1.0,1.0,0,0
STU-000462,2024,information_technology,7.67,70.7,53.2,54.1,4.4,4.0,0.0,0.0,0,0
STU-000463,2027,computer_science,6.18,75.8,56.8,66.3,4.2,1.0,0.0,4.0,1,0
STU-000464,2025,computer_science,7.56,50.2,63.3,42.9,9.3,2.0,3.0,5.0,0,0
STU-000465,2026,mechanical,7.72,84.7,45.8,54.6,17.4,2.0,,3.0,1,0
STU-000466,2026,mechanical,8.21,38.9,36.7,44.3,6.9,4.0,0.0,2.0,0,0
STU-000467,2026,computer_science,7.39,67.6,89.3,56.1,4.9,2.0,1.0,3.0,1,1
STU-000468,2027,computer_science,8.39,47.4,61.2,95.4,17.7,1.0,1.0,2.0,0,0
STU-000469,2024,computer_science,8.69,51.8,69.0,78.6,3.1,1.0,2.0,5.0,1,0
STU-000470,2026,computer_science,7.4,59.7,42.0,70.0,9.5,1.0,1.0,0.0,0,0
STU-000471,2025,electronics,7.47,53.0,80.1,54.7,13.2,4.0,0.0,4.0,0,1
STU-000472,2026,computer_science,6.46,14.0,70.5,46.9,3.8,8.0,0.0,2.0,0,1
STU-000473,2024,computer_science,5.96,65.1,51.9,60.8,9.5,2.0,0.0,0.0,1,0
STU-000474,2024,computer_science,8.57,72.8,64.9,40.3,17.6,0.0,2.0,2.0,1,0
STU-000475,2025,electronics,7.8,57.2,63.0,71.1,6.7,1.0,0.0,2.0,1,0
STU-000476,2025,electronics,7.89,56.2,60.2,59.2,13.4,1.0,0.0,2.0,0,0
STU-000477,2026,electronics,6.42,51.2,62.2,61.6,2.3,1.0,0.0,1.0,0,0
STU-000478,2026,electronics,8.97,36.3,69.3,38.7,5.1,2.0,1.0,5.0,2,0
STU-000479,2026,civil,6.84,30.4,51.4,62.7,3.7,,1.0,0.0,0,0
STU-000480,2025,information_technology,6.18,68.4,31.8,58.7,7.8,4.0,0.0,2.0,0,0
STU-000481,2025,mechanical,6.44,,52.3,48.6,4.8,2.0,0.0,1.0,1,0
STU-000482,2025,electronics,8.91,70.8,75.4,65.1,24.1,3.0,1.0,2.0,0,1
STU-000483,2026,computer_science,5.82,61.3,61.7,56.4,11.6,1.0,1.0,,0,0
STU-000484,2025,mechanical,6.24,68.2,74.3,66.1,3.6,4.0,0.0,0.0,0,0
STU-000485,2024,electronics,10.0,74.7,91.1,70.7,6.3,4.0,0.0,3.0,0,1
STU-000486,2025,electronics,8.18,48.6,71.7,46.8,6.4,3.0,0.0,1.0,0,0
STU-000487,2026,computer_science,6.26,59.9,55.2,63.5,17.8,3.0,0.0,0.0,1,0
STU-000488,2025,information_technology,5.86,51.3,56.3,63.2,12.5,0.0,1.0,2.0,1,0
STU-000489,2026,mechanical,5.18,50.1,37.9,79.4,9.1,1.0,1.0,,0,0
STU-000490,2026,computer_science,7.21,75.5,69.4,73.8,12.8,,2.0,5.0,0,0
STU-000491,2026,computer_science,7.94,,81.3,57.1,19.3,1.0,0.0,2.0,2,0
STU-000492,2026,computer_science,8.85,26.5,80.1,56.0,33.9,5.0,0.0,0.0,0,0
STU-000493,2026,information_technology,4.92,50.0,56.1,64.1,27.0,4.0,4.0,0.0,0,0
STU-000494,2025,mechanical,5.58,50.5,45.2,46.3,10.1,4.0,0.0,4.0,1,0
STU-000495,2027,electronics,6.96,75.3,48.8,,7.3,0.0,1.0,1.0,1,0
STU-000496,2026,civil,10.0,42.2,64.3,55.4,11.6,2.0,0.0,2.0,0,0
STU-000497,2026,information_technology,8.12,15.4,47.1,28.7,15.7,1.0,0.0,6.0,2,1
STU-000498,2026,information_technology,7.53,71.4,61.8,48.1,5.7,2.0,1.0,4.0,0,0
STU-000499,2025,computer_science,5.69,69.8,,57.3,10.6,2.0,2.0,1.0,1,0
STU-000500,2026,computer_science,,26.6,36.5,100.0,11.8,4.0,1.0,2.0,1,0
STU-000501,2027,electronics,7.14,56.4,56.7,53.0,24.5,1.0,0.0,4.0,0,1
STU-000502,2027,,6.99,80.9,97.5,71.2,4.8,1.0,0.0,4.0,1,0
STU-000503,2027,computer_science,6.79,41.4,54.2,59.2,2.3,0.0,0.0,1.0,0,0
STU-000504,2026,mechanical,6.66,58.8,54.4,68.2,2.2,3.0,0.0,1.0,1,1
STU-000505,2026,electronics,6.24,64.1,37.8,46.8,17.9,2.0,2.0,1.0,2,0
STU-000506,2027,computer_science,5.98,34.5,80.1,40.4,21.5,1.0,2.0,0.0,0,0
STU-000507,2025,electronics,8.7,52.9,48.0,81.3,6.9,2.0,0.0,3.0,0,1
STU-000508,2027,information_technology,6.08,30.8,85.9,43.4,15.8,2.0,2.0,2.0,0,0
STU-000509,2026,mechanical,6.78,55.1,,82.8,19.9,2.0,0.0,1.0,0,0
STU-000510,2024,electronics,7.06,46.2,71.2,56.8,12.1,2.0,0.0,2.0,1,0
STU-000511,2024,computer_science,7.91,62.9,57.7,50.4,30.5,3.0,1.0,1.0,0,0
STU-000512,2027,,6.12,65.8,41.9,54.8,8.4,2.0,0.0,2.0,1,0
STU-000513,2024,computer_science,8.22,81.3,77.1,84.4,15.3,3.0,0.0,2.0,2,0
STU-000514,2025,electronics,,91.9,75.3,52.2,0.4,4.0,1.0,4.0,0,1
STU-000515,2025,information_technology,6.91,60.9,51.5,56.7,26.0,3.0,1.0,4.0,0,0
STU-000516,2024,electronics,8.99,57.2,62.5,75.7,10.9,0.0,0.0,3.0,0,1
STU-000517,2025,information_technology,5.99,50.4,43.9,68.6,11.8,1.0,0.0,5.0,1,0
STU-000518,2027,computer_science,7.93,45.4,62.5,91.1,15.6,2.0,0.0,,0,0
STU-000519,2024,computer_science,8.26,67.2,41.4,78.3,18.9,0.0,0.0,2.0,0,1
STU-000520,2027,computer_science,7.46,51.5,11.0,52.3,9.2,0.0,0.0,3.0,1,0
STU-000521,2027,information_technology,6.96,65.7,23.1,80.2,17.9,2.0,0.0,1.0,1,0
STU-000522,2025,information_technology,9.54,49.1,61.4,35.1,8.0,0.0,3.0,1.0,1,0
STU-000523,2024,civil,7.08,51.2,37.1,72.8,22.2,2.0,2.0,1.0,0,0
STU-000524,2026,computer_science,7.33,65.2,54.3,52.8,16.1,3.0,2.0,4.0,0,0
STU-000525,2024,electronics,6.71,55.6,45.1,70.3,,1.0,0.0,3.0,0,0
STU-000526,2025,computer_science,7.27,29.7,44.1,89.5,4.1,3.0,1.0,5.0,1,0
STU-000527,2027,electronics,8.21,60.2,48.8,38.6,18.7,2.0,1.0,3.0,0,0
STU-000528,2027,computer_science,6.78,45.5,70.6,74.9,1.7,1.0,0.0,4.0,0,0
STU-000529,2027,electronics,4.68,71.1,49.7,,8.0,1.0,0.0,1.0,0,0
STU-000530,2025,computer_science,7.69,73.9,84.4,71.2,16.9,5.0,1.0,4.0,0,1
STU-000531,2026,computer_science,5.86,21.5,52.2,48.3,6.2,3.0,1.0,1.0,1,0
STU-000532,2026,information_technology,7.95,71.9,26.3,,10.9,0.0,2.0,3.0,0,0
STU-000533,2025,information_technology,7.1,64.0,37.6,,5.9,0.0,2.0,0.0,1,0
STU-000534,2026,information_technology,8.18,38.1,61.7,68.0,4.0,,1.0,3.0,0,0
STU-000535,2024,computer_science,6.01,69.2,55.2,43.7,21.1,3.0,0.0,3.0,1,0
STU-000536,2025,civil,6.48,37.8,43.0,55.9,4.8,0.0,0.0,1.0,1,0
STU-000537,2026,computer_science,6.71,74.6,40.3,70.8,5.5,2.0,,0.0,0,1
STU-000538,2024,information_technology,5.4,45.1,38.2,51.7,7.6,0.0,1.0,2.0,1,0
STU-000539,2024,mechanical,8.38,38.0,58.1,56.5,7.9,1.0,0.0,4.0,0,0
STU-000540,2027,electronics,5.23,86.3,47.1,49.3,8.6,5.0,1.0,2.0,0,0
STU-000541,2027,computer_science,8.36,37.5,41.8,65.6,20.4,0.0,2.0,2.0,0,0
STU-000542,2026,information_technology,7.59,47.1,61.5,60.1,,3.0,0.0,1.0,0,0
STU-000543,2027,computer_science,6.87,48.6,58.5,51.7,6.6,1.0,0.0,5.0,1,0
STU-000544,2027,information_technology,7.5,52.2,55.1,53.2,8.5,4.0,0.0,2.0,0,0
STU-000545,2024,information_technology,7.47,69.4,45.1,64.2,13.9,2.0,1.0,1.0,1,0
STU-000546,2026,electronics,6.64,58.1,65.0,47.2,,1.0,0.0,1.0,2,1
STU-000547,2025,mechanical,7.44,74.0,79.3,61.4,7.8,1.0,1.0,2.0,1,0
STU-000548,2024,computer_science,7.94,65.5,51.1,62.5,23.2,1.0,0.0,3.0,0,0
STU-000549,2027,computer_science,6.01,30.9,40.4,64.2,9.5,1.0,0.0,1.0,4,0
STU-000550,2026,,7.5,67.2,64.9,54.6,10.3,1.0,1.0,2.0,0,0
STU-000551,2026,information_technology,4.08,55.7,23.4,70.5,8.4,1.0,1.0,2.0,0,1
STU-000552,2024,information_technology,4.88,44.4,24.8,75.5,20.6,2.0,2.0,,0,0
STU-000553,2025,electronics,7.75,90.6,47.0,71.1,25.0,2.0,2.0,2.0,1,1
STU-000554,2027,information_technology,6.62,66.4,58.7,64.9,0.6,3.0,2.0,0.0,0,0
STU-000555,2024,civil,6.12,70.4,36.5,42.0,29.0,0.0,1.0,5.0,0,0
STU-000556,2025,information_technology,7.04,72.7,54.8,85.5,3.2,2.0,0.0,3.0,2,0
STU-000557,2025,computer_science,6.64,51.0,19.4,62.8,17.1,2.0,3.0,2.0,0,0
STU-000558,2026,computer_science,5.96,65.4,61.3,66.4,17.3,1.0,1.0,2.0,2,0
STU-000559,2026,electronics,5.22,59.2,72.3,52.1,3.9,7.0,0.0,,0,0
STU-000560,2026,computer_science,4.84,45.3,30.9,59.0,8.0,2.0,1.0,0.0,0,0
STU-000561,2024,computer_science,7.95,41.6,66.3,78.5,11.4,2.0,0.0,1.0,1,1
STU-000562,2025,computer_science,6.61,57.6,49.9,73.0,29.8,0.0,2.0,3.0,0,1
STU-000563,2027,electronics,8.21,69.2,61.7,57.6,10.9,1.0,1.0,1.0,0,1
STU-000564,2026,civil,6.6,,49.2,83.4,12.1,2.0,0.0,1.0,0,1
STU-000565,2026,information_technology,7.51,56.3,51.9,47.9,19.5,1.0,0.0,1.0,0,0
STU-000566,2026,computer_science,6.96,58.3,40.7,38.5,5.9,1.0,0.0,0.0,0,0
STU-000567,2027,information_technology,7.15,,37.0,35.0,5.4,4.0,2.0,,2,0
STU-000568,2024,information_technology,7.21,81.7,74.5,73.1,15.4,3.0,0.0,1.0,1,0
STU-000569,2025,civil,6.59,61.2,,52.3,12.9,3.0,1.0,1.0,0,1
STU-000570,2026,information_technology,5.69,48.1,49.4,60.0,7.8,,1.0,1.0,0,0
STU-000571,2025,electronics,7.98,32.8,57.8,77.3,19.1,3.0,1.0,4.0,0,0
STU-000572,2027,civil,8.93,58.9,61.9,66.6,25.4,1.0,0.0,0.0,2,0
STU-000573,2026,electronics,9.01,53.4,74.3,45.4,18.8,3.0,2.0,1.0,0,1
STU-000574,2027,computer_science,6.46,47.7,46.6,84.7,7.4,4.0,0.0,3.0,0,0
STU-000575,2027,electronics,6.26,70.7,63.1,57.9,10.4,1.0,0.0,3.0,1,0
STU-000576,2026,information_technology,6.46,58.1,86.6,61.1,6.1,3.0,0.0,,1,1
STU-000577,2027,information_technology,6.9,32.6,52.0,52.0,23.4,4.0,2.0,1.0,1,1
STU-000578,2026,civil,7.04,67.4,20.6,46.4,10.2,0.0,0.0,4.0,1,0
STU-000579,2027,computer_science,5.95,,48.4,65.2,2.5,3.0,0.0,4.0,0,0
STU-000580,2025,information_technology,5.4,65.2,44.5,41.8,15.1,4.0,,2.0,0,0
STU-000581,2026,computer_science,7.16,51.2,62.5,60.8,,1.0,1.0,0.0,0,0
STU-000582,2026,computer_science,4.0,53.3,9.1,84.2,9.4,2.0,1.0,3.0,2,0
STU-000583,2024,electronics,6.98,57.6,60.5,72.5,2.7,4.0,0.0,1.0,0,0
STU-000584,2025,electronics,6.01,53.8,43.9,64.8,5.9,2.0,0.0,2.0,1,0
STU-000585,2027,electronics,8.0,63.1,72.6,46.6,11.1,1.0,0.0,3.0,2,0
STU-000586,2026,computer_science,8.3,61.8,51.4,61.2,16.9,3.0,0.0,5.0,1,0
STU-000587,2024,computer_science,8.33,88.7,75.1,50.9,13.5,3.0,1.0,2.0,0,1
STU-000588,2025,information_technology,6.7,60.8,,82.2,5.2,2.0,0.0,2.0,1,0
STU-000589,2025,information_technology,5.79,59.3,50.5,55.4,6.8,7.0,1.0,1.0,1,0
STU-000590,2024,mechanical,6.16,45.7,35.1,51.0,4.8,0.0,1.0,0.0,0,0
STU-000591,2027,electronics,7.43,64.6,48.4,59.0,8.3,5.0,0.0,0.0,1,1
STU-000592,2026,mechanical,5.21,39.1,94.1,51.1,16.5,2.0,0.0,3.0,0,0
STU-000593,2025,mechanical,8.7,,45.7,65.3,7.0,5.0,1.0,1.0,1,0
STU-000594,2026,information_technology,,35.2,47.5,87.5,8.1,3.0,1.0,1.0,0,0
STU-000595,2024,electronics,7.68,46.7,38.3,62.1,9.6,0.0,,3.0,0,0
STU-000596,2025,electronics,5.05,29.7,42.0,49.1,3.2,2.0,1.0,1.0,0,0
STU-000597,2026,civil,6.04,62.4,48.6,59.8,11.5,0.0,0.0,2.0,1,0
STU-000598,2026,information_technology,4.91,47.5,34.1,44.2,10.7,2.0,0.0,2.0,1,0
STU-000599,2027,electronics,8.27,70.8,86.9,100.0,10.9,2.0,0.0,0.0,0,1
STU-000600,2026,information_technology,6.92,43.2,74.3,87.2,4.8,1.0,1.0,2.0,0,0
STU-000601,2026,electronics,7.76,67.5,41.9,,28.4,0.0,0.0,2.0,1,0
STU-000602,2027,civil,7.17,67.0,69.6,72.5,29.6,0.0,0.0,2.0,0,1
STU-000603,2027,civil,7.64,62.5,49.4,59.7,8.0,3.0,0.0,0.0,0,0
STU-000604,2027,computer_science,6.71,57.9,32.9,60.0,1.8,1.0,2.0,1.0,1,0
STU-000605,2027,computer_science,6.87,59.8,42.3,58.9,0.6,3.0,1.0,0.0,1,0
STU-000606,2027,electronics,6.99,44.3,33.6,95.3,4.2,5.0,1.0,2.0,0,1
STU-000607,2027,electronics,7.57,43.0,73.3,59.3,4.5,4.0,0.0,4.0,1,0
STU-000608,2024,civil,7.6,67.4,42.5,54.1,8.6,2.0,0.0,1.0,0,1
STU-000609,2027,computer_science,10.0,58.5,88.9,60.5,5.9,2.0,,4.0,0,0
STU-000610,2026,mechanical,9.03,,65.5,69.2,6.9,2.0,0.0,2.0,1,0
STU-000611,2026,electronics,5.05,77.4,40.4,13.2,19.1,7.0,0.0,6.0,0,0
STU-000612,2026,computer_science,6.94,51.0,46.2,67.5,6.5,5.0,0.0,2.0,1,0
STU-000613,2027,,6.63,48.3,83.3,26.4,23.5,3.0,0.0,2.0,0,1
STU-000614,2027,electronics,8.57,56.3,61.5,82.6,9.9,1.0,1.0,1.0,0,0
STU-000615,2025,computer_science,6.74,58.1,45.4,37.9,10.4,3.0,1.0,4.0,3,0
STU-000616,2027,mechanical,7.63,68.5,72.0,50.8,17.1,1.0,2.0,4.0,0,0
STU-000617,2027,information_technology,4.41,52.4,54.6,35.2,19.1,2.0,0.0,2.0,2,0
STU-000618,2025,information_technology,5.36,85.9,31.6,87.2,13.2,4.0,0.0,2.0,0,0
STU-000619,2024,computer_science,9.51,69.3,65.1,61.8,9.8,8.0,0.0,5.0,0,1
STU-000620,2024,civil,7.16,70.0,24.9,93.2,7.1,4.0,2.0,2.0,2,0
STU-000621,2027,electronics,5.95,55.4,50.2,89.8,2.0,4.0,0.0,2.0,0,1
STU-000622,2026,mechanical,7.38,73.9,61.9,79.5,17.9,3.0,1.0,4.0,0,0
STU-000623,2027,mechanical,5.89,52.7,58.2,42.4,14.8,1.0,0.0,4.0,1,0
STU-000624,2026,electronics,6.77,47.9,37.1,64.3,6.9,0.0,1.0,3.0,0,0
STU-000625,2027,civil,5.43,,36.2,81.1,6.5,1.0,1.0,,1,0
STU-000626,2025,electronics,6.19,55.5,56.0,67.4,19.7,2.0,0.0,4.0,0,0
STU-000627,2027,information_technology,6.62,60.9,74.7,56.8,0.6,,0.0,3.0,1,0
STU-000628,2024,computer_science,8.39,75.5,62.1,66.9,9.9,3.0,2.0,0.0,0,1
STU-000629,2026,computer_science,7.63,61.4,48.0,68.3,8.7,2.0,0.0,3.0,2,0
STU-000630,2027,electronics,7.83,57.4,74.8,41.3,18.0,0.0,0.0,1.0,1,1
STU-000631,2027,computer_science,7.07,50.1,57.5,54.1,14.7,2.0,0.0,2.0,2,0
STU-000632,2027,electronics,8.05,76.0,62.2,71.1,3.9,1.0,0.0,1.0,1,0
STU-000633,2024,civil,6.1,51.1,64.9,74.2,6.3,2.0,2.0,1.0,1,0
STU-000634,2025,information_technology,6.26,55.7,50.4,65.4,1.3,4.0,0.0,2.0,2,0
STU-000635,2024,computer_science,7.57,63.4,41.4,56.3,,5.0,2.0,0.0,1,1
STU-000636,2024,electronics,6.78,61.8,51.5,59.3,6.6,5.0,0.0,0.0,0,0
STU-000637,2026,computer_science,,73.4,74.2,51.4,3.4,3.0,1.0,0.0,0,0
STU-000638,2026,mechanical,,56.8,86.8,60.5,4.4,2.0,0.0,0.0,0,0
STU-000639,2027,information_technology,8.54,81.7,40.4,73.9,25.9,3.0,0.0,0.0,0,1
STU-000640,2027,information_technology,8.6,57.5,89.2,96.0,7.1,6.0,1.0,1.0,1,1
STU-000641,2027,electronics,6.38,62.3,46.3,45.1,12.5,,2.0,2.0,1,0
STU-000642,2027,information_technology,5.08,51.4,47.7,79.7,1.5,4.0,3.0,1.0,1,1
STU-000643,2024,computer_science,6.28,88.0,81.0,67.4,16.5,2.0,0.0,1.0,1,0
STU-000644,2025,computer_science,6.07,50.9,44.3,39.6,12.9,1.0,1.0,2.0,1,0
STU-000645,2026,information_technology,8.06,56.2,54.6,60.6,17.4,3.0,1.0,0.0,0,1
STU-000646,2027,mechanical,8.16,62.0,48.7,59.5,3.1,6.0,0.0,3.0,1,0
STU-000647,2024,,5.91,51.8,51.3,62.0,29.4,1.0,2.0,2.0,0,0
STU-000648,2026,computer_science,6.23,61.2,57.2,76.7,20.8,1.0,2.0,1.0,1,0
STU-000649,2026,computer_science,5.4,73.2,36.9,89.6,3.0,3.0,0.0,0.0,1,0
STU-000650,2024,information_technology,7.25,60.7,80.7,80.1,6.4,4.0,2.0,3.0,0,0
STU-000651,2025,computer_science,7.05,,42.5,65.0,12.9,2.0,1.0,0.0,0,1
STU-000652,2027,mechanical,8.01,56.6,67.5,66.5,3.2,1.0,0.0,0.0,1,0
STU-000653,2026,computer_science,7.67,51.8,58.1,91.1,25.2,2.0,0.0,2.0,0,1
STU-000654,2025,electronics,7.8,61.1,79.4,47.2,15.8,,0.0,2.0,1,1
STU-000655,2027,computer_science,5.33,54.8,34.6,79.4,6.4,2.0,2.0,4.0,0,0
STU-000656,2025,information_technology,6.38,74.4,62.3,45.9,14.6,0.0,0.0,2.0,1,0
STU-000657,2027,computer_science,8.19,46.0,100.0,40.6,6.7,3.0,1.0,1.0,0,1
STU-000658,2025,electronics,6.48,78.8,28.4,70.8,26.2,2.0,0.0,0.0,0,0
STU-000659,2026,civil,5.23,52.3,32.6,38.8,10.8,1.0,0.0,3.0,0,0
STU-000660,2025,computer_science,,62.3,94.5,56.5,12.4,1.0,0.0,1.0,0,0
STU-000661,2025,civil,6.44,,50.5,81.2,4.3,0.0,0.0,4.0,1,0
STU-000662,2027,computer_science,8.32,69.1,62.2,49.2,7.6,0.0,0.0,2.0,0,0
STU-000663,2025,information_technology,7.08,43.8,49.7,,19.5,6.0,1.0,1.0,0,1
STU-000664,2024,electronics,6.78,63.2,82.2,30.4,8.1,4.0,1.0,1.0,2,0
STU-000665,2025,computer_science,8.67,65.5,34.2,76.6,4.1,0.0,1.0,3.0,0,0
STU-000666,2026,information_technology,5.6,50.3,70.4,42.6,3.0,4.0,2.0,3.0,1,0
STU-000667,2027,computer_science,8.75,30.5,36.9,59.3,11.5,4.0,0.0,2.0,0,1
STU-000668,2027,electronics,6.36,89.1,25.8,65.0,2.3,,1.0,4.0,0,0
STU-000669,2025,information_technology,7.29,42.8,37.7,58.0,2.0,1.0,1.0,2.0,1,0
STU-000670,2025,mechanical,7.3,62.7,54.0,58.4,1.2,2.0,2.0,1.0,1,0
STU-000671,2024,computer_science,6.61,46.3,41.3,41.7,11.9,1.0,0.0,3.0,0,0
STU-000672,2026,civil,6.22,72.2,38.7,81.8,1.1,2.0,0.0,6.0,0,0
STU-000673,2027,computer_science,6.67,,37.9,44.8,10.8,1.0,0.0,1.0,0,0
STU-000674,2026,electronics,5.93,44.6,35.3,44.8,,3.0,0.0,0.0,0,0
STU-000675,2026,computer_science,9.36,71.6,48.6,60.6,6.3,4.0,2.0,1.0,1,0
STU-000676,2025,computer_science,6.55,38.0,,52.2,9.3,3.0,2.0,2.0,0,0
STU-000677,2027,computer_science,8.43,54.7,49.9,73.7,13.8,5.0,1.0,4.0,0,1
STU-000678,2026,electronics,8.28,70.9,14.8,54.5,22.7,0.0,0.0,3.0,1,0
STU-000679,2024,computer_science,7.52,81.6,56.4,62.0,8.3,0.0,1.0,0.0,0,1
STU-000680,2025,electronics,6.94,43.5,67.5,63.6,10.9,1.0,1.0,1.0,0,0
STU-000681,2024,civil,7.32,49.5,51.6,75.6,3.9,3.0,0.0,2.0,0,0
STU-000682,2025,computer_science,7.76,64.8,36.6,54.6,10.7,5.0,0.0,2.0,0,0
STU-000683,2024,computer_science,7.22,28.5,68.5,38.6,8.5,4.0,0.0,2.0,0,1
STU-000684,2026,computer_science,5.3,75.0,24.9,50.7,12.8,2.0,1.0,2.0,1,0
STU-000685,2026,computer_science,5.01,39.0,41.6,77.9,3.6,2.0,1.0,1.0,2,0
STU-000686,2025,information_technology,8.84,55.1,62.0,66.9,30.6,1.0,0.0,2.0,1,1
STU-000687,2026,electronics,4.07,56.1,61.6,56.8,6.9,3.0,1.0,1.0,0,0
STU-000688,2027,computer_science,7.33,59.4,66.1,62.9,11.5,3.0,,1.0,2,0
STU-000689,2027,computer_science,6.83,43.2,,58.3,0.7,1.0,2.0,0.0,0,0
STU-000690,2026,electronics,7.28,84.4,72.0,73.0,9.7,3.0,0.0,1.0,2,0
STU-000691,2025,computer_science,5.79,17.0,30.5,66.7,11.8,2.0,0.0,3.0,0,0
STU-000692,2027,electronics,7.5,42.2,83.9,58.1,18.4,0.0,0.0,2.0,0,0
STU-000693,2025,civil,7.34,49.1,4.2,74.8,12.6,5.0,0.0,,0,0
STU-000694,2025,computer_science,10.0,49.8,,78.5,24.3,0.0,1.0,3.0,1,1
STU-000695,2027,information_technology,7.25,76.8,41.7,49.1,19.3,2.0,1.0,7.0,0,1
STU-000696,2026,mechanical,8.65,36.4,68.1,49.4,2.8,,0.0,2.0,0,0
STU-000697,2027,electronics,5.38,78.1,73.1,95.6,24.9,0.0,0.0,3.0,0,0
STU-000698,2026,electronics,8.27,56.4,69.6,70.8,7.7,1.0,1.0,0.0,2,0
STU-000699,2026,mechanical,7.36,38.3,62.8,85.4,9.3,0.0,0.0,2.0,1,0
STU-000700,2025,information_technology,7.41,27.3,71.4,74.5,2.4,1.0,0.0,1.0,0,0
STU-000701,2025,information_technology,7.43,55.6,31.5,68.4,17.6,3.0,1.0,2.0,1,0
STU-000702,2025,electronics,9.06,51.6,40.6,32.1,8.2,3.0,2.0,3.0,1,0
STU-000703,2024,electronics,7.39,62.3,61.2,44.9,8.6,3.0,2.0,1.0,0,0
STU-000704,2027,electronics,6.2,49.6,48.4,71.1,10.1,1.0,0.0,1.0,1,0
STU-000705,2025,information_technology,6.39,71.1,47.2,49.3,16.1,3.0,2.0,3.0,0,0
STU-000706,2026,mechanical,8.04,57.9,80.2,59.9,23.0,1.0,1.0,3.0,1,0
STU-000707,2027,computer_science,7.61,52.9,77.0,74.7,2.2,2.0,0.0,5.0,0,1
STU-000708,2027,computer_science,5.34,69.3,32.7,63.9,7.3,1.0,3.0,1.0,0,0
STU-000709,2026,information_technology,7.69,62.8,65.3,67.6,4.5,2.0,0.0,5.0,1,1
STU-000710,2026,computer_science,5.86,67.3,23.8,81.4,18.2,3.0,0.0,1.0,0,0
STU-000711,2027,electronics,7.6,76.4,30.4,82.8,15.1,0.0,1.0,2.0,0,0
STU-000712,2026,computer_science,6.17,51.9,36.5,61.2,12.6,2.0,1.0,2.0,0,0
STU-000713,2027,electronics,6.78,58.1,,79.8,8.8,2.0,1.0,1.0,1,0
STU-000714,2027,information_technology,6.47,69.6,41.8,48.5,16.2,2.0,3.0,2.0,0,1
STU-000715,2027,computer_science,8.85,24.9,70.1,65.2,10.8,3.0,0.0,2.0,0,0
STU-000716,2025,computer_science,7.56,57.6,57.0,69.9,13.7,3.0,0.0,0.0,0,0
STU-000717,2026,information_technology,8.55,57.7,,60.5,21.5,3.0,2.0,3.0,0,1
STU-000718,2024,electronics,10.0,69.6,76.3,58.9,13.7,0.0,1.0,3.0,1,1
STU-000719,2026,information_technology,7.15,46.3,38.0,46.3,8.6,1.0,0.0,2.0,1,0
STU-000720,2027,computer_science,8.83,78.1,77.6,61.5,5.4,0.0,1.0,0.0,1,1
STU-000721,2026,computer_science,6.3,45.5,37.5,39.5,5.3,4.0,1.0,4.0,2,0
STU-000722,2026,computer_science,8.54,54.2,68.2,,6.7,1.0,0.0,2.0,1,0
STU-000723,2024,computer_science,6.17,,43.3,62.8,12.4,2.0,0.0,1.0,0,0
STU-000724,2027,civil,7.08,,77.8,72.4,22.8,1.0,1.0,,3,0
STU-000725,2024,computer_science,7.72,28.2,70.3,45.5,4.8,2.0,0.0,3.0,0,0
STU-000726,2024,computer_science,7.9,86.6,46.8,66.8,20.9,3.0,0.0,1.0,1,1
STU-000727,2025,mechanical,5.64,77.4,43.0,70.0,6.2,1.0,0.0,1.0,0,0
STU-000728,2024,electronics,6.1,47.7,100.0,61.7,23.1,1.0,0.0,1.0,0,0
STU-000729,2026,information_technology,7.8,75.0,36.8,68.3,6.3,0.0,0.0,,0,0
STU-000730,2026,electronics,6.68,59.3,41.5,65.8,5.8,2.0,3.0,4.0,0,0
STU-000731,2025,civil,5.49,79.8,37.6,25.6,2.6,1.0,0.0,0.0,1,0
STU-000732,2024,computer_science,7.02,72.3,35.4,49.1,7.3,3.0,1.0,2.0,0,0
STU-000733,2024,computer_science,6.96,90.8,36.9,92.0,6.7,1.0,1.0,3.0,0,0
STU-000734,2025,mechanical,7.3,35.2,54.4,71.2,13.8,4.0,0.0,3.0,0,0
STU-000735,2024,mechanical,7.71,62.3,65.9,53.6,,0.0,1.0,3.0,0,0
STU-000736,2026,civil,7.64,33.4,,67.1,11.0,0.0,,1.0,0,0
STU-000737,2025,computer_science,6.22,48.7,43.3,72.0,6.6,1.0,3.0,2.0,1,0
STU-000738,2025,civil,6.63,,39.8,83.6,,5.0,0.0,0.0,0,1
STU-000739,2025,information_technology,8.17,67.4,39.8,56.5,15.5,4.0,0.0,4.0,0,0
STU-000740,2025,electronics,6.48,71.7,69.8,53.7,14.4,2.0,1.0,2.0,0,1
STU-000741,2024,mechanical,6.65,65.0,40.6,55.0,0.9,4.0,1.0,6.0,1,0
STU-000742,2024,computer_science,5.37,61.5,25.2,54.0,4.9,4.0,0.0,4.0,0,0
STU-000743,2027,computer_science,7.07,50.3,70.2,53.5,17.9,3.0,0.0,1.0,0,0
STU-000744,2024,electronics,7.5,48.4,78.3,64.6,6.0,0.0,0.0,2.0,0,0
STU-000745,2026,mechanical,4.83,45.4,50.4,56.1,16.7,,1.0,3.0,0,0
STU-000746,2026,computer_science,5.87,14.8,34.5,61.1,2.9,0.0,4.0,2.0,1,0
STU-000747,2025,mechanical,5.47,53.7,44.1,88.2,13.4,2.0,1.0,2.0,0,0
STU-000748,2026,information_technology,8.01,63.6,47.9,48.6,12.3,1.0,1.0,4.0,0,1
STU-000749,2027,information_technology,4.9,44.5,45.8,66.7,12.5,2.0,0.0,4.0,0,0
STU-000750,2027,computer_science,7.01,56.1,67.2,46.1,24.6,0.0,,0.0,0,0
STU-000751,2025,civil,7.93,67.7,58.3,75.0,4.4,3.0,0.0,1.0,0,1
STU-000752,2025,computer_science,7.32,71.9,56.2,77.7,17.0,1.0,0.0,,0,1
STU-000753,2025,electronics,6.59,39.2,44.7,49.9,11.0,4.0,1.0,1.0,0,0
STU-000754,2026,computer_science,7.5,47.1,68.3,52.3,28.3,4.0,1.0,2.0,0,1
STU-000755,2026,civil,8.29,,,71.3,7.0,1.0,2.0,4.0,0,1
STU-000756,2025,mechanical,6.98,66.8,,58.2,19.3,1.0,,4.0,0,0
STU-000757,2025,computer_science,4.53,73.2,14.8,81.8,26.5,3.0,1.0,2.0,1,0
STU-000758,2027,computer_science,8.42,80.4,55.0,45.2,4.6,5.0,1.0,1.0,0,1
STU-000759,2024,information_technology,7.56,95.3,73.7,77.1,6.5,2.0,0.0,1.0,1,0
STU-000760,2026,,7.06,53.7,75.1,93.3,17.0,2.0,0.0,1.0,1,1
STU-000761,2026,mechanical,4.82,77.3,,67.5,14.0,5.0,0.0,2.0,0,1
STU-000762,2024,electronics,6.76,43.7,51.5,53.1,8.4,1.0,0.0,0.0,1,0
STU-000763,2024,information_technology,6.09,92.1,76.3,51.1,11.5,2.0,0.0,4.0,0,0
STU-000764,2024,electronics,5.7,62.2,37.5,59.7,8.2,5.0,1.0,1.0,0,0
STU-000765,2027,information_technology,6.94,66.0,49.0,71.5,8.3,1.0,1.0,4.0,0,0
STU-000766,2024,computer_science,6.48,71.8,28.8,41.1,6.0,3.0,1.0,0.0,1,0
STU-000767,2025,computer_science,6.56,36.8,47.4,57.7,14.9,,0.0,1.0,1,0
STU-000768,2024,computer_science,7.95,,44.2,63.8,6.4,3.0,2.0,3.0,0,0
STU-000769,2024,electronics,7.39,60.5,82.7,83.8,2.6,8.0,0.0,0.0,0,0
STU-000770,2026,computer_science,6.53,62.2,75.9,88.1,10.0,6.0,0.0,1.0,1,1
STU-000771,2025,information_technology,6.38,88.0,53.6,60.2,12.4,,1.0,1.0,0,1
STU-000772,2026,computer_science,6.58,42.9,61.2,46.5,3.9,0.0,0.0,3.0,0,0
STU-000773,2026,electronics,6.82,,44.0,64.0,11.2,0.0,0.0,3.0,0,0
STU-000774,2027,computer_science,7.77,55.6,15.0,64.5,3.9,1.0,0.0,3.0,0,0
STU-000775,2024,information_technology,5.9,,37.6,78.6,5.2,3.0,0.0,2.0,0,0
STU-000776,2027,computer_science,8.78,59.1,74.8,55.8,5.7,0.0,0.0,4.0,1,0
STU-000777,2026,computer_science,7.77,55.0,65.5,48.2,14.4,2.0,0.0,5.0,0,0
STU-000778,2024,computer_science,4.0,59.3,36.3,61.8,4.3,1.0,0.0,6.0,0,0
STU-000779,2027,information_technology,7.2,52.5,68.4,57.2,18.8,3.0,0.0,4.0,0,0
STU-000780,2027,mechanical,8.3,39.4,52.2,56.9,20.4,1.0,0.0,1.0,0,0
STU-000781,2025,computer_science,7.55,55.1,37.8,49.8,5.2,1.0,1.0,2.0,0,0
STU-000782,2027,electronics,6.63,64.1,66.1,44.4,14.0,1.0,2.0,3.0,0,1
STU-000783,2026,electronics,7.03,37.0,44.7,70.5,12.4,4.0,0.0,3.0,1,0
STU-000784,2026,information_technology,7.31,67.3,73.7,65.7,11.8,3.0,0.0,2.0,0,0
STU-000785,2027,electronics,7.99,77.7,25.0,50.8,21.2,6.0,2.0,1.0,1,1
STU-000786,2025,computer_science,5.47,77.1,39.2,73.5,,3.0,2.0,3.0,0,0
STU-000787,2027,electronics,6.4,61.9,62.8,36.2,11.2,5.0,1.0,4.0,1,0
STU-000788,2025,mechanical,8.98,34.9,71.3,56.3,13.3,2.0,2.0,3.0,0,0
STU-000789,2027,mechanical,7.14,68.0,51.8,65.0,1.6,0.0,1.0,1.0,1,1
STU-000790,2026,computer_science,8.86,,67.3,77.5,16.1,0.0,0.0,2.0,1,0
STU-000791,2025,electronics,10.0,53.6,69.4,54.2,27.5,0.0,0.0,3.0,0,1
STU-000792,2025,computer_science,6.53,56.0,27.8,77.7,1.9,1.0,0.0,3.0,0,0
STU-000793,2025,,5.72,62.7,43.7,52.9,11.6,3.0,2.0,2.0,0,1
STU-000794,2024,computer_science,6.79,84.4,58.0,73.5,8.7,1.0,0.0,2.0,1,0
STU-000795,2024,computer_science,,56.9,69.1,85.6,12.5,1.0,3.0,2.0,0,0
STU-000796,2025,electronics,8.52,74.4,60.0,48.0,16.1,1.0,0.0,2.0,0,0
STU-000797,2024,mechanical,9.71,68.2,56.5,64.1,6.1,4.0,1.0,5.0,2,0
STU-000798,2024,computer_science,7.06,61.1,32.5,69.6,12.6,2.0,1.0,1.0,0,0
STU-000799,2027,information_technology,7.66,79.3,70.4,44.6,,2.0,,2.0,1,1
STU-000800,2026,electronics,6.28,44.1,63.1,68.1,17.7,6.0,0.0,1.0,0,1
STU-000801,2027,civil,4.22,55.9,60.7,54.1,,3.0,2.0,3.0,1,0
STU-000802,2025,electronics,7.05,58.5,36.9,50.2,7.9,3.0,0.0,3.0,0,0
STU-000803,2027,computer_science,5.77,32.9,52.2,56.1,7.2,1.0,3.0,0.0,0,1
STU-000804,2026,computer_science,7.84,78.2,46.6,55.1,11.8,3.0,1.0,0.0,0,0
STU-000805,2024,electronics,4.94,66.3,47.5,73.2,11.9,4.0,0.0,1.0,2,0
STU-000806,2024,computer_science,6.25,57.0,100.0,62.0,17.8,4.0,0.0,3.0,1,1
STU-000807,2026,civil,7.41,54.9,72.0,94.4,11.6,2.0,0.0,3.0,0,0
STU-000808,2024,civil,7.53,59.1,44.3,54.5,16.2,1.0,0.0,2.0,0,1
STU-000809,2026,civil,7.05,68.7,50.9,68.6,2.5,1.0,0.0,2.0,0,0
STU-000810,2027,computer_science,9.25,63.3,57.8,,14.9,4.0,0.0,1.0,1,0
STU-000811,2024,electronics,8.9,51.8,64.7,44.1,15.2,0.0,0.0,2.0,0,0
STU-000812,2024,electronics,6.31,48.9,26.3,84.3,,3.0,0.0,1.0,0,0
STU-000813,2027,computer_science,8.95,61.7,68.3,63.7,1.8,1.0,0.0,1.0,1,0
STU-000814,2026,computer_science,9.13,48.3,27.5,51.1,24.0,6.0,,3.0,1,1
STU-000815,2024,computer_science,6.96,62.9,26.4,67.6,9.2,0.0,1.0,,0,0
STU-000816,2027,information_technology,7.15,46.4,89.6,76.5,7.5,1.0,0.0,2.0,1,0
STU-000817,2027,civil,7.04,43.8,49.0,50.1,16.8,3.0,0.0,2.0,3,0
STU-000818,2026,mechanical,6.36,100.0,76.7,62.7,8.4,5.0,,2.0,0,0
STU-000819,2026,computer_science,6.47,86.0,39.1,76.6,1.1,2.0,2.0,2.0,0,0
STU-000820,2025,information_technology,8.62,63.4,25.7,64.3,13.3,3.0,2.0,3.0,0,0
STU-000821,2024,computer_science,7.6,72.0,39.6,69.8,13.5,5.0,0.0,0.0,0,0
STU-000822,2026,computer_science,6.46,72.2,98.5,58.3,38.7,2.0,1.0,1.0,0,1
STU-000823,2025,computer_science,6.04,54.9,27.2,40.0,35.5,1.0,0.0,2.0,0,0
STU-000824,2026,electronics,6.23,60.7,82.1,58.5,,7.0,0.0,2.0,0,0
STU-000825,2027,electronics,6.91,53.9,60.5,54.2,5.7,1.0,1.0,2.0,0,0
STU-000826,2024,mechanical,8.15,79.1,61.6,60.5,13.9,1.0,0.0,2.0,0,0
STU-000827,2026,mechanical,6.11,,38.7,54.3,4.5,1.0,0.0,0.0,0,0
STU-000828,2025,computer_science,8.14,83.7,44.2,64.4,10.0,1.0,1.0,4.0,1,0
STU-000829,2027,electronics,7.33,62.6,65.9,57.1,8.2,1.0,0.0,1.0,0,0
STU-000830,2025,computer_science,7.26,91.0,78.5,73.3,28.7,1.0,0.0,5.0,0,1
STU-000831,2026,information_technology,8.28,,63.5,70.6,9.0,2.0,0.0,5.0,0,1
STU-000832,2026,information_technology,8.07,,71.9,49.1,18.4,2.0,0.0,3.0,0,1
STU-000833,2025,computer_science,,48.0,41.7,79.6,11.0,2.0,1.0,1.0,0,0
STU-000834,2026,computer_science,5.85,36.2,87.4,51.9,18.6,4.0,0.0,3.0,1,0
STU-000835,2027,computer_science,6.84,88.1,58.4,46.3,1.5,4.0,1.0,1.0,1,0
STU-000836,2026,computer_science,7.51,68.9,91.6,76.8,9.6,0.0,0.0,3.0,0,0
STU-000837,2027,civil,8.67,69.1,45.3,53.7,18.2,4.0,3.0,1.0,0,1
STU-000838,2027,computer_science,7.17,52.9,54.9,63.4,18.3,2.0,1.0,0.0,0,1
STU-000839,2025,information_technology,9.06,49.4,81.5,44.0,15.7,0.0,1.0,,0,0
STU-000840,2026,civil,6.29,45.3,54.6,56.9,7.4,,1.0,2.0,1,0
STU-000841,2024,electronics,6.48,59.0,61.7,60.4,15.9,3.0,,2.0,1,1
STU-000842,2027,information_technology,6.75,55.2,37.4,56.5,14.5,3.0,0.0,0.0,1,1
STU-000843,2026,civil,6.16,27.2,44.7,54.8,11.6,5.0,1.0,0.0,0,0
STU-000844,2025,computer_science,8.43,86.3,45.9,62.6,17.4,1.0,1.0,2.0,0,0
STU-000845,2024,computer_science,4.0,45.7,41.5,75.9,5.1,4.0,0.0,2.0,0,0
STU-000846,2027,information_technology,6.52,75.6,49.9,48.8,9.6,4.0,1.0,2.0,0,0
STU-000847,2025,information_technology,8.42,50.3,51.7,26.6,3.0,1.0,0.0,5.0,1,0
STU-000848,2026,,6.74,59.8,64.7,79.4,3.5,2.0,1.0,1.0,1,0
STU-000849,2024,computer_science,8.33,75.3,42.2,52.8,5.5,2.0,2.0,3.0,0,0
STU-000850,2027,electronics,9.63,75.8,29.0,54.0,26.3,2.0,0.0,2.0,1,0
STU-000851,2024,electronics,7.19,54.4,46.1,54.4,18.1,3.0,0.0,1.0,0,0
STU-000852,2025,civil,8.44,68.5,97.4,43.4,6.3,1.0,0.0,4.0,0,1
STU-000853,2027,computer_science,9.88,73.9,75.2,56.5,8.5,4.0,0.0,2.0,2,1
STU-000854,2027,computer_science,7.56,56.9,42.9,58.1,,1.0,1.0,0.0,0,0
STU-000855,2025,civil,7.04,41.4,62.7,68.1,14.5,3.0,,2.0,2,0
STU-000856,2026,electronics,8.14,50.9,57.3,54.3,5.3,3.0,1.0,6.0,1,0
STU-000857,2027,computer_science,8.46,55.2,67.4,27.8,29.0,3.0,3.0,3.0,1,1
STU-000858,2027,computer_science,7.06,58.5,70.2,43.3,30.0,3.0,2.0,,0,0
STU-000859,2025,mechanical,6.54,81.0,56.5,77.6,12.8,1.0,3.0,3.0,2,0
STU-000860,2026,electronics,9.08,75.8,65.3,50.2,7.8,4.0,0.0,2.0,1,1
STU-000861,2027,electronics,6.79,45.3,79.4,69.6,22.1,6.0,0.0,2.0,0,1
STU-000862,2027,mechanical,8.47,88.5,70.1,52.0,17.5,2.0,1.0,1.0,0,1
STU-000863,2027,computer_science,7.4,57.6,59.9,73.4,4.7,5.0,0.0,1.0,0,0
STU-000864,2026,computer_science,9.2,72.5,64.5,63.4,10.2,4.0,0.0,1.0,0,0
STU-000865,2024,electronics,6.12,42.2,41.9,41.7,,1.0,1.0,3.0,1,0
STU-000866,2027,mechanical,6.12,49.5,30.3,45.6,1.3,1.0,1.0,1.0,0,0
STU-000867,2027,,8.08,75.7,70.7,41.1,16.6,2.0,0.0,6.0,1,0
STU-000868,2027,electronics,5.8,42.4,71.9,,8.1,1.0,,1.0,2,0
STU-000869,2024,computer_science,7.23,59.3,63.2,44.4,12.5,2.0,2.0,3.0,1,0
STU-000870,2025,computer_science,8.88,68.8,72.1,56.8,20.9,3.0,1.0,2.0,1,0
STU-000871,2027,civil,5.05,38.8,32.1,60.9,11.2,3.0,0.0,1.0,0,0
STU-000872,2024,computer_science,7.56,32.5,47.1,65.1,17.2,4.0,0.0,4.0,0,0
STU-000873,2027,computer_science,8.49,74.6,39.2,55.5,9.6,2.0,2.0,2.0,0,1
STU-000874,2025,mechanical,7.07,100.0,51.0,39.9,2.9,1.0,0.0,0.0,2,0
STU-000875,2026,information_technology,6.03,63.0,67.8,45.1,24.7,3.0,0.0,2.0,0,0
STU-000876,2027,information_technology,6.8,67.4,42.3,47.3,25.6,3.0,0.0,2.0,2,0
STU-000877,2025,mechanical,6.14,43.0,50.3,24.9,4.4,0.0,0.0,2.0,0,0
STU-000878,2025,computer_science,7.18,80.4,67.7,68.0,30.6,2.0,3.0,1.0,2,1
STU-000879,2026,electronics,6.78,51.9,74.7,69.1,,5.0,0.0,0.0,4,1
STU-000880,2026,computer_science,6.51,74.5,25.0,47.0,10.4,2.0,1.0,1.0,0,0
STU-000881,2025,computer_science,7.64,68.4,49.4,80.3,16.1,5.0,1.0,3.0,0,0
STU-000882,2026,electronics,8.92,71.3,50.1,60.5,13.6,3.0,0.0,0.0,0,0
STU-000883,2027,computer_science,7.48,67.9,42.0,73.9,2.0,0.0,0.0,2.0,0,0
STU-000884,2026,mechanical,8.65,69.7,55.1,,22.5,0.0,0.0,3.0,1,1
STU-000885,2025,civil,8.92,66.1,29.6,60.1,9.5,0.0,1.0,1.0,1,1
STU-000886,2025,mechanical,6.43,71.4,46.5,33.6,7.2,2.0,0.0,2.0,0,0
STU-000887,2025,computer_science,7.42,47.9,57.3,64.8,15.5,2.0,0.0,0.0,0,0
STU-000888,2024,computer_science,6.61,53.6,35.7,69.4,12.4,5.0,0.0,2.0,0,0
STU-000889,2024,mechanical,5.4,,40.4,52.9,24.9,4.0,1.0,0.0,0,0
STU-000890,2026,information_technology,7.51,61.6,57.4,64.3,23.7,5.0,1.0,3.0,0,1
STU-000891,2025,electronics,5.89,50.9,52.6,61.6,7.1,2.0,0.0,3.0,0,0
STU-000892,2027,mechanical,7.66,74.8,29.8,48.7,8.9,4.0,0.0,2.0,0,0
STU-000893,2025,computer_science,,67.2,60.1,60.6,4.5,1.0,1.0,2.0,0,0
STU-000894,2024,computer_science,7.3,39.1,68.5,54.9,23.7,3.0,0.0,0.0,1,0
STU-000895,2027,electronics,5.29,65.5,35.6,67.3,19.7,0.0,0.0,1.0,2,0
STU-000896,2027,electronics,7.87,61.8,87.0,53.7,7.2,3.0,2.0,2.0,0,1
STU-000897,2025,computer_science,6.65,68.0,61.3,52.0,18.2,2.0,1.0,2.0,0,0
STU-000898,2025,electronics,6.54,,58.4,39.1,5.6,1.0,0.0,0.0,1,0
STU-000899,2025,mechanical,8.4,67.8,72.2,92.9,13.1,3.0,0.0,0.0,0,1
STU-000900,2026,,6.73,30.0,36.4,55.7,14.0,3.0,1.0,1.0,0,0
STU-000901,2026,computer_science,7.23,45.0,49.9,46.2,12.5,3.0,0.0,4.0,0,1
STU-000902,2025,electronics,6.87,68.8,65.0,70.4,3.3,2.0,1.0,4.0,1,0
STU-000903,2024,mechanical,7.68,,,64.6,17.0,0.0,0.0,3.0,1,1
STU-000904,2026,civil,8.3,66.1,54.2,69.7,6.2,4.0,3.0,3.0,0,1
STU-000905,2027,computer_science,8.06,49.7,69.5,71.2,3.7,1.0,1.0,6.0,1,0
STU-000906,2026,mechanical,6.56,59.2,58.5,77.4,16.6,1.0,1.0,3.0,0,1
STU-000907,2026,mechanical,8.49,47.6,61.3,47.1,25.4,1.0,2.0,1.0,1,1
STU-000908,2024,electronics,6.05,,52.2,64.1,3.6,,1.0,3.0,0,1
STU-000909,2025,computer_science,6.25,57.2,49.0,39.9,1.2,2.0,2.0,,1,0
STU-000910,2025,computer_science,6.95,73.7,69.3,57.7,7.1,2.0,1.0,0.0,1,0
STU-000911,2027,information_technology,8.3,58.3,95.7,71.4,13.3,1.0,2.0,3.0,0,1
STU-000912,2027,computer_science,5.75,72.6,55.0,,5.6,2.0,0.0,0.0,0,0
STU-000913,2027,computer_science,8.13,35.9,81.3,93.2,13.6,3.0,0.0,4.0,0,1
STU-000914,2027,civil,7.04,,47.7,62.3,6.8,4.0,0.0,1.0,1,0
STU-000915,2027,computer_science,6.6,65.3,41.8,36.7,4.2,4.0,0.0,2.0,1,0
STU-000916,2027,civil,8.36,56.7,47.1,,,3.0,1.0,4.0,0,1
STU-000917,2024,information_technology,6.18,61.7,36.1,,21.8,1.0,0.0,2.0,0,0
STU-000918,2024,mechanical,9.73,68.6,60.9,30.7,14.4,2.0,1.0,2.0,1,1
STU-000919,2025,computer_science,6.9,73.5,69.7,72.0,16.7,1.0,0.0,3.0,0,0
STU-000920,2026,electronics,7.27,67.9,73.1,48.1,0.7,4.0,0.0,4.0,0,0
STU-000921,2024,information_technology,8.87,67.6,53.8,61.2,8.5,3.0,1.0,5.0,0,0
STU-000922,2027,civil,7.3,71.8,50.7,43.7,24.0,0.0,2.0,7.0,0,0
STU-000923,2026,computer_science,8.47,40.6,60.8,73.9,40.0,2.0,0.0,1.0,1,1
STU-000924,2026,computer_science,,42.4,50.4,57.5,19.0,0.0,2.0,5.0,2,0
STU-000925,2024,civil,6.59,36.4,63.3,78.2,10.6,0.0,0.0,8.0,2,0
STU-000926,2025,computer_science,7.56,67.3,50.4,47.6,6.0,3.0,0.0,1.0,1,0
STU-000927,2024,electronics,8.34,66.9,57.0,59.1,13.9,2.0,0.0,1.0,0,1
STU-000928,2027,computer_science,7.99,80.7,82.0,29.6,2.3,4.0,0.0,2.0,0,1
STU-000929,2026,computer_science,7.88,65.0,,98.4,4.7,3.0,0.0,5.0,1,0
STU-000930,2027,electronics,8.32,51.2,50.5,88.9,9.1,2.0,2.0,3.0,1,1
STU-000931,2025,information_technology,,,56.1,92.5,18.9,3.0,1.0,1.0,0,1
STU-000932,2025,electronics,4.64,,46.9,83.5,11.3,3.0,1.0,4.0,0,0
STU-000933,2025,information_technology,8.76,55.4,35.8,53.7,15.9,4.0,0.0,3.0,0,1
STU-000934,2027,electronics,6.14,21.1,44.0,61.4,13.5,8.0,0.0,4.0,0,0
STU-000935,2027,civil,7.46,63.8,64.0,66.1,7.4,1.0,0.0,3.0,0,0
STU-000936,2025,computer_science,7.31,54.4,90.3,67.2,2.8,1.0,0.0,2.0,0,0
STU-000937,2027,computer_science,7.15,56.3,46.6,46.7,5.9,1.0,0.0,4.0,2,0
STU-000938,2024,computer_science,5.83,41.7,63.3,46.0,12.3,,2.0,3.0,0,0
STU-000939,2027,mechanical,4.87,43.7,49.5,43.3,6.0,1.0,2.0,5.0,0,0
STU-000940,2024,information_technology,5.95,66.3,70.5,56.0,12.0,4.0,0.0,1.0,0,0
STU-000941,2025,electronics,8.05,38.6,48.7,57.5,28.9,3.0,1.0,2.0,1,0
STU-000942,2027,information_technology,5.44,62.5,67.5,55.7,2.5,4.0,0.0,5.0,0,0
STU-000943,2024,electronics,6.09,44.0,75.2,65.5,16.2,1.0,1.0,3.0,0,0
STU-000944,2025,mechanical,7.58,33.9,81.9,42.6,2.4,2.0,1.0,2.0,0,1
STU-000945,2026,information_technology,5.92,74.2,74.9,50.0,14.0,0.0,0.0,2.0,0,1
STU-000946,2025,information_technology,6.48,76.9,56.1,51.4,16.0,1.0,0.0,0.0,1,0
STU-000947,2026,computer_science,7.19,50.3,65.7,73.5,6.3,1.0,0.0,1.0,0,0
STU-000948,2027,information_technology,7.43,50.6,49.6,64.8,21.0,1.0,1.0,0.0,1,0
STU-000949,2027,computer_science,5.9,52.0,12.8,66.7,14.2,2.0,1.0,3.0,0,0
STU-000950,2025,mechanical,7.26,46.4,60.4,48.9,32.1,5.0,0.0,3.0,0,1
STU-000951,2026,information_technology,7.56,49.6,54.5,62.6,7.0,2.0,0.0,,0,0
STU-000952,2025,computer_science,5.64,62.0,65.9,51.2,7.4,3.0,1.0,0.0,1,0
STU-000953,2025,computer_science,7.35,89.8,71.0,51.6,3.0,3.0,0.0,5.0,0,0
STU-000954,2024,information_technology,6.28,,34.0,67.2,38.3,1.0,1.0,1.0,1,0
STU-000955,2027,civil,7.24,73.8,95.7,52.9,21.8,2.0,,3.0,0,0
STU-000956,2027,computer_science,7.93,65.2,65.3,60.5,4.1,1.0,1.0,3.0,0,0
STU-000957,2027,computer_science,6.9,32.7,32.8,58.2,15.8,3.0,0.0,2.0,0,0
STU-000958,2026,information_technology,8.15,59.9,40.2,,27.3,2.0,0.0,1.0,0,1
STU-000959,2026,civil,8.01,57.8,22.0,53.9,7.4,2.0,1.0,4.0,0,0
STU-000960,2026,mechanical,8.14,82.3,72.6,54.1,6.6,2.0,0.0,3.0,0,1
STU-000961,2026,computer_science,7.56,81.7,48.3,56.7,2.4,3.0,0.0,1.0,1,0
STU-000962,2026,electronics,8.37,66.4,46.2,36.8,20.1,4.0,0.0,0.0,2,0
STU-000963,2024,mechanical,7.54,77.3,46.2,51.8,6.1,1.0,3.0,2.0,1,0
STU-000964,2024,mechanical,5.18,,42.6,74.8,3.3,4.0,,0.0,0,1
STU-000965,2027,information_technology,6.19,73.2,61.5,68.1,15.1,1.0,0.0,0.0,0,0
STU-000966,2026,electronics,6.86,59.2,26.5,56.4,2.6,3.0,0.0,2.0,2,0
STU-000967,2027,electronics,7.0,74.5,36.8,45.5,12.9,5.0,0.0,0.0,1,1
STU-000968,2024,computer_science,7.51,77.0,65.0,63.4,3.7,3.0,1.0,2.0,0,1
STU-000969,2026,computer_science,6.17,67.1,41.6,75.5,16.4,2.0,1.0,3.0,1,0
STU-000970,2025,information_technology,9.41,51.7,74.5,83.2,4.2,3.0,2.0,0.0,0,1
STU-000971,2025,computer_science,6.98,51.7,46.5,54.7,6.4,2.0,0.0,0.0,1,0
STU-000972,2024,information_technology,7.09,69.5,82.1,47.2,10.8,1.0,0.0,1.0,1,1
STU-000973,2024,mechanical,6.33,70.1,55.9,68.7,7.1,1.0,0.0,0.0,0,0
STU-000974,2027,mechanical,5.95,58.3,71.6,67.0,39.3,1.0,2.0,0.0,1,0
STU-000975,2025,computer_science,6.95,53.2,63.6,62.1,4.9,5.0,,1.0,0,1
STU-000976,2026,computer_science,7.13,61.1,65.4,53.1,3.4,2.0,1.0,1.0,0,0
STU-000977,2026,electronics,7.0,53.8,42.2,43.7,28.6,0.0,1.0,3.0,0,0
STU-000978,2025,information_technology,9.0,57.9,82.9,71.4,8.2,2.0,0.0,1.0,0,1
STU-000979,2026,computer_science,6.95,87.3,58.5,74.6,15.5,1.0,0.0,3.0,0,0
STU-000980,2025,mechanical,7.0,50.9,38.8,57.0,5.7,2.0,2.0,,1,0
STU-000981,2027,computer_science,8.04,67.7,23.3,85.9,7.7,3.0,0.0,0.0,0,0
STU-000982,2027,computer_science,6.9,60.1,57.0,65.3,12.8,2.0,0.0,1.0,1,1
STU-000983,2027,electronics,7.72,41.0,83.5,59.6,12.1,3.0,1.0,5.0,2,1
STU-000984,2026,electronics,5.63,36.3,34.1,45.4,21.9,2.0,0.0,,0,1
STU-000985,2024,information_technology,5.64,54.1,33.6,38.2,3.2,3.0,0.0,2.0,1,0
STU-000986,2027,electronics,7.24,29.2,50.6,54.8,11.6,4.0,0.0,1.0,0,0
STU-000987,2025,civil,6.83,,73.1,67.2,1.4,2.0,1.0,0.0,0,0
STU-000988,2024,,6.17,50.9,20.5,94.7,8.9,4.0,1.0,3.0,0,0
STU-000989,2025,electronics,7.24,51.8,44.9,62.9,19.4,3.0,1.0,2.0,1,0
STU-000990,2027,computer_science,7.34,77.0,39.3,70.3,40.0,2.0,1.0,1.0,1,1
STU-000991,2026,information_technology,6.28,54.5,61.7,50.4,13.5,4.0,1.0,3.0,1,1
STU-000992,2027,information_technology,6.5,66.8,50.6,64.9,20.5,2.0,1.0,1.0,0,1
STU-000993,2027,information_technology,7.35,50.1,50.5,63.1,7.1,3.0,0.0,2.0,0,0
STU-000994,2025,computer_science,5.93,56.5,47.6,48.8,7.1,0.0,0.0,0.0,1,0
STU-000995,2027,mechanical,6.41,71.3,66.0,80.7,10.1,1.0,0.0,1.0,0,0
STU-000996,2026,information_technology,7.71,46.5,76.9,60.1,9.9,1.0,0.0,0.0,1,0
STU-000997,2026,mechanical,7.07,66.1,72.7,77.5,12.4,1.0,0.0,3.0,0,0
STU-000998,2024,information_technology,6.55,20.9,63.0,62.1,3.6,2.0,0.0,5.0,0,0
STU-000999,2027,mechanical,6.06,75.1,74.8,57.4,25.3,2.0,0.0,3.0,1,1
STU-001000,2025,information_technology,5.93,47.5,34.9,51.1,11.0,3.0,,1.0,0,0
STU-001001,2024,information_technology,6.95,56.6,61.4,57.1,16.4,2.0,0.0,2.0,3,0
STU-001002,2026,electronics,9.43,61.4,100.0,82.5,20.9,5.0,0.0,,0,1
STU-001003,2024,mechanical,7.75,44.9,26.8,49.4,4.4,1.0,1.0,1.0,0,0
STU-001004,2024,information_technology,5.57,39.4,40.2,71.3,23.8,3.0,0.0,3.0,1,0
STU-001005,2026,information_technology,7.91,67.6,41.0,57.6,13.9,2.0,0.0,7.0,0,0
STU-001006,2025,electronics,6.23,65.0,56.8,70.3,14.8,5.0,1.0,2.0,2,1
STU-001007,2027,electronics,7.09,44.9,79.8,64.9,9.6,3.0,1.0,3.0,1,0
STU-001008,2025,information_technology,6.42,65.0,61.8,43.3,28.9,4.0,1.0,2.0,3,0
STU-001009,2027,electronics,9.43,71.2,61.0,64.3,23.9,3.0,0.0,0.0,0,1
STU-001010,2026,information_technology,5.8,49.9,59.5,92.3,,4.0,1.0,3.0,0,1
STU-001011,2026,information_technology,7.46,39.5,51.9,66.3,,3.0,2.0,2.0,1,1
STU-001012,2026,electronics,6.31,56.1,55.6,75.0,12.8,1.0,1.0,3.0,0,0
STU-001013,2026,civil,7.95,65.4,69.3,66.2,9.6,1.0,0.0,3.0,0,0
STU-001014,2027,computer_science,7.44,58.0,86.5,73.0,22.2,0.0,1.0,1.0,0,1
STU-001015,2025,computer_science,8.54,52.2,68.8,51.9,23.9,1.0,,3.0,0,0
STU-001016,2024,computer_science,7.93,66.9,,60.3,7.6,2.0,0.0,3.0,1,0
STU-001017,2026,electronics,6.3,75.6,86.8,74.3,6.5,0.0,2.0,3.0,1,1
STU-001018,2027,information_technology,10.0,52.4,33.7,57.1,9.9,2.0,3.0,3.0,0,0
STU-001019,2024,information_technology,7.74,55.0,56.4,77.0,13.0,0.0,0.0,0.0,0,0
STU-001020,2026,computer_science,6.47,98.1,40.3,48.0,13.1,1.0,0.0,3.0,0,0
STU-001021,2027,mechanical,7.34,63.0,52.3,62.8,4.8,2.0,1.0,2.0,0,0
STU-001022,2027,information_technology,7.83,40.6,68.6,58.4,3.6,3.0,0.0,2.0,0,0
STU-001023,2027,electronics,7.78,52.4,74.8,98.9,20.9,3.0,0.0,4.0,0,0
STU-001024,2026,computer_science,7.67,48.0,48.8,56.5,6.8,1.0,0.0,2.0,0,0
STU-001025,2026,computer_science,8.21,66.1,71.2,67.9,9.0,2.0,2.0,0.0,0,1
STU-001026,2025,computer_science,8.1,64.8,44.1,34.1,18.6,0.0,,2.0,1,1
STU-001027,2027,information_technology,6.13,,29.7,45.7,11.6,5.0,0.0,2.0,0,0
STU-001028,2025,information_technology,9.52,90.9,66.3,66.3,9.1,1.0,0.0,0.0,0,1
STU-001029,2027,computer_science,9.36,64.0,60.7,58.3,4.5,1.0,1.0,2.0,1,0
STU-001030,2025,information_technology,8.02,53.2,84.4,58.6,6.9,0.0,1.0,3.0,2,0
STU-001031,2026,computer_science,7.14,40.0,91.8,57.5,5.8,2.0,1.0,1.0,1,0
STU-001032,2026,information_technology,7.16,,45.3,59.4,8.4,3.0,0.0,1.0,0,1
STU-001033,2026,computer_science,6.73,38.8,23.1,38.0,5.4,6.0,0.0,2.0,2,0
STU-001034,2027,computer_science,6.88,54.9,31.3,60.8,3.8,4.0,0.0,1.0,0,0
STU-001035,2025,computer_science,4.59,39.9,31.1,58.9,9.6,3.0,0.0,1.0,2,0
STU-001036,2026,electronics,8.86,73.5,66.0,76.9,14.3,1.0,1.0,5.0,0,1
STU-001037,2025,civil,8.45,52.1,56.4,73.7,2.2,4.0,0.0,2.0,0,1
STU-001038,2025,electronics,5.17,66.9,26.3,22.4,4.7,4.0,1.0,7.0,1,0
STU-001039,2026,computer_science,8.12,67.6,89.9,51.7,15.7,4.0,0.0,0.0,0,1
STU-001040,2024,civil,7.09,67.9,66.6,87.2,12.2,3.0,0.0,3.0,0,0
STU-001041,2024,civil,6.87,71.2,84.4,74.7,13.1,,1.0,2.0,0,1
STU-001042,2026,information_technology,7.67,89.2,27.0,68.9,15.4,3.0,0.0,2.0,0,0
STU-001043,2026,computer_science,5.1,41.5,69.0,55.0,,4.0,0.0,3.0,1,0
STU-001044,2026,electronics,7.09,70.9,52.8,72.4,8.6,4.0,1.0,5.0,0,1
STU-001045,2024,,7.19,64.4,49.1,40.8,10.0,3.0,0.0,3.0,0,1
STU-001046,2025,mechanical,7.19,74.3,56.2,54.1,4.0,1.0,0.0,5.0,0,0
STU-001047,2025,electronics,5.53,56.7,37.2,66.8,9.3,1.0,0.0,2.0,0,0
STU-001048,2027,electronics,7.61,76.9,55.0,70.5,14.9,3.0,2.0,2.0,2,0
STU-001049,2027,civil,8.32,41.3,76.4,65.0,8.3,1.0,0.0,1.0,1,0
STU-001050,2025,computer_science,7.57,44.1,23.9,67.5,8.1,3.0,1.0,2.0,1,0
STU-001051,2026,computer_science,6.84,49.1,79.8,64.3,4.4,2.0,3.0,1.0,1,0
STU-001052,2024,mechanical,10.0,62.9,73.7,57.6,7.4,1.0,0.0,2.0,0,1
STU-001053,2025,computer_science,6.04,56.8,49.3,80.8,9.3,1.0,0.0,1.0,0,0
STU-001054,2024,information_technology,7.99,48.9,74.9,87.9,16.7,1.0,0.0,2.0,0,1
STU-001055,2025,computer_science,7.38,43.9,62.7,61.3,5.8,2.0,1.0,1.0,0,0
STU-001056,2026,computer_science,9.41,53.0,56.5,45.5,6.6,1.0,0.0,2.0,0,0
STU-001057,2027,computer_science,7.54,33.4,44.0,58.7,15.9,2.0,1.0,2.0,0,0
STU-001058,2025,electronics,7.79,55.3,83.7,63.2,1.3,2.0,0.0,1.0,1,0
STU-001059,2026,information_technology,7.68,58.5,,31.1,18.0,3.0,0.0,1.0,0,0
STU-001060,2026,information_technology,5.88,62.4,47.2,80.7,7.6,1.0,2.0,1.0,0,0
STU-001061,2027,computer_science,6.1,58.7,27.4,53.1,7.0,3.0,1.0,2.0,1,0
STU-001062,2026,civil,6.78,84.5,62.4,50.4,17.5,3.0,0.0,2.0,0,1
STU-001063,2025,electronics,8.2,72.6,58.2,57.2,11.5,4.0,0.0,0.0,0,1
STU-001064,2026,civil,7.37,69.8,35.2,55.4,9.8,2.0,1.0,3.0,0,0
STU-001065,2025,information_technology,6.86,63.2,39.7,62.8,7.3,5.0,1.0,3.0,1,0
STU-001066,2027,computer_science,8.68,69.4,62.5,73.1,2.6,5.0,1.0,1.0,2,0
STU-001067,2025,mechanical,4.82,50.3,51.1,79.9,5.0,4.0,2.0,0.0,2,0
STU-001068,2026,mechanical,5.61,56.7,16.5,73.1,17.9,0.0,0.0,1.0,0,0
STU-001069,2024,computer_science,4.23,81.3,31.9,48.8,12.8,6.0,0.0,1.0,0,0
STU-001070,2025,electronics,8.49,59.9,63.7,60.5,3.5,0.0,1.0,3.0,0,0
STU-001071,2027,electronics,6.99,38.0,75.5,63.5,19.7,2.0,1.0,2.0,0,0
STU-001072,2026,computer_science,8.21,70.9,74.1,66.3,1.8,1.0,0.0,2.0,1,0
STU-001073,2026,information_technology,6.97,71.1,47.2,68.8,5.6,3.0,1.0,4.0,1,1
STU-001074,2027,computer_science,8.28,62.9,77.1,63.1,4.3,1.0,0.0,3.0,0,1
STU-001075,2027,computer_science,6.95,29.7,49.5,60.8,,1.0,1.0,2.0,1,0
STU-001076,2025,mechanical,7.57,78.4,4.2,74.8,9.8,3.0,1.0,0.0,0,0
STU-001077,2026,information_technology,7.4,62.3,81.1,60.1,6.8,2.0,1.0,1.0,0,1
STU-001078,2026,mechanical,7.49,54.3,64.7,75.4,7.3,,0.0,3.0,0,1
STU-001079,2026,electronics,9.04,79.9,66.3,73.4,12.8,2.0,0.0,0.0,0,0
STU-001080,2025,civil,5.23,24.1,48.1,82.3,3.7,1.0,1.0,2.0,0,0
STU-001081,2025,information_technology,7.02,59.7,,,12.0,1.0,1.0,1.0,1,1
STU-001082,2027,information_technology,7.33,50.5,56.4,82.2,31.3,1.0,1.0,0.0,1,0
STU-001083,2027,computer_science,7.16,80.7,50.7,57.8,6.1,0.0,0.0,1.0,1,0
STU-001084,2027,electronics,6.64,60.9,42.5,66.8,34.7,,1.0,,0,1
STU-001085,2027,information_technology,6.49,44.0,54.2,72.7,14.5,4.0,0.0,4.0,0,0
STU-001086,2027,electronics,8.86,78.8,47.5,47.9,15.9,2.0,0.0,2.0,0,0
STU-001087,2027,information_technology,7.02,21.2,35.7,56.5,9.8,3.0,1.0,4.0,2,0
STU-001088,2027,computer_science,9.9,71.4,71.2,52.6,4.2,3.0,0.0,0.0,0,1
STU-001089,2026,mechanical,7.71,40.5,74.5,61.2,8.2,1.0,2.0,4.0,1,1
STU-001090,2026,mechanical,6.77,50.6,40.5,54.5,14.3,1.0,0.0,1.0,6,0
STU-001091,2025,information_technology,7.74,55.9,,63.5,5.0,0.0,4.0,3.0,2,0
STU-001092,2026,electronics,7.23,72.1,,60.9,11.1,0.0,1.0,4.0,2,0
STU-001093,2025,information_technology,8.64,94.3,39.2,58.1,18.6,2.0,1.0,2.0,1,1
STU-001094,2025,mechanical,5.76,28.8,28.3,64.1,5.7,4.0,1.0,1.0,0,0
STU-001095,2026,information_technology,5.03,60.8,63.7,52.4,20.5,1.0,1.0,,1,0
STU-001096,2025,information_technology,7.52,92.1,27.5,49.9,5.4,3.0,1.0,3.0,0,0
STU-001097,2025,computer_science,8.06,51.5,,45.3,26.1,0.0,0.0,4.0,0,1
STU-001098,2027,computer_science,7.43,49.3,52.2,37.0,14.6,0.0,1.0,0.0,0,1
STU-001099,2027,mechanical,7.87,63.3,68.8,52.5,10.6,5.0,0.0,2.0,0,0
STU-001100,2024,information_technology,7.7,71.8,77.6,69.5,21.1,3.0,0.0,,0,1
STU-001101,2024,computer_science,5.4,64.7,48.1,59.2,,1.0,0.0,1.0,1,0
STU-001102,2025,computer_science,7.42,53.5,76.0,62.2,12.9,3.0,1.0,4.0,1,1
STU-001103,2027,information_technology,8.61,49.2,87.8,,5.6,1.0,1.0,3.0,0,1
STU-001104,2027,electronics,7.3,78.3,79.1,89.1,11.0,4.0,0.0,1.0,1,0
STU-001105,2024,information_technology,5.59,43.6,37.9,64.3,13.0,3.0,1.0,0.0,0,1
STU-001106,2027,electronics,6.72,28.7,20.4,54.0,17.3,4.0,1.0,4.0,0,0
STU-001107,2024,mechanical,7.74,37.7,55.8,47.2,7.3,1.0,2.0,5.0,0,0
STU-001108,2025,information_technology,9.16,53.7,66.7,86.0,6.1,0.0,1.0,1.0,0,1
STU-001109,2027,mechanical,4.85,76.1,13.2,42.4,6.7,3.0,1.0,1.0,1,0
STU-001110,2025,computer_science,7.52,41.2,58.1,50.9,16.2,1.0,1.0,1.0,0,0
STU-001111,2024,information_technology,6.03,78.9,7.4,50.9,6.7,2.0,0.0,1.0,0,0
STU-001112,2026,computer_science,7.68,79.0,84.0,61.5,16.2,1.0,1.0,4.0,1,0
STU-001113,2026,computer_science,7.78,62.9,66.2,67.0,12.7,3.0,2.0,3.0,0,1
STU-001114,2027,computer_science,6.83,19.4,40.4,63.0,13.8,3.0,0.0,3.0,0,0
STU-001115,2027,computer_science,7.83,41.9,60.5,56.9,27.4,1.0,1.0,2.0,3,1
STU-001116,2024,mechanical,8.41,51.3,64.9,42.4,17.6,1.0,1.0,4.0,1,1
STU-001117,2024,information_technology,6.91,83.8,62.9,88.0,21.4,2.0,1.0,4.0,1,1
STU-001118,2027,civil,5.56,,50.4,65.7,6.7,3.0,0.0,5.0,1,0
STU-001119,2025,information_technology,8.74,49.9,78.0,69.9,4.1,2.0,0.0,1.0,0,0
STU-001120,2027,electronics,8.05,62.9,37.7,52.5,5.0,1.0,1.0,2.0,0,0
STU-001121,2026,,7.75,38.4,55.8,57.8,4.1,5.0,1.0,1.0,1,1
STU-001122,2024,information_technology,6.31,56.2,82.6,78.4,5.6,3.0,0.0,2.0,0,0
STU-001123,2027,information_technology,8.23,48.5,54.0,31.1,9.0,6.0,0.0,8.0,0,0
STU-001124,2024,civil,9.45,100.0,68.9,72.7,8.1,1.0,0.0,4.0,0,0
STU-001125,2026,civil,6.96,44.2,37.9,58.5,14.8,0.0,0.0,2.0,1,1
STU-001126,2026,computer_science,7.21,87.4,92.5,67.8,5.9,2.0,1.0,2.0,0,1
STU-001127,2026,electronics,5.88,38.6,55.3,85.3,7.4,4.0,0.0,1.0,0,0
STU-001128,2026,electronics,6.27,60.5,30.7,55.3,14.0,5.0,0.0,1.0,1,1
STU-001129,2026,electronics,5.86,63.2,69.0,24.2,11.3,0.0,1.0,1.0,1,1
STU-001130,2027,computer_science,7.25,60.6,37.8,46.7,8.1,4.0,1.0,3.0,0,0
STU-001131,2027,electronics,6.71,58.6,65.5,62.2,24.6,0.0,0.0,2.0,0,0
STU-001132,2026,mechanical,7.53,72.0,74.6,85.1,19.2,4.0,0.0,3.0,0,1
STU-001133,2024,information_technology,6.07,62.4,85.8,56.6,32.1,1.0,0.0,,0,0
STU-001134,2027,information_technology,6.91,55.2,58.4,,28.1,1.0,1.0,2.0,1,1
STU-001135,2027,computer_science,6.0,45.9,51.8,29.5,2.8,0.0,1.0,2.0,0,0
STU-001136,2025,civil,7.32,56.1,21.8,,12.4,4.0,1.0,4.0,0,0
STU-001137,2026,computer_science,5.22,51.8,40.1,76.5,9.2,2.0,0.0,2.0,0,0
STU-001138,2026,computer_science,7.27,55.6,44.0,75.2,15.6,2.0,0.0,2.0,0,0
STU-001139,2024,computer_science,6.78,58.7,51.0,34.6,30.8,0.0,1.0,4.0,1,0
STU-001140,2026,mechanical,7.31,37.5,47.4,50.2,15.5,0.0,0.0,3.0,0,0
STU-001141,2025,electronics,5.2,39.0,61.2,60.1,10.4,3.0,2.0,3.0,0,0
STU-001142,2027,computer_science,7.85,72.2,48.9,52.7,9.4,1.0,2.0,1.0,1,1
STU-001143,2027,computer_science,6.76,23.8,62.1,78.4,20.0,0.0,1.0,,2,0
STU-001144,2027,electronics,7.35,76.7,54.4,62.2,17.2,2.0,0.0,2.0,1,1
STU-001145,2025,information_technology,4.95,45.5,36.2,41.8,8.9,4.0,0.0,1.0,0,0
STU-001146,2025,computer_science,,80.4,37.6,68.4,3.4,1.0,0.0,1.0,0,0
STU-001147,2027,civil,6.65,75.7,57.6,69.2,11.3,1.0,1.0,1.0,0,0
STU-001148,2027,computer_science,8.68,56.5,85.0,45.9,6.6,2.0,2.0,,0,1
STU-001149,2026,information_technology,7.71,56.1,45.4,49.5,5.9,0.0,2.0,1.0,1,1
STU-001150,2027,computer_science,7.25,82.4,56.8,52.0,2.4,3.0,,1.0,0,1
STU-001151,2024,electronics,6.04,75.2,59.4,81.1,26.0,2.0,1.0,3.0,1,1
STU-001152,2027,mechanical,5.83,70.2,50.0,60.8,33.4,3.0,2.0,1.0,1,1
STU-001153,2024,information_technology,7.42,76.0,26.7,31.1,8.4,1.0,1.0,3.0,1,0
STU-001154,2024,electronics,7.91,43.5,66.8,45.2,9.5,1.0,0.0,0.0,1,0
STU-001155,2026,civil,7.34,61.8,30.8,72.0,11.7,2.0,0.0,2.0,0,0
STU-001156,2024,mechanical,9.07,50.6,37.9,,8.1,4.0,0.0,0.0,0,0
STU-001157,2024,information_technology,6.32,39.9,30.1,44.8,13.3,1.0,0.0,1.0,3,0
STU-001158,2024,information_technology,7.31,61.1,53.5,56.7,14.1,3.0,1.0,1.0,1,0
STU-001159,2026,mechanical,5.15,48.1,31.2,75.7,25.0,1.0,2.0,3.0,1,0
STU-001160,2027,computer_science,7.34,56.2,32.0,92.5,4.4,7.0,0.0,4.0,0,1
STU-001161,2024,computer_science,8.79,54.1,68.6,61.2,13.0,0.0,0.0,2.0,0,0
STU-001162,2026,computer_science,5.9,37.0,50.2,68.9,8.6,4.0,0.0,4.0,0,0
STU-001163,2027,mechanical,8.07,85.6,72.2,60.6,8.1,0.0,1.0,2.0,0,0
STU-001164,2024,computer_science,8.76,63.9,49.6,65.1,1.7,2.0,1.0,2.0,0,0
STU-001165,2024,computer_science,6.31,35.0,51.1,49.0,6.0,0.0,0.0,0.0,0,0
STU-001166,2027,electronics,7.64,62.0,71.2,82.2,14.5,1.0,0.0,2.0,1,0
STU-001167,2027,computer_science,8.92,84.7,40.3,55.6,6.2,2.0,0.0,2.0,1,0
STU-001168,2026,computer_science,7.37,73.1,45.2,46.6,11.5,1.0,2.0,2.0,0,1
STU-001169,2027,information_technology,8.0,52.2,75.9,51.2,9.1,1.0,2.0,2.0,0,1
STU-001170,2024,computer_science,5.06,46.7,47.6,71.3,11.1,6.0,1.0,2.0,1,0
STU-001171,2025,civil,7.79,45.2,55.6,52.2,5.8,3.0,0.0,2.0,0,0
STU-001172,2027,computer_science,,48.3,57.1,83.2,8.5,3.0,3.0,3.0,2,1
STU-001173,2025,mechanical,5.57,45.2,70.1,71.0,12.4,0.0,0.0,2.0,1,0
STU-001174,2027,information_technology,5.99,34.0,50.6,74.1,7.4,3.0,0.0,4.0,0,0
STU-001175,2026,computer_science,7.79,52.9,59.0,56.1,14.1,2.0,1.0,2.0,0,0
STU-001176,2027,computer_science,6.75,62.7,53.7,53.3,6.7,4.0,0.0,2.0,0,0
STU-001177,2026,information_technology,8.38,54.5,33.0,62.5,16.9,4.0,,4.0,3,1
STU-001178,2025,information_technology,7.46,62.2,65.4,45.4,3.0,3.0,1.0,3.0,0,1
STU-001179,2025,computer_science,7.16,82.7,41.7,68.6,9.7,0.0,0.0,1.0,0,0
STU-001180,2025,civil,6.9,85.3,33.2,74.8,,2.0,0.0,2.0,0,1
STU-001181,2027,information_technology,7.44,57.9,27.1,52.3,10.0,2.0,0.0,3.0,0,0
STU-001182,2024,civil,8.02,73.2,32.9,71.7,16.7,1.0,0.0,1.0,1,0
STU-001183,2024,computer_science,7.71,56.9,19.3,65.6,7.9,1.0,0.0,,0,1
STU-001184,2024,computer_science,6.61,49.9,36.0,77.6,8.1,3.0,0.0,6.0,2,1
STU-001185,2024,electronics,8.53,44.3,53.7,85.0,2.2,4.0,2.0,2.0,0,0
STU-001186,2027,computer_science,7.86,61.0,76.5,72.9,16.6,1.0,0.0,1.0,0,1
STU-001187,2025,computer_science,7.54,75.4,58.2,61.2,18.6,3.0,0.0,2.0,0,0
STU-001188,2027,computer_science,7.21,39.3,60.1,78.9,17.5,2.0,0.0,1.0,0,1
STU-001189,2024,computer_science,7.68,55.0,79.4,62.7,7.1,5.0,0.0,2.0,0,0
STU-001190,2026,electronics,4.99,49.0,0.0,58.3,2.8,2.0,0.0,1.0,1,0
STU-001191,2026,computer_science,7.38,62.5,63.2,53.5,27.0,0.0,1.0,6.0,0,0
STU-001192,2025,civil,8.99,65.9,68.3,63.4,9.3,2.0,0.0,1.0,1,1
STU-001193,2027,computer_science,7.35,66.8,70.4,76.1,3.5,1.0,0.0,1.0,0,0
STU-001194,2027,information_technology,7.2,86.8,25.2,47.6,22.1,3.0,0.0,1.0,0,1
STU-001195,2027,information_technology,6.41,43.8,42.9,44.6,1.9,0.0,0.0,2.0,0,0
STU-001196,2025,information_technology,7.67,45.5,41.8,44.9,25.6,1.0,2.0,1.0,0,0
STU-001197,2025,,6.88,61.5,32.6,76.3,2.9,0.0,2.0,0.0,1,0
STU-001198,2026,mechanical,8.61,83.0,100.0,67.6,9.1,4.0,1.0,1.0,0,1
STU-001199,2025,computer_science,6.11,34.3,41.8,82.6,9.2,2.0,1.0,2.0,0,1
STU-001200,2027,information_technology,6.58,62.1,69.1,54.7,11.8,3.0,1.0,4.0,0,1
STU-001201,2026,mechanical,6.41,53.8,64.6,44.9,14.1,1.0,1.0,1.0,2,0
STU-001202,2026,computer_science,9.21,75.2,39.4,83.8,6.7,0.0,0.0,1.0,2,0
STU-001203,2027,information_technology,6.88,67.2,45.6,51.7,8.2,3.0,1.0,4.0,0,1
STU-001204,2026,computer_science,6.47,57.7,,71.5,,3.0,0.0,0.0,0,0
STU-001205,2024,information_technology,4.7,60.7,52.5,43.3,19.8,2.0,0.0,1.0,0,0
STU-001206,2024,information_technology,6.05,46.2,56.8,64.5,13.0,0.0,1.0,1.0,0,0
STU-001207,2026,information_technology,7.71,71.4,87.6,59.7,19.3,3.0,0.0,0.0,1,0
STU-001208,2026,mechanical,7.7,80.2,73.3,42.1,7.6,1.0,1.0,2.0,2,1
STU-001209,2025,information_technology,6.35,58.2,63.6,88.5,7.6,4.0,3.0,2.0,0,1
STU-001210,2025,civil,6.41,50.7,,49.6,3.6,4.0,0.0,2.0,0,0
STU-001211,2027,electronics,9.24,60.3,87.0,48.9,16.3,2.0,0.0,1.0,1,1
STU-001212,2027,information_technology,10.0,75.8,56.4,52.8,10.5,4.0,0.0,2.0,0,1
STU-001213,2026,information_technology,8.42,60.2,33.8,31.5,9.5,2.0,1.0,1.0,1,0
STU-001214,2025,information_technology,8.89,43.8,52.3,57.4,6.9,1.0,0.0,1.0,2,0
STU-001215,2025,mechanical,9.14,76.6,40.2,52.8,7.9,2.0,0.0,2.0,0,0
STU-001216,2026,computer_science,9.65,48.6,48.9,75.9,13.2,1.0,1.0,0.0,0,0
STU-001217,2025,civil,6.75,63.9,55.7,66.4,15.5,5.0,1.0,1.0,1,1
STU-001218,2026,electronics,6.09,28.2,42.0,44.3,5.8,3.0,2.0,2.0,2,0
STU-001219,2026,electronics,9.21,64.0,74.9,52.9,15.2,1.0,1.0,3.0,0,1
STU-001220,2024,information_technology,5.99,55.0,56.1,92.2,9.8,2.0,1.0,2.0,1,1
STU-001221,2024,information_technology,5.92,26.3,56.9,49.2,12.4,3.0,2.0,0.0,0,0
STU-001222,2025,electronics,5.94,60.9,29.3,,8.5,0.0,0.0,4.0,2,0
STU-001223,2027,electronics,6.95,41.4,39.9,52.5,7.7,2.0,0.0,4.0,1,0
STU-001224,2026,computer_science,4.82,54.9,13.8,48.0,8.5,2.0,0.0,5.0,0,0
STU-001225,2024,electronics,5.45,48.7,58.5,54.4,3.6,0.0,1.0,2.0,0,0
STU-001226,2027,information_technology,6.38,34.6,85.2,82.6,7.3,2.0,0.0,4.0,0,0
STU-001227,2026,electronics,5.72,39.8,52.9,41.5,2.1,0.0,0.0,0.0,0,0
STU-001228,2026,information_technology,8.32,46.2,64.8,71.2,15.8,2.0,2.0,0.0,1,0
STU-001229,2027,computer_science,7.11,73.0,46.4,79.1,3.4,4.0,1.0,1.0,0,0
STU-001230,2024,electronics,7.76,72.1,54.4,54.3,13.8,1.0,0.0,3.0,0,0
STU-001231,2025,information_technology,,92.2,79.2,76.0,4.7,1.0,1.0,2.0,1,0
STU-001232,2026,information_technology,6.86,50.0,56.0,73.8,21.7,1.0,1.0,4.0,0,0
STU-001233,2025,electronics,8.24,52.3,70.8,50.7,1.8,3.0,2.0,2.0,0,0
STU-001234,2026,electronics,7.62,61.3,79.6,48.7,8.9,2.0,1.0,0.0,0,1
STU-001235,2025,electronics,6.73,52.1,72.6,59.8,22.2,0.0,1.0,1.0,0,1
STU-001236,2024,computer_science,5.16,45.6,48.2,63.5,14.1,1.0,0.0,1.0,0,0
STU-001237,2025,computer_science,7.7,60.2,59.6,56.8,7.3,1.0,1.0,3.0,0,0
STU-001238,2026,electronics,5.65,65.9,43.0,69.9,29.9,4.0,1.0,0.0,1,0
STU-001239,2024,computer_science,7.54,27.4,65.6,51.2,8.7,1.0,1.0,0.0,0,0
STU-001240,2024,computer_science,7.19,49.8,48.7,49.2,8.5,3.0,0.0,1.0,1,1
STU-001241,2027,computer_science,5.54,34.0,55.1,62.1,17.8,2.0,1.0,4.0,0,0
STU-001242,2025,computer_science,7.4,56.5,74.2,65.2,8.1,6.0,0.0,0.0,0,1
STU-001243,2025,civil,7.32,65.1,27.6,80.4,8.4,1.0,0.0,3.0,0,0
STU-001244,2024,computer_science,7.32,75.4,24.7,68.4,6.4,0.0,0.0,1.0,0,0
STU-001245,2025,computer_science,7.27,52.0,55.3,71.9,13.2,2.0,0.0,3.0,0,0
STU-001246,2025,civil,6.35,58.3,63.8,57.2,14.8,4.0,1.0,0.0,0,0
STU-001247,2026,civil,7.78,34.3,63.0,57.3,6.2,0.0,0.0,2.0,0,0
STU-001248,2025,computer_science,6.31,43.7,31.7,53.1,20.3,1.0,2.0,0.0,0,1
STU-001249,2027,mechanical,5.86,58.8,65.8,64.6,6.4,1.0,0.0,2.0,0,0
STU-001250,2027,computer_science,7.88,39.4,90.9,64.0,5.2,3.0,1.0,3.0,0,0
STU-001251,2024,mechanical,8.18,78.9,44.9,63.4,4.2,2.0,2.0,4.0,2,0
STU-001252,2024,computer_science,7.8,67.4,45.9,,,1.0,2.0,3.0,0,1
STU-001253,2024,information_technology,6.86,44.2,54.9,61.4,4.6,1.0,0.0,2.0,0,0
STU-001254,2026,computer_science,4.87,31.5,44.3,85.2,27.1,1.0,0.0,4.0,1,0
STU-001255,2024,electronics,,50.8,82.7,65.8,3.9,1.0,3.0,1.0,1,1
STU-001256,2027,computer_science,4.85,40.2,51.2,,8.7,3.0,0.0,5.0,1,0
STU-001257,2027,information_technology,7.77,41.3,53.1,68.6,4.5,1.0,1.0,2.0,0,0
STU-001258,2027,electronics,9.53,42.0,55.1,59.6,6.9,2.0,1.0,5.0,0,0
STU-001259,2026,computer_science,7.27,,30.1,69.5,9.4,2.0,0.0,4.0,1,0
STU-001260,2027,mechanical,7.43,69.9,80.0,62.3,26.4,0.0,1.0,1.0,0,0
STU-001261,2024,information_technology,7.54,48.4,67.8,44.5,16.2,4.0,0.0,2.0,0,1
STU-001262,2025,computer_science,,65.3,54.8,53.9,1.4,3.0,,2.0,2,0
STU-001263,2025,computer_science,9.8,58.7,68.1,89.9,9.1,1.0,0.0,3.0,2,1
STU-001264,2027,computer_science,6.13,65.4,49.7,78.3,9.3,0.0,1.0,2.0,0,0
STU-001265,2026,,5.99,44.2,20.9,57.8,7.1,1.0,2.0,0.0,1,0
STU-001266,2027,information_technology,6.72,61.7,29.7,71.4,11.4,1.0,1.0,3.0,0,0
STU-001267,2024,electronics,9.1,64.0,59.9,65.1,34.0,1.0,1.0,1.0,0,1
STU-001268,2027,information_technology,6.44,77.3,49.0,86.4,6.4,5.0,0.0,,0,0
STU-001269,2026,information_technology,7.59,67.6,57.2,60.2,13.9,1.0,0.0,1.0,1,0
STU-001270,2026,mechanical,8.33,64.5,89.2,65.1,3.4,2.0,0.0,4.0,1,0
STU-001271,2027,computer_science,8.0,37.9,54.1,50.8,2.0,0.0,0.0,0.0,1,0
STU-001272,2025,electronics,8.27,52.7,47.1,60.1,8.8,3.0,0.0,1.0,1,0
STU-001273,2025,mechanical,8.73,49.5,62.8,23.6,15.8,1.0,0.0,3.0,1,0
STU-001274,2026,computer_science,7.45,46.6,33.1,65.6,,1.0,,2.0,0,0
STU-001275,2024,electronics,6.57,57.4,55.9,76.0,15.2,2.0,0.0,2.0,1,1
STU-001276,2025,civil,7.27,62.2,43.8,85.7,15.2,2.0,0.0,0.0,0,0
STU-001277,2025,information_technology,6.71,61.6,57.7,68.7,40.0,0.0,1.0,1.0,0,0
STU-001278,2024,civil,10.0,82.9,63.9,56.9,12.8,1.0,0.0,1.0,0,1
STU-001279,2027,computer_science,6.49,64.2,50.5,50.5,9.0,4.0,1.0,0.0,1,0
STU-001280,2026,electronics,7.66,40.9,68.3,,13.4,3.0,1.0,6.0,0,0
STU-001281,2025,computer_science,5.37,57.8,61.0,39.6,5.9,3.0,0.0,2.0,1,0
STU-001282,2025,computer_science,7.25,67.3,90.6,58.5,14.7,1.0,1.0,2.0,0,0
STU-001283,2026,civil,6.77,76.5,65.9,44.8,13.8,3.0,0.0,0.0,0,1
STU-001284,2026,computer_science,7.88,57.4,54.3,53.6,23.0,2.0,0.0,2.0,1,0
STU-001285,2027,civil,7.91,57.6,47.9,59.1,4.9,4.0,0.0,2.0,0,0
STU-001286,2027,electronics,8.73,77.6,67.8,66.6,10.8,0.0,0.0,0.0,3,0
STU-001287,2025,civil,8.64,64.0,86.4,38.9,27.0,6.0,1.0,2.0,0,0
STU-001288,2025,civil,7.02,34.1,69.7,57.2,6.6,5.0,0.0,2.0,1,0
STU-001289,2026,electronics,6.01,28.8,38.9,71.6,1.0,1.0,0.0,2.0,1,0
STU-001290,2026,civil,6.15,83.9,59.3,81.6,10.4,2.0,1.0,1.0,0,0
STU-001291,2026,mechanical,7.45,33.2,60.6,61.0,9.7,0.0,0.0,1.0,0,0
STU-001292,2026,information_technology,7.28,56.1,74.0,92.8,9.5,3.0,0.0,1.0,1,0
STU-001293,2026,electronics,7.4,72.0,61.7,71.8,11.8,3.0,1.0,2.0,2,0
STU-001294,2025,computer_science,6.48,30.5,57.4,62.9,15.6,0.0,0.0,6.0,2,0
STU-001295,2025,computer_science,8.75,45.3,41.9,79.4,40.0,2.0,0.0,1.0,0,1
STU-001296,2025,computer_science,5.41,36.1,62.1,54.9,6.6,4.0,0.0,2.0,2,0
STU-001297,2024,information_technology,6.42,83.9,29.0,47.3,5.8,5.0,0.0,2.0,0,1
STU-001298,2024,computer_science,5.86,86.0,52.0,75.0,15.3,0.0,0.0,3.0,0,0
STU-001299,2027,information_technology,6.86,46.7,45.1,69.4,5.4,4.0,1.0,2.0,1,0
STU-001300,2025,electronics,8.53,69.8,50.8,76.6,7.5,2.0,1.0,1.0,0,1
STU-001301,2025,electronics,,62.2,64.0,76.3,8.1,,0.0,1.0,1,1
STU-001302,2026,mechanical,,54.2,55.8,90.1,21.9,3.0,1.0,2.0,2,0
STU-001303,2027,civil,7.86,35.3,17.8,41.7,23.7,1.0,0.0,3.0,1,0
STU-001304,2025,mechanical,6.71,92.0,50.5,57.0,1.8,7.0,0.0,3.0,0,1
STU-001305,2027,electronics,7.54,31.8,50.6,58.0,2.3,3.0,1.0,4.0,0,1
STU-001306,2027,computer_science,7.39,62.0,77.9,78.3,9.9,3.0,0.0,1.0,0,1
STU-001307,2026,civil,5.8,45.9,29.1,67.2,19.1,3.0,0.0,1.0,0,0
STU-001308,2026,computer_science,6.57,72.3,85.9,78.4,27.9,1.0,1.0,2.0,1,1
STU-001309,2024,computer_science,7.51,71.7,71.6,66.0,10.4,3.0,0.0,1.0,0,0
STU-001310,2027,computer_science,8.57,46.5,56.6,61.7,23.5,1.0,0.0,4.0,0,0
STU-001311,2025,electronics,8.57,49.3,54.2,71.5,5.9,2.0,2.0,2.0,0,0
STU-001312,2027,electronics,9.51,39.8,54.2,65.7,8.1,2.0,1.0,2.0,0,1
STU-001313,2026,computer_science,7.66,62.2,63.1,67.5,11.3,0.0,1.0,1.0,0,1
STU-001314,2024,mechanical,6.62,67.9,40.1,71.1,,2.0,1.0,1.0,1,1
STU-001315,2024,computer_science,7.03,51.4,53.1,68.1,26.6,0.0,1.0,1.0,0,0
STU-001316,2026,computer_science,6.97,54.3,36.4,75.8,7.5,5.0,0.0,4.0,0,1
STU-001317,2026,computer_science,6.63,85.9,65.6,62.7,12.2,1.0,0.0,1.0,1,0
STU-001318,2024,computer_science,7.54,73.1,60.0,64.4,6.7,2.0,0.0,1.0,0,1
STU-001319,2027,mechanical,7.59,79.4,49.4,,6.9,1.0,2.0,3.0,0,1
STU-001320,2027,computer_science,5.75,21.9,45.9,75.8,4.7,3.0,2.0,3.0,0,0
STU-001321,2026,computer_science,8.35,68.9,48.6,86.0,17.7,4.0,2.0,1.0,0,1
STU-001322,2026,computer_science,4.99,57.7,52.3,36.8,15.3,2.0,5.0,2.0,0,1
STU-001323,2024,mechanical,6.84,38.9,33.0,71.0,16.1,0.0,1.0,3.0,1,1
STU-001324,2027,civil,8.42,45.2,76.0,60.0,7.1,2.0,0.0,2.0,4,1
STU-001325,2025,electronics,7.8,56.3,,59.4,8.3,0.0,0.0,2.0,0,0
STU-001326,2027,electronics,6.69,37.2,46.1,70.8,14.1,1.0,2.0,4.0,1,1
STU-001327,2025,civil,9.36,50.7,74.4,61.6,4.8,2.0,0.0,0.0,2,0
STU-001328,2026,computer_science,6.59,50.3,60.0,67.5,8.9,3.0,3.0,1.0,0,1
STU-001329,2025,,4.8,62.2,28.4,57.0,14.2,1.0,0.0,1.0,1,0
STU-001330,2024,information_technology,7.62,48.6,79.7,,6.0,3.0,1.0,2.0,0,1
STU-001331,2027,computer_science,5.05,47.4,4.8,58.7,30.1,3.0,1.0,2.0,0,1
STU-001332,2026,information_technology,6.14,71.7,70.1,51.3,13.3,2.0,0.0,3.0,0,1
STU-001333,2026,information_technology,7.82,,,66.9,9.4,4.0,1.0,2.0,1,0
STU-001334,2027,computer_science,6.57,60.5,70.1,50.3,7.6,2.0,3.0,2.0,1,1
STU-001335,2027,information_technology,7.77,65.4,82.6,65.3,14.8,1.0,1.0,2.0,0,0
STU-001336,2027,information_technology,5.77,61.8,42.8,85.1,6.3,3.0,1.0,2.0,1,0
STU-001337,2025,computer_science,8.09,52.7,52.9,61.4,15.1,2.0,1.0,3.0,0,1
STU-001338,2026,mechanical,5.16,38.3,53.0,43.0,4.3,2.0,0.0,1.0,0,0
STU-001339,2027,electronics,8.62,84.0,42.2,56.2,9.4,2.0,0.0,5.0,0,1
STU-001340,2025,computer_science,6.55,44.3,47.6,73.4,16.9,1.0,1.0,3.0,0,0
STU-001341,2024,,8.86,45.0,55.4,63.5,5.9,2.0,0.0,3.0,0,0
STU-001342,2027,computer_science,6.13,56.6,31.4,71.8,5.9,2.0,1.0,1.0,0,0
STU-001343,2026,computer_science,9.31,51.5,56.3,53.1,10.0,2.0,1.0,1.0,1,1
STU-001344,2026,computer_science,6.0,71.8,63.8,56.2,,3.0,,,0,1
STU-001345,2027,computer_science,5.04,50.1,58.7,70.9,18.9,7.0,0.0,2.0,0,0
STU-001346,2026,mechanical,7.15,76.0,,84.6,14.9,3.0,2.0,1.0,0,1
STU-001347,2026,mechanical,8.52,67.8,62.1,56.6,,0.0,0.0,2.0,0,0
STU-001348,2025,mechanical,8.01,54.2,53.9,62.5,8.8,3.0,3.0,1.0,0,1
STU-001349,2025,electronics,8.44,77.6,30.8,77.4,15.8,2.0,0.0,3.0,0,0
STU-001350,2024,electronics,8.03,50.3,41.8,63.8,4.1,0.0,1.0,1.0,1,0
STU-001351,2027,electronics,6.16,51.5,67.9,70.9,5.1,2.0,0.0,1.0,0,0
STU-001352,2027,mechanical,7.98,67.9,,51.6,7.0,2.0,2.0,0.0,0,0
STU-001353,2025,electronics,7.21,,41.2,62.0,2.9,0.0,1.0,1.0,0,1
STU-001354,2025,electronics,6.28,46.5,71.2,53.3,18.3,0.0,1.0,3.0,3,1
STU-001355,2027,mechanical,7.31,35.6,35.8,38.4,3.8,,0.0,1.0,1,1
STU-001356,2024,information_technology,,57.8,46.3,49.6,35.3,0.0,0.0,3.0,0,0
STU-001357,2026,computer_science,8.73,50.6,59.9,68.3,13.9,2.0,0.0,4.0,2,1
STU-001358,2026,computer_science,6.51,57.5,48.4,69.7,7.1,2.0,0.0,6.0,1,0
STU-001359,2026,information_technology,6.45,50.6,41.0,72.8,8.6,4.0,1.0,2.0,0,0
STU-001360,2024,computer_science,6.3,45.8,54.3,69.1,24.8,3.0,0.0,3.0,1,0
STU-001361,2026,computer_science,9.28,58.5,77.3,58.9,7.8,1.0,0.0,0.0,0,1
STU-001362,2025,computer_science,6.36,55.6,27.7,36.3,6.9,4.0,0.0,1.0,1,0
STU-001363,2026,computer_science,8.59,71.6,63.5,,8.4,3.0,0.0,3.0,0,0
STU-001364,2024,civil,5.91,62.2,67.1,77.5,8.0,1.0,3.0,2.0,0,0
STU-001365,2026,information_technology,7.68,90.8,50.7,50.2,10.4,3.0,2.0,4.0,0,1
STU-001366,2026,computer_science,7.4,,47.3,61.0,8.0,1.0,0.0,2.0,0,0
STU-001367,2025,information_technology,,50.9,,62.9,22.3,2.0,0.0,4.0,0,1
STU-001368,2024,computer_science,8.35,58.2,94.4,42.6,9.4,3.0,0.0,1.0,0,1
STU-001369,2025,electronics,7.19,66.9,81.2,66.7,5.3,2.0,0.0,3.0,0,0
STU-001370,2025,electronics,6.48,72.0,47.9,83.4,3.4,1.0,1.0,1.0,0,0
STU-001371,2024,computer_science,8.97,82.1,82.9,61.7,4.1,2.0,0.0,3.0,1,1
STU-001372,2027,information_technology,6.37,41.5,,58.2,15.9,2.0,0.0,2.0,2,0
STU-001373,2025,computer_science,4.49,72.2,42.3,45.8,13.8,2.0,1.0,2.0,1,1
STU-001374,2027,electronics,4.96,53.2,28.8,,11.6,4.0,0.0,2.0,0,0
STU-001375,2027,civil,5.24,40.6,16.6,69.6,,1.0,1.0,0.0,2,0
STU-001376,2024,civil,7.79,56.5,48.3,61.9,16.0,0.0,2.0,0.0,1,0
STU-001377,2026,computer_science,9.65,81.5,58.4,,13.9,5.0,0.0,5.0,0,0
STU-001378,2027,electronics,4.75,60.4,53.3,76.1,3.1,1.0,0.0,2.0,0,0
STU-001379,2026,mechanical,6.2,38.2,62.9,58.3,2.6,2.0,1.0,3.0,1,0
STU-001380,2026,mechanical,7.2,40.3,53.7,56.0,9.1,1.0,0.0,0.0,1,0
STU-001381,2026,computer_science,,43.3,45.7,64.0,19.9,1.0,0.0,2.0,0,0
STU-001382,2024,information_technology,6.19,45.4,40.6,80.3,8.9,0.0,2.0,1.0,1,0
STU-001383,2026,computer_science,7.78,60.7,85.2,59.8,9.5,4.0,1.0,1.0,0,1
STU-001384,2027,computer_science,6.81,40.7,64.9,49.6,14.9,1.0,1.0,1.0,0,0
STU-001385,2027,electronics,10.0,57.6,91.2,69.6,1.0,4.0,0.0,4.0,0,1
STU-001386,2024,information_technology,7.27,79.6,86.3,57.4,9.5,2.0,1.0,5.0,1,0
STU-001387,2026,computer_science,7.51,83.3,45.9,69.8,8.5,0.0,1.0,3.0,0,0
STU-001388,2025,mechanical,7.2,81.7,69.7,33.3,9.9,5.0,2.0,2.0,1,1
STU-001389,2027,information_technology,6.62,30.3,38.2,62.5,27.3,3.0,0.0,6.0,0,1
STU-001390,2024,civil,8.19,85.5,77.3,58.5,7.5,1.0,1.0,1.0,0,0
STU-001391,2027,mechanical,5.77,56.9,64.1,48.6,15.2,1.0,2.0,3.0,0,0
STU-001392,2027,mechanical,4.8,54.8,10.3,45.0,7.9,2.0,0.0,4.0,0,0
STU-001393,2024,mechanical,6.93,73.3,61.6,58.1,5.5,0.0,0.0,4.0,0,0
STU-001394,2024,computer_science,8.04,70.6,44.6,47.0,8.5,2.0,0.0,3.0,0,1
STU-001395,2027,computer_science,6.43,28.8,46.9,20.5,20.9,0.0,0.0,8.0,0,0
STU-001396,2024,civil,7.31,49.4,45.0,45.5,17.7,2.0,0.0,1.0,0,0
STU-001397,2026,computer_science,5.7,49.9,65.2,44.9,7.7,4.0,0.0,3.0,1,0
STU-001398,2027,information_technology,8.32,40.7,48.7,62.4,4.0,2.0,1.0,1.0,1,0
STU-001399,2026,electronics,7.85,74.7,36.7,45.4,17.0,3.0,2.0,1.0,0,1
STU-001400,2025,computer_science,7.12,79.8,41.8,62.0,16.4,3.0,0.0,2.0,0,1
STU-001401,2026,computer_science,7.29,58.4,52.5,48.7,9.6,,1.0,3.0,0,0
STU-001402,2024,information_technology,5.5,59.5,56.0,73.0,4.0,3.0,,0.0,0,0
STU-001403,2027,information_technology,5.55,54.9,69.5,67.2,17.7,3.0,2.0,3.0,0,0
STU-001404,2025,electronics,6.96,59.4,63.6,57.8,10.7,1.0,0.0,4.0,0,0
STU-001405,2025,computer_science,7.69,76.1,67.7,64.0,10.5,,0.0,0.0,2,1
STU-001406,2025,information_technology,7.75,33.0,70.6,70.0,25.2,2.0,1.0,3.0,0,1
STU-001407,2027,computer_science,6.68,64.7,67.6,62.9,10.8,4.0,0.0,3.0,1,0
STU-001408,2024,electronics,7.96,60.1,76.4,64.0,16.9,3.0,1.0,0.0,0,1
STU-001409,2027,computer_science,8.73,50.8,100.0,,22.2,1.0,0.0,3.0,1,0
STU-001410,2026,computer_science,7.0,50.4,68.6,54.7,7.2,0.0,0.0,2.0,0,0
STU-001411,2027,mechanical,7.46,86.4,61.7,51.1,5.0,2.0,1.0,6.0,0,1
STU-001412,2027,computer_science,6.86,,46.5,76.7,12.4,1.0,0.0,2.0,0,0
STU-001413,2027,electronics,6.95,55.4,60.1,56.5,32.4,0.0,2.0,1.0,1,0
STU-001414,2027,computer_science,7.29,83.0,75.8,52.6,9.7,5.0,1.0,3.0,2,0
STU-001415,2024,computer_science,9.06,43.1,42.5,70.1,5.2,1.0,1.0,0.0,1,1
STU-001416,2027,computer_science,8.15,53.5,81.0,40.7,5.8,7.0,0.0,4.0,0,1
STU-001417,2026,mechanical,8.05,60.7,51.9,60.8,,4.0,1.0,2.0,1,0
STU-001418,2026,information_technology,6.58,63.3,49.4,34.3,9.7,5.0,1.0,0.0,0,0
STU-001419,2027,computer_science,6.07,54.9,60.1,51.9,,1.0,,3.0,0,0
STU-001420,2027,information_technology,7.55,45.7,48.2,55.5,13.4,2.0,1.0,,0,0
STU-001421,2026,information_technology,8.53,67.8,68.9,82.4,23.2,2.0,0.0,4.0,0,1
STU-001422,2026,mechanical,9.08,60.7,43.7,59.9,10.3,1.0,0.0,4.0,0,0
STU-001423,2026,civil,4.28,62.0,59.0,49.5,,5.0,1.0,2.0,0,0
STU-001424,2025,information_technology,9.91,77.7,70.0,60.1,24.6,2.0,0.0,2.0,0,1
STU-001425,2025,information_technology,7.58,36.9,57.3,82.2,11.4,0.0,0.0,3.0,0,0
STU-001426,2025,information_technology,8.15,75.8,,33.2,1.4,4.0,1.0,3.0,0,0
STU-001427,2024,civil,5.1,50.4,47.1,72.8,9.0,4.0,0.0,1.0,1,0
STU-001428,2024,information_technology,6.83,70.0,61.8,67.3,10.0,3.0,0.0,6.0,1,0
STU-001429,2027,computer_science,8.05,67.5,,60.4,5.3,1.0,1.0,2.0,2,0
STU-001430,2026,civil,5.75,83.3,45.1,57.7,3.2,8.0,1.0,2.0,0,1
STU-001431,2027,civil,4.0,52.1,12.9,,3.8,2.0,0.0,0.0,0,0
STU-001432,2026,information_technology,7.49,52.9,80.1,72.1,25.1,3.0,0.0,2.0,1,1
STU-001433,2024,information_technology,7.04,50.4,35.4,47.5,15.5,3.0,1.0,1.0,0,0
STU-001434,2024,electronics,8.76,46.0,89.5,62.3,3.5,2.0,0.0,1.0,0,1
STU-001435,2025,mechanical,6.92,70.0,50.5,79.4,7.8,1.0,0.0,1.0,0,0
STU-001436,2027,information_technology,7.0,41.5,75.7,69.5,1.0,2.0,1.0,4.0,0,1
STU-001437,2025,computer_science,7.9,71.8,76.3,65.7,8.7,1.0,0.0,6.0,0,1
STU-001438,2026,computer_science,8.29,57.2,76.5,43.8,2.9,2.0,1.0,5.0,0,1
STU-001439,2027,computer_science,6.28,30.1,,94.4,21.1,4.0,0.0,2.0,0,0
STU-001440,2027,computer_science,8.19,82.7,39.4,72.1,26.5,1.0,1.0,2.0,1,0
STU-001441,2025,mechanical,6.5,6.4,49.9,87.0,27.3,0.0,1.0,3.0,0,0
STU-001442,2024,computer_science,7.12,57.0,,66.2,4.7,2.0,1.0,4.0,0,0
STU-001443,2024,information_technology,7.87,63.3,56.7,61.7,3.3,3.0,0.0,1.0,0,0
STU-001444,2024,mechanical,,25.6,38.4,53.0,8.2,1.0,1.0,1.0,0,0
STU-001445,2025,information_technology,7.47,65.6,52.0,75.7,8.0,2.0,1.0,3.0,1,0
STU-001446,2026,computer_science,5.86,45.7,0.7,83.0,1.6,2.0,2.0,4.0,0,0
STU-001447,2027,civil,4.95,50.2,41.7,76.6,5.8,3.0,0.0,2.0,1,0
STU-001448,2026,computer_science,6.88,77.9,56.7,93.6,8.7,2.0,0.0,0.0,0,1
STU-001449,2026,mechanical,8.22,62.6,46.6,63.8,2.9,3.0,0.0,4.0,2,0
STU-001450,2025,computer_science,7.62,54.0,52.9,53.3,4.7,2.0,1.0,0.0,0,0
STU-001451,2027,information_technology,7.38,56.2,59.3,65.6,11.7,2.0,1.0,1.0,1,0
STU-001452,2026,electronics,7.09,84.8,72.6,73.3,11.5,3.0,0.0,1.0,0,0
STU-001453,2027,information_technology,7.46,65.0,74.8,58.3,18.7,0.0,0.0,5.0,0,0
STU-001454,2027,information_technology,5.96,,56.0,61.4,1.7,2.0,1.0,1.0,1,0
STU-001455,2025,computer_science,8.0,52.7,58.5,65.0,10.4,3.0,0.0,2.0,2,1
STU-001456,2024,electronics,8.07,42.3,65.3,68.9,15.0,4.0,1.0,1.0,2,0
STU-001457,2025,computer_science,6.69,50.6,84.4,63.9,25.6,4.0,0.0,3.0,0,1
STU-001458,2026,mechanical,7.6,83.3,65.9,65.0,7.4,1.0,0.0,1.0,1,0
STU-001459,2027,electronics,5.13,51.8,51.9,70.9,8.8,2.0,1.0,2.0,1,0
STU-001460,2025,information_technology,7.31,38.6,74.5,72.8,7.3,2.0,0.0,4.0,1,0
STU-001461,2027,computer_science,6.95,64.4,55.6,55.1,9.8,5.0,,3.0,0,0
STU-001462,2026,information_technology,8.55,55.2,46.7,36.3,19.5,2.0,0.0,2.0,0,1
STU-001463,2025,electronics,6.87,66.2,62.3,47.5,17.6,3.0,1.0,1.0,1,0
STU-001464,2025,computer_science,8.1,56.6,62.3,68.5,5.3,1.0,3.0,3.0,2,1
STU-001465,2026,electronics,6.65,,49.9,51.8,9.2,2.0,3.0,3.0,1,0
STU-001466,2026,computer_science,4.47,39.3,54.1,65.7,7.2,,0.0,0.0,1,0
STU-001467,2026,computer_science,6.84,40.2,23.5,61.2,6.9,0.0,0.0,2.0,1,0
STU-001468,2025,electronics,7.33,72.7,47.1,62.9,14.1,1.0,0.0,4.0,1,0
STU-001469,2027,computer_science,,28.5,41.2,68.9,7.4,2.0,1.0,2.0,1,1
STU-001470,2024,computer_science,7.29,56.0,43.0,78.7,14.4,3.0,0.0,1.0,1,0
STU-001471,2027,electronics,6.52,69.0,50.5,61.8,7.6,3.0,,1.0,0,1
STU-001472,2025,electronics,6.73,24.5,38.4,47.4,6.5,3.0,0.0,2.0,0,0
STU-001473,2024,computer_science,5.8,56.6,78.7,66.4,8.9,3.0,3.0,1.0,0,0
STU-001474,2026,computer_science,4.8,31.2,53.9,72.0,35.7,3.0,1.0,3.0,0,1
STU-001475,2026,information_technology,6.98,30.3,41.4,30.4,4.8,3.0,1.0,3.0,0,0
STU-001476,2026,electronics,6.24,40.5,22.4,51.9,5.8,4.0,1.0,0.0,0,0
STU-001477,2026,information_technology,8.34,57.9,50.4,62.4,2.4,4.0,1.0,0.0,0,0
STU-001478,2027,,4.59,42.6,39.8,55.3,6.3,0.0,1.0,2.0,0,0
STU-001479,2026,electronics,7.43,,45.9,63.9,,1.0,1.0,1.0,0,1
STU-001480,2026,civil,9.54,64.3,100.0,,2.0,1.0,1.0,1.0,0,1
STU-001481,2026,information_technology,6.89,50.4,26.4,75.1,12.4,5.0,1.0,2.0,0,0
STU-001482,2024,computer_science,7.1,38.5,56.3,62.7,15.5,1.0,0.0,0.0,1,0
STU-001483,2026,computer_science,7.59,62.5,55.2,,28.9,3.0,0.0,3.0,0,1
STU-001484,2025,computer_science,7.68,90.2,53.5,72.2,4.9,2.0,0.0,3.0,0,0
STU-001485,2026,information_technology,6.63,46.7,20.6,73.1,4.8,4.0,,3.0,1,0
STU-001486,2024,mechanical,5.94,47.1,50.0,61.5,20.2,1.0,0.0,2.0,0,1
STU-001487,2027,information_technology,7.85,43.8,61.5,36.2,10.4,,0.0,1.0,0,0
STU-001488,2026,computer_science,4.91,71.6,58.7,74.6,,0.0,1.0,1.0,0,0
STU-001489,2027,information_technology,8.06,74.0,67.4,47.7,15.9,0.0,0.0,2.0,0,1
STU-001490,2026,civil,6.65,50.6,74.3,56.9,9.5,4.0,0.0,4.0,3,0
STU-001491,2024,computer_science,7.1,49.2,20.6,54.0,9.3,3.0,3.0,1.0,0,0
STU-001492,2027,mechanical,6.5,42.8,,41.8,24.2,6.0,3.0,0.0,0,1
STU-001493,2026,mechanical,8.75,,100.0,62.1,13.0,2.0,3.0,2.0,0,1
STU-001494,2027,information_technology,7.39,74.1,74.6,64.8,13.3,5.0,0.0,4.0,0,1
STU-001495,2026,electronics,6.73,58.1,,63.6,15.8,2.0,1.0,2.0,2,1
STU-001496,2026,information_technology,6.7,76.7,55.3,,9.2,2.0,,3.0,1,1
STU-001497,2027,computer_science,6.93,47.1,36.9,51.6,15.6,2.0,0.0,2.0,0,0
STU-001498,2026,information_technology,9.86,29.0,59.1,82.6,25.0,1.0,,1.0,0,0
STU-001499,2025,computer_science,5.59,94.3,83.3,64.6,9.3,1.0,1.0,1.0,1,1
STU-001500,2026,electronics,8.35,63.9,76.7,48.9,12.2,1.0,1.0,3.0,0,0
STU-001501,2026,mechanical,7.75,,32.2,68.2,5.2,0.0,0.0,0.0,0,0
STU-001502,2027,computer_science,8.87,49.9,49.5,67.1,5.9,3.0,0.0,2.0,0,1
STU-001503,2025,electronics,7.82,39.2,58.3,70.6,8.3,1.0,1.0,0.0,0,1
STU-001504,2026,computer_science,7.1,60.5,50.9,61.5,8.7,0.0,1.0,1.0,0,0
STU-001505,2027,computer_science,8.27,30.7,65.4,53.3,2.7,2.0,1.0,4.0,2,0
STU-001506,2026,electronics,7.36,54.7,43.3,42.8,26.0,3.0,0.0,1.0,0,1
STU-001507,2027,,7.97,75.3,52.6,54.6,16.3,3.0,3.0,4.0,0,1
STU-001508,2026,mechanical,8.74,68.2,48.6,38.8,11.3,1.0,1.0,3.0,0,1
STU-001509,2025,computer_science,7.21,62.2,49.6,66.2,5.0,1.0,0.0,2.0,1,0
STU-001510,2027,mechanical,6.61,83.4,65.4,39.5,11.9,0.0,3.0,5.0,0,1
STU-001511,2024,information_technology,6.36,62.3,57.5,57.0,7.8,4.0,0.0,1.0,2,0
STU-001512,2025,information_technology,7.62,30.7,45.6,72.2,,2.0,,5.0,1,1
STU-001513,2026,electronics,,53.9,70.6,58.6,,1.0,1.0,2.0,0,0
STU-001514,2027,information_technology,,86.3,71.9,61.2,21.0,1.0,0.0,4.0,0,1
STU-001515,2027,computer_science,5.99,51.3,50.9,68.2,8.7,1.0,2.0,1.0,1,0
STU-001516,2025,mechanical,7.68,87.3,53.4,69.2,20.0,1.0,0.0,1.0,0,0
STU-001517,2024,information_technology,6.24,71.8,81.9,76.5,38.4,2.0,0.0,3.0,1,1
STU-001518,2027,computer_science,5.62,49.1,76.8,69.9,4.9,5.0,2.0,2.0,1,0
STU-001519,2024,information_technology,5.82,39.4,24.5,67.0,8.6,1.0,0.0,1.0,0,0
STU-001520,2025,,6.44,62.0,73.1,34.5,3.9,4.0,3.0,,0,1
STU-001521,2025,electronics,6.55,76.2,82.5,65.4,6.0,2.0,0.0,4.0,0,0
STU-001522,2026,mechanical,7.39,35.1,67.7,85.2,11.0,2.0,0.0,2.0,2,0
STU-001523,2027,information_technology,6.91,59.6,46.7,71.1,3.3,3.0,2.0,3.0,1,0
STU-001524,2027,computer_science,7.53,28.4,51.2,75.6,23.7,4.0,0.0,1.0,0,0
STU-001525,2026,computer_science,7.62,54.1,86.6,52.6,7.0,4.0,,1.0,1,1
STU-001526,2024,computer_science,7.95,35.1,73.0,61.0,13.8,1.0,0.0,4.0,0,1
STU-001527,2025,electronics,4.91,62.2,55.9,69.9,25.0,,2.0,3.0,1,0
STU-001528,2026,computer_science,5.8,45.3,89.9,68.2,3.7,4.0,1.0,0.0,0,1
STU-001529,2024,electronics,7.74,76.8,,73.1,14.7,3.0,1.0,0.0,0,0
STU-001530,2025,electronics,7.34,50.6,54.8,46.1,16.7,1.0,1.0,1.0,0,0
STU-001531,2025,mechanical,8.22,51.0,,50.9,3.5,1.0,0.0,2.0,0,0
STU-001532,2024,computer_science,5.32,30.4,44.7,,4.3,1.0,0.0,3.0,0,0
STU-001533,2026,computer_science,6.55,63.0,,65.6,11.2,3.0,1.0,1.0,0,0
STU-001534,2026,civil,6.76,64.9,71.1,59.4,23.5,1.0,0.0,2.0,0,0
STU-001535,2024,electronics,7.29,72.7,43.4,59.3,18.1,4.0,0.0,2.0,1,0
STU-001536,2026,information_technology,7.14,68.1,42.5,52.5,5.6,2.0,0.0,4.0,3,0
STU-001537,2027,electronics,7.64,65.3,51.5,50.2,16.2,0.0,0.0,1.0,0,0
STU-001538,2027,civil,6.97,66.9,51.0,62.0,24.3,3.0,0.0,1.0,2,1
STU-001539,2027,computer_science,8.68,71.8,59.6,77.5,6.3,2.0,2.0,4.0,1,1
STU-001540,2026,civil,9.04,,79.6,83.9,6.9,1.0,0.0,1.0,0,1
STU-001541,2027,computer_science,5.81,32.7,70.1,84.0,2.8,5.0,1.0,5.0,0,0
STU-001542,2025,civil,7.15,51.4,51.2,55.4,4.9,3.0,1.0,0.0,1,0
STU-001543,2025,computer_science,8.02,35.7,48.9,45.4,10.7,1.0,0.0,5.0,0,0
STU-001544,2024,computer_science,7.77,64.5,55.9,74.4,6.3,1.0,1.0,2.0,1,0
STU-001545,2026,computer_science,,81.7,38.3,79.8,2.7,0.0,0.0,0.0,0,0
STU-001546,2025,mechanical,7.39,72.2,56.1,67.8,6.3,0.0,1.0,2.0,0,0
STU-001547,2025,civil,5.28,45.5,32.0,61.7,32.5,0.0,2.0,4.0,1,1
STU-001548,2027,computer_science,7.08,65.7,91.5,53.2,24.0,1.0,0.0,3.0,0,0
STU-001549,2025,computer_science,5.42,60.1,50.9,70.5,13.0,2.0,1.0,0.0,1,0
STU-001550,2025,computer_science,7.68,62.9,48.6,70.1,12.3,4.0,,3.0,0,0
STU-001551,2024,computer_science,5.82,36.1,62.3,66.0,23.1,,1.0,1.0,1,0
STU-001552,2026,mechanical,7.29,78.3,35.2,46.5,13.3,1.0,,1.0,0,0
STU-001553,2025,computer_science,7.47,41.3,44.8,48.1,10.6,3.0,1.0,2.0,2,0
STU-001554,2025,civil,7.19,52.9,63.0,60.7,14.7,3.0,1.0,0.0,0,0
STU-001555,2025,civil,6.37,71.1,54.8,76.6,5.5,0.0,1.0,1.0,0,0
STU-001556,2027,computer_science,6.86,52.1,72.3,74.7,10.8,7.0,0.0,1.0,0,0
STU-001557,2027,information_technology,8.46,62.1,14.4,56.4,12.0,3.0,0.0,2.0,1,1
STU-001558,2026,civil,6.61,59.0,67.4,36.4,8.7,4.0,0.0,3.0,1,0
STU-001559,2026,mechanical,7.12,59.2,46.3,80.7,11.2,1.0,0.0,1.0,2,0
STU-001560,2027,electronics,6.46,58.6,32.9,79.4,7.5,1.0,0.0,1.0,0,0
STU-001561,2027,computer_science,8.27,63.8,30.8,63.7,4.5,4.0,0.0,3.0,0,0
STU-001562,2026,computer_science,7.19,59.5,46.3,56.0,6.6,2.0,0.0,1.0,1,0
STU-001563,2027,mechanical,6.22,43.0,78.9,57.7,,2.0,0.0,1.0,0,0
STU-001564,2027,information_technology,7.11,35.0,71.9,75.0,10.6,8.0,1.0,2.0,1,0
STU-001565,2027,electronics,6.82,72.6,82.1,69.5,11.5,2.0,0.0,1.0,0,0
STU-001566,2026,electronics,8.7,77.1,59.9,56.0,8.3,1.0,0.0,2.0,1,1
STU-001567,2024,information_technology,7.05,63.2,57.0,,2.2,2.0,4.0,1.0,0,1
STU-001568,2024,computer_science,5.51,60.0,22.2,40.6,13.8,2.0,0.0,0.0,1,0
STU-001569,2026,information_technology,7.67,,30.8,53.6,9.5,1.0,1.0,1.0,1,0
STU-001570,2026,mechanical,9.15,25.7,61.1,53.9,13.9,1.0,2.0,1.0,1,0
STU-001571,2025,computer_science,8.48,57.2,37.5,63.5,10.9,2.0,0.0,2.0,1,0
STU-001572,2026,computer_science,5.83,27.2,,77.9,6.6,1.0,2.0,2.0,0,0
STU-001573,2026,civil,6.79,60.3,54.9,73.6,10.0,5.0,0.0,3.0,0,1
STU-001574,2027,electronics,7.06,77.7,76.9,63.8,35.1,1.0,0.0,1.0,2,1
STU-001575,2024,information_technology,7.08,48.9,55.5,43.4,19.2,1.0,1.0,3.0,0,0
STU-001576,2025,mechanical,7.54,50.7,34.0,75.4,12.2,1.0,0.0,0.0,0,0
STU-001577,2027,information_technology,6.7,42.3,22.8,46.1,40.0,3.0,1.0,1.0,1,0
STU-001578,2027,civil,6.05,56.8,53.2,56.4,5.9,1.0,0.0,3.0,0,0
STU-001579,2027,mechanical,8.19,59.9,49.1,60.9,8.3,2.0,1.0,1.0,0,0
STU-001580,2027,computer_science,5.81,40.3,52.2,50.7,10.6,3.0,0.0,3.0,1,0
STU-001581,2027,information_technology,6.18,70.0,48.2,50.4,4.7,1.0,0.0,1.0,0,0
STU-001582,2025,computer_science,5.8,96.1,49.0,74.4,30.5,2.0,1.0,1.0,0,0
STU-001583,2025,electronics,7.8,77.5,78.6,82.4,32.3,1.0,0.0,3.0,0,1
STU-001584,2025,electronics,7.22,56.8,73.8,61.0,15.8,3.0,0.0,2.0,1,0
STU-001585,2026,information_technology,8.12,58.4,65.7,37.1,1.9,,1.0,3.0,1,0
STU-001586,2027,civil,6.2,48.7,36.6,65.9,3.0,3.0,1.0,0.0,1,0
STU-001587,2025,information_technology,5.66,47.3,40.3,52.3,12.7,2.0,0.0,0.0,0,0
STU-001588,2026,mechanical,6.59,71.6,66.3,67.0,,2.0,0.0,2.0,0,0
STU-001589,2025,electronics,6.89,72.8,76.7,66.1,7.4,3.0,1.0,6.0,2,0
STU-001590,2024,information_technology,7.34,41.1,34.7,35.7,13.5,3.0,1.0,1.0,0,0
STU-001591,2025,computer_science,5.17,59.8,73.6,56.5,22.3,6.0,1.0,1.0,0,0
STU-001592,2024,electronics,7.65,76.0,44.3,70.6,5.6,0.0,2.0,3.0,0,0
STU-001593,2027,electronics,6.07,50.9,62.7,60.7,21.0,1.0,0.0,0.0,0,1
STU-001594,2025,computer_science,6.36,53.5,100.0,46.7,8.3,2.0,1.0,0.0,0,1
STU-001595,2027,mechanical,8.45,71.3,33.8,71.2,9.1,1.0,0.0,0.0,0,0
STU-001596,2026,information_technology,4.59,64.0,53.9,38.7,12.2,4.0,0.0,2.0,0,0
STU-001597,2025,computer_science,7.47,65.4,51.5,65.3,4.5,2.0,1.0,5.0,1,0
STU-001598,2024,mechanical,,62.7,64.5,54.5,14.2,2.0,0.0,2.0,1,0
STU-001599,2027,information_technology,6.16,62.1,41.1,68.1,6.3,1.0,1.0,3.0,0,0
STU-001600,2025,electronics,6.59,53.0,11.2,58.8,5.0,4.0,2.0,2.0,0,0
STU-001601,2027,electronics,,44.2,48.2,68.8,,2.0,1.0,2.0,3,0
STU-001602,2024,computer_science,9.36,39.4,70.3,81.1,4.1,1.0,0.0,4.0,2,1
STU-001603,2026,information_technology,8.32,,83.2,71.7,4.6,0.0,0.0,0.0,1,0
STU-001604,2027,computer_science,9.27,64.2,71.0,71.5,17.1,1.0,0.0,2.0,0,0
STU-001605,2025,computer_science,6.3,63.4,77.3,70.2,13.4,5.0,2.0,1.0,0,0
STU-001606,2025,electronics,5.28,42.1,39.7,38.0,9.1,3.0,1.0,4.0,0,0
STU-001607,2027,computer_science,7.04,59.6,45.4,63.1,5.0,1.0,0.0,5.0,0,0
STU-001608,2025,civil,8.03,61.2,64.9,65.8,15.1,2.0,1.0,1.0,0,0
STU-001609,2026,information_technology,4.97,73.1,40.5,69.7,20.6,3.0,1.0,2.0,0,1
STU-001610,2026,computer_science,6.03,68.8,70.2,60.8,40.0,2.0,0.0,1.0,0,0
STU-001611,2025,civil,6.16,45.2,27.8,72.0,21.7,4.0,1.0,1.0,0,0
STU-001612,2027,information_technology,7.51,66.6,71.7,48.6,7.5,,,4.0,0,0
STU-001613,2027,electronics,7.36,,77.0,89.9,4.3,4.0,0.0,2.0,0,1
STU-001614,2025,electronics,6.21,17.2,,69.8,9.6,2.0,0.0,1.0,1,0
STU-001615,2027,mechanical,7.31,84.5,71.7,49.1,20.5,1.0,1.0,1.0,4,0
STU-001616,2025,computer_science,5.78,49.9,39.1,81.0,7.4,2.0,1.0,,1,0
STU-001617,2024,computer_science,6.61,72.8,39.3,46.4,2.6,1.0,0.0,3.0,1,0
STU-001618,2026,civil,5.65,45.4,55.6,62.1,13.6,8.0,0.0,2.0,1,0
STU-001619,2027,computer_science,6.93,45.7,42.4,63.6,7.8,4.0,2.0,1.0,1,1
STU-001620,2024,electronics,6.18,48.2,56.8,56.3,4.9,1.0,1.0,2.0,0,0
STU-001621,2025,electronics,7.89,63.6,63.7,60.3,22.1,2.0,1.0,5.0,1,1
STU-001622,2026,information_technology,7.07,60.8,54.1,62.9,5.1,1.0,0.0,3.0,1,0
STU-001623,2027,mechanical,6.84,65.1,59.2,47.0,7.3,2.0,0.0,5.0,0,0
STU-001624,2024,civil,9.13,54.8,74.3,65.8,6.5,0.0,0.0,3.0,0,0
STU-001625,2025,computer_science,7.54,59.7,55.5,62.0,2.7,2.0,0.0,0.0,0,0
STU-001626,2027,electronics,6.68,44.7,45.6,89.2,,2.0,0.0,0.0,1,0
STU-001627,2025,electronics,6.43,78.9,,82.8,2.4,3.0,0.0,3.0,0,0
STU-001628,2025,computer_science,5.74,35.8,54.6,51.7,4.2,1.0,0.0,4.0,1,0
STU-001629,2025,mechanical,7.02,45.7,62.8,60.0,4.9,2.0,0.0,0.0,0,0
STU-001630,2025,information_technology,7.45,52.6,66.7,52.3,3.3,2.0,0.0,4.0,0,0
STU-001631,2026,computer_science,4.9,89.6,49.1,58.4,12.9,1.0,1.0,1.0,1,1
STU-001632,2027,mechanical,5.53,,43.3,74.0,11.0,1.0,0.0,0.0,0,0
STU-001633,2026,civil,6.51,44.2,42.5,60.6,13.9,1.0,0.0,1.0,0,1
STU-001634,2026,computer_science,5.84,68.0,48.8,55.0,2.8,1.0,1.0,2.0,0,1
STU-001635,2027,electronics,7.15,66.0,63.8,70.5,18.0,1.0,0.0,4.0,0,0
STU-001636,2025,computer_science,7.31,62.7,65.2,34.9,18.5,2.0,0.0,1.0,0,1
STU-001637,2025,computer_science,6.96,68.4,57.3,56.6,19.9,3.0,0.0,5.0,0,0
STU-001638,2027,computer_science,7.73,60.3,63.9,81.2,10.1,4.0,2.0,3.0,0,0
STU-001639,2025,mechanical,6.43,59.4,33.9,81.8,9.6,4.0,1.0,0.0,0,0
STU-001640,2027,computer_science,7.05,34.8,47.3,80.3,13.9,4.0,0.0,0.0,0,0
STU-001641,2027,computer_science,5.95,77.5,62.2,44.8,21.6,2.0,0.0,2.0,0,0
STU-001642,2024,electronics,7.43,52.1,42.5,44.7,9.5,2.0,0.0,3.0,0,0
STU-001643,2026,information_technology,7.19,39.8,58.2,55.1,8.2,4.0,1.0,5.0,1,0
STU-001644,2025,computer_science,5.72,47.9,50.8,62.2,11.6,3.0,0.0,1.0,1,0
STU-001645,2025,computer_science,6.92,50.9,52.8,51.7,9.6,3.0,1.0,2.0,0,0
STU-001646,2026,mechanical,7.06,46.1,66.8,38.5,2.2,3.0,2.0,2.0,0,0
STU-001647,2025,electronics,7.42,70.5,60.6,75.0,,5.0,1.0,4.0,0,1
STU-001648,2027,mechanical,7.47,73.5,36.5,72.7,10.4,4.0,0.0,2.0,0,0
STU-001649,2027,computer_science,6.27,27.2,60.9,53.7,12.8,3.0,1.0,2.0,0,0
STU-001650,2027,information_technology,7.98,52.2,50.3,72.0,13.1,2.0,0.0,2.0,0,1
STU-001651,2025,mechanical,7.7,52.8,34.6,75.2,11.1,3.0,2.0,1.0,0,1
STU-001652,2025,computer_science,6.27,54.0,64.7,28.7,16.3,0.0,0.0,3.0,3,0
STU-001653,2025,computer_science,5.79,81.2,30.0,71.0,29.4,1.0,0.0,1.0,1,0
STU-001654,2024,information_technology,6.35,44.5,46.4,61.1,9.3,1.0,0.0,2.0,0,0
STU-001655,2027,computer_science,5.41,78.3,53.6,26.8,13.0,1.0,0.0,,0,0
STU-001656,2025,computer_science,7.34,56.5,55.1,76.3,23.3,0.0,2.0,4.0,2,0
STU-001657,2025,civil,8.46,84.5,50.2,63.1,9.2,3.0,0.0,1.0,2,0
STU-001658,2027,information_technology,8.73,56.8,45.0,39.7,10.6,3.0,1.0,2.0,1,0
STU-001659,2025,electronics,5.85,49.3,37.5,67.6,2.1,4.0,1.0,3.0,2,0
STU-001660,2024,computer_science,8.0,59.7,40.7,64.5,8.2,3.0,0.0,3.0,0,0
STU-001661,2024,electronics,7.2,77.8,53.6,69.6,12.0,4.0,0.0,1.0,2,1
STU-001662,2026,information_technology,4.34,55.1,35.1,34.9,11.4,3.0,1.0,3.0,1,0
STU-001663,2027,civil,6.72,60.6,30.4,57.8,9.7,2.0,1.0,3.0,2,0
STU-001664,2025,information_technology,6.59,66.7,48.4,48.3,7.5,3.0,1.0,5.0,2,0
STU-001665,2027,mechanical,,47.8,50.0,59.7,11.8,4.0,2.0,2.0,2,1
STU-001666,2027,computer_science,6.1,61.2,56.0,38.2,20.9,1.0,0.0,1.0,0,0
STU-001667,2027,electronics,7.75,50.1,,46.4,7.7,2.0,0.0,1.0,0,0
STU-001668,2025,civil,6.98,80.0,,83.6,4.4,2.0,0.0,0.0,1,0
STU-001669,2024,electronics,5.44,61.2,59.8,78.3,20.0,3.0,1.0,,0,1
STU-001670,2027,electronics,6.46,67.3,34.4,75.6,12.4,0.0,2.0,2.0,0,0
STU-001671,2025,mechanical,8.86,31.1,25.5,82.6,4.0,5.0,0.0,3.0,0,0
STU-001672,2026,civil,6.9,68.4,28.8,35.8,15.0,5.0,0.0,3.0,0,1
STU-001673,2027,computer_science,8.14,57.6,51.0,61.2,,4.0,1.0,5.0,1,0
STU-001674,2024,computer_science,8.08,,32.0,65.4,3.5,6.0,0.0,3.0,1,0
STU-001675,2027,information_technology,6.58,58.6,42.9,56.6,13.9,4.0,1.0,2.0,0,1
STU-001676,2027,civil,5.62,32.5,50.0,35.9,18.4,2.0,2.0,1.0,0,1
STU-001677,2027,information_technology,5.78,64.7,40.5,74.4,5.3,2.0,0.0,1.0,0,0
STU-001678,2026,computer_science,8.77,83.0,66.8,70.6,7.5,3.0,1.0,8.0,1,0
STU-001679,2027,information_technology,7.27,31.7,45.8,53.3,20.1,4.0,0.0,4.0,1,0
STU-001680,2026,computer_science,5.11,53.8,34.5,73.8,17.6,1.0,0.0,1.0,1,0
STU-001681,2027,computer_science,8.06,57.6,88.3,63.7,8.7,3.0,,1.0,1,1
STU-001682,2027,computer_science,5.05,24.2,46.6,70.9,14.1,0.0,1.0,3.0,1,0
STU-001683,2027,computer_science,6.15,70.0,53.5,49.2,7.6,6.0,0.0,2.0,2,0
STU-001684,2025,electronics,,67.8,70.1,65.3,20.4,2.0,1.0,3.0,0,1
STU-001685,2024,computer_science,10.0,94.4,81.9,65.5,3.7,1.0,2.0,2.0,0,1
STU-001686,2025,computer_science,8.04,,52.9,58.8,3.5,0.0,0.0,1.0,1,0
STU-001687,2026,information_technology,6.55,43.9,71.0,24.6,,1.0,1.0,3.0,3,1
STU-001688,2026,computer_science,7.13,66.0,47.9,64.4,10.5,2.0,1.0,3.0,0,0
STU-001689,2026,information_technology,8.16,79.6,76.9,65.4,40.0,2.0,2.0,0.0,1,1
STU-001690,2025,computer_science,8.74,54.5,41.0,48.8,13.4,0.0,0.0,1.0,0,0
STU-001691,2027,computer_science,6.82,70.4,49.0,70.0,4.6,2.0,0.0,3.0,0,0
STU-001692,2027,electronics,6.85,22.4,58.2,65.4,7.0,3.0,1.0,1.0,0,0
STU-001693,2025,computer_science,6.15,78.4,57.7,67.7,5.9,0.0,1.0,3.0,1,0
STU-001694,2027,computer_science,7.86,71.7,44.1,,5.5,2.0,1.0,3.0,0,0
STU-001695,2026,computer_science,8.28,22.4,32.1,38.1,12.1,4.0,0.0,2.0,1,0
STU-001696,2026,computer_science,4.87,59.5,54.3,38.4,8.6,1.0,0.0,6.0,0,0
STU-001697,2025,computer_science,6.64,27.5,50.1,71.6,7.4,2.0,5.0,3.0,1,1
STU-001698,2027,information_technology,5.7,46.2,43.2,46.7,24.5,5.0,2.0,2.0,1,1
STU-001699,2027,computer_science,7.27,68.7,84.2,50.8,11.0,1.0,1.0,1.0,0,1
STU-001700,2027,computer_science,5.68,53.3,44.7,73.8,0.7,1.0,1.0,4.0,1,0
STU-001701,2027,mechanical,5.58,74.0,40.5,32.1,19.5,4.0,0.0,0.0,2,0
STU-001702,2027,computer_science,8.39,61.7,30.0,39.5,37.0,1.0,0.0,0.0,0,0
STU-001703,2025,computer_science,6.91,57.3,,73.0,4.8,4.0,2.0,2.0,1,0
STU-001704,2026,information_technology,7.03,74.5,70.0,63.2,21.4,4.0,1.0,5.0,0,1
STU-001705,2026,computer_science,7.6,54.1,,34.1,4.0,2.0,1.0,4.0,0,0
STU-001706,2027,mechanical,8.22,60.1,70.6,55.8,2.2,4.0,0.0,0.0,0,0
STU-001707,2024,computer_science,6.62,58.8,31.5,64.5,4.7,6.0,2.0,2.0,0,0
STU-001708,2025,information_technology,6.64,56.3,38.8,46.6,9.1,1.0,0.0,2.0,0,0
STU-001709,2027,civil,6.65,74.7,38.4,41.8,15.3,2.0,0.0,1.0,2,1
STU-001710,2025,computer_science,8.34,,68.5,38.4,5.8,1.0,0.0,0.0,1,0
STU-001711,2027,computer_science,7.02,45.6,51.5,73.8,6.2,2.0,1.0,3.0,0,0
STU-001712,2025,electronics,6.77,41.6,35.2,76.6,9.8,1.0,1.0,4.0,1,0
STU-001713,2027,civil,7.55,27.0,69.3,72.6,8.4,0.0,0.0,1.0,0,0
STU-001714,2027,information_technology,9.21,84.7,72.2,79.3,26.4,3.0,1.0,1.0,1,1
STU-001715,2025,electronics,7.19,44.9,61.5,79.9,12.8,2.0,0.0,1.0,2,0
STU-001716,2027,computer_science,6.79,54.0,59.2,40.8,8.9,0.0,,5.0,0,1
STU-001717,2025,electronics,9.33,86.0,49.8,76.0,22.0,3.0,3.0,2.0,1,1
STU-001718,2026,computer_science,8.63,59.1,82.9,63.6,21.1,1.0,0.0,1.0,0,1
STU-001719,2026,electronics,8.46,68.6,59.1,88.6,8.8,4.0,2.0,1.0,0,1
STU-001720,2027,computer_science,6.52,35.7,57.7,100.0,21.7,0.0,0.0,4.0,0,1
STU-001721,2024,information_technology,6.41,77.8,59.2,59.3,18.0,2.0,1.0,1.0,1,0
STU-001722,2025,computer_science,4.99,52.2,30.9,57.7,16.4,0.0,0.0,5.0,1,0
STU-001723,2026,electronics,8.21,45.1,92.1,56.6,4.8,3.0,1.0,2.0,0,0
STU-001724,2026,electronics,7.19,43.1,55.3,63.0,9.0,0.0,0.0,2.0,0,0
STU-001725,2026,mechanical,5.03,79.4,47.7,65.2,,1.0,0.0,0.0,0,0
STU-001726,2024,civil,8.48,52.2,53.9,98.9,7.9,0.0,2.0,1.0,0,1
STU-001727,2025,information_technology,6.71,42.5,73.4,64.0,9.9,4.0,0.0,3.0,1,0
STU-001728,2027,electronics,6.85,,74.7,56.0,12.4,2.0,0.0,5.0,0,0
STU-001729,2024,computer_science,5.36,55.4,51.1,62.2,2.2,3.0,0.0,1.0,0,0
STU-001730,2025,civil,7.67,61.6,32.7,50.5,10.0,2.0,1.0,3.0,0,0
STU-001731,2027,electronics,7.68,66.0,54.9,38.5,21.0,1.0,1.0,4.0,0,0
STU-001732,2024,information_technology,7.04,61.6,54.1,59.9,22.5,1.0,0.0,0.0,0,0
STU-001733,2027,information_technology,6.62,66.9,45.8,94.7,2.3,0.0,1.0,,0,0
STU-001734,2025,electronics,10.0,59.9,50.3,74.4,22.8,2.0,0.0,3.0,0,0
STU-001735,2027,mechanical,5.72,86.5,23.4,55.3,4.4,3.0,1.0,1.0,0,0
STU-001736,2027,mechanical,6.27,49.2,77.1,66.9,15.7,3.0,0.0,0.0,0,1
STU-001737,2027,information_technology,7.91,80.1,71.3,97.2,12.1,0.0,0.0,3.0,1,0
STU-001738,2025,,5.93,46.9,51.3,64.8,31.6,1.0,1.0,2.0,0,0
STU-001739,2026,civil,5.85,34.3,39.3,49.5,3.3,7.0,0.0,6.0,1,0
STU-001740,2027,electronics,8.4,35.8,66.7,63.0,40.0,2.0,1.0,,0,1
STU-001741,2025,information_technology,7.8,64.2,61.7,71.0,16.7,2.0,1.0,2.0,0,0
STU-001742,2025,electronics,7.66,76.7,50.8,67.8,12.9,,1.0,1.0,0,1
STU-001743,2024,electronics,7.31,41.4,62.9,82.3,5.8,2.0,0.0,4.0,2,0
STU-001744,2027,electronics,6.3,43.4,60.9,63.4,5.7,1.0,2.0,3.0,0,0
STU-001745,2026,information_technology,6.81,63.4,65.9,29.2,21.7,1.0,,3.0,0,0
STU-001746,2026,mechanical,7.01,58.0,39.9,68.6,12.8,0.0,0.0,1.0,1,0
STU-001747,2027,mechanical,8.07,51.4,66.6,67.7,2.4,1.0,0.0,3.0,0,0
STU-001748,2026,information_technology,7.59,40.0,77.4,66.7,9.4,2.0,0.0,1.0,0,0
STU-001749,2026,computer_science,6.03,60.7,56.2,50.1,23.2,4.0,1.0,2.0,2,0
STU-001750,2026,electronics,8.01,69.8,96.6,89.9,3.0,2.0,0.0,1.0,0,1
STU-001751,2026,electronics,5.17,61.7,44.6,46.8,15.4,0.0,0.0,3.0,0,0
STU-001752,2025,information_technology,6.73,57.9,24.7,48.3,14.3,2.0,1.0,3.0,0,0
STU-001753,2027,mechanical,5.79,39.7,35.7,58.8,20.1,4.0,1.0,2.0,0,0
STU-001754,2027,computer_science,6.11,60.9,40.1,,10.7,3.0,0.0,3.0,1,1
STU-001755,2025,computer_science,9.32,66.2,73.8,81.2,6.0,0.0,1.0,2.0,0,0
STU-001756,2026,mechanical,5.41,35.1,62.8,71.0,19.4,2.0,1.0,1.0,0,1
STU-001757,2024,civil,6.16,51.8,53.9,74.5,10.3,4.0,0.0,1.0,0,0
STU-001758,2027,information_technology,7.69,64.9,62.7,43.8,5.5,1.0,2.0,3.0,0,1
STU-001759,2027,computer_science,6.56,55.9,85.8,38.2,11.7,2.0,0.0,1.0,1,0
STU-001760,2027,information_technology,7.28,,42.0,56.8,24.2,1.0,2.0,,0,0
STU-001761,2025,information_technology,8.74,51.9,60.7,74.4,1.5,6.0,4.0,0.0,0,0
STU-001762,2024,information_technology,7.85,49.1,50.7,74.8,8.4,3.0,0.0,2.0,0,0
STU-001763,2025,computer_science,6.56,65.5,33.3,49.8,11.1,3.0,1.0,0.0,0,0
STU-001764,2024,computer_science,6.95,96.9,20.4,48.3,17.4,0.0,0.0,3.0,1,0
STU-001765,2024,electronics,7.71,61.4,79.9,78.4,7.2,1.0,0.0,5.0,0,1
STU-001766,2024,electronics,7.83,41.7,45.3,64.7,6.8,2.0,0.0,5.0,0,0
STU-001767,2027,electronics,7.12,55.8,51.2,33.0,6.6,3.0,0.0,1.0,0,0
STU-001768,2024,information_technology,7.51,59.2,64.4,46.3,7.8,1.0,1.0,1.0,3,0
STU-001769,2024,computer_science,7.52,70.4,36.8,68.8,15.9,3.0,1.0,1.0,0,0
STU-001770,2027,information_technology,6.99,76.6,40.8,45.4,7.3,0.0,1.0,1.0,0,0
STU-001771,2026,civil,6.4,77.7,,48.2,7.4,2.0,1.0,3.0,0,0
STU-001772,2027,information_technology,7.95,68.0,51.4,48.7,4.0,3.0,1.0,2.0,0,1
STU-001773,2026,electronics,7.44,58.9,,74.2,5.5,2.0,0.0,3.0,1,0
STU-001774,2027,information_technology,,75.7,56.1,61.9,12.8,0.0,2.0,1.0,1,0
STU-001775,2026,mechanical,6.15,51.1,43.7,85.5,13.1,3.0,0.0,1.0,0,0
STU-001776,2026,information_technology,6.55,57.9,55.5,56.0,9.7,0.0,1.0,1.0,1,0
STU-001777,2026,,6.87,54.1,55.4,59.0,9.8,5.0,1.0,1.0,2,0
STU-001778,2026,mechanical,8.48,29.0,77.4,66.7,4.9,1.0,0.0,2.0,0,0
STU-001779,2025,computer_science,10.0,,73.0,53.3,15.5,2.0,0.0,0.0,1,0
STU-001780,2026,electronics,4.27,62.7,29.4,39.6,8.3,1.0,0.0,4.0,1,0
STU-001781,2024,information_technology,7.45,23.3,76.6,57.1,12.6,1.0,1.0,2.0,0,0
STU-001782,2027,civil,7.18,73.4,47.7,51.5,21.6,1.0,1.0,3.0,1,0
STU-001783,2025,electronics,6.89,53.2,40.7,60.2,15.0,2.0,0.0,4.0,0,1
STU-001784,2024,computer_science,7.72,74.3,41.5,53.6,11.8,2.0,1.0,3.0,0,1
STU-001785,2025,mechanical,7.27,59.7,16.2,68.3,10.1,2.0,1.0,1.0,0,1
STU-001786,2027,electronics,6.68,37.0,43.4,57.1,7.1,2.0,1.0,5.0,0,0
STU-001787,2025,electronics,7.13,58.7,62.3,39.4,7.1,2.0,0.0,4.0,0,0
STU-001788,2026,computer_science,,46.0,34.8,53.3,6.1,1.0,4.0,2.0,0,0
STU-001789,2027,computer_science,7.63,40.9,86.6,45.2,19.9,3.0,0.0,3.0,0,1
STU-001790,2024,electronics,7.32,71.6,18.2,88.9,5.1,2.0,0.0,1.0,1,0
STU-001791,2027,information_technology,6.43,,39.4,62.6,7.7,2.0,0.0,1.0,0,0
STU-001792,2025,mechanical,10.0,86.5,41.7,71.3,10.5,1.0,1.0,3.0,0,1
STU-001793,2025,computer_science,7.51,53.1,72.7,60.7,29.6,1.0,0.0,3.0,0,1
STU-001794,2026,,7.98,45.5,70.0,87.7,3.8,1.0,1.0,4.0,0,1
STU-001795,2027,computer_science,6.52,66.6,48.5,44.3,4.1,4.0,0.0,5.0,0,0
STU-001796,2025,electronics,7.32,46.1,,50.9,19.3,2.0,0.0,1.0,0,0
STU-001797,2026,computer_science,7.31,54.0,35.9,77.6,14.0,0.0,0.0,2.0,0,0
STU-001798,2025,information_technology,4.9,61.7,50.9,54.8,11.8,2.0,0.0,2.0,0,1
STU-001799,2026,computer_science,6.28,54.7,40.6,51.5,16.7,2.0,1.0,3.0,0,1
STU-001800,2026,electronics,6.25,49.2,42.5,54.1,5.2,1.0,2.0,4.0,1,0
STU-001801,2026,computer_science,6.41,35.8,51.4,89.0,16.8,1.0,3.0,3.0,1,1
STU-001802,2026,mechanical,5.87,69.8,43.5,90.6,13.9,4.0,0.0,0.0,0,0
STU-001803,2024,computer_science,7.15,,25.9,67.7,7.8,1.0,0.0,4.0,1,0
STU-001804,2026,information_technology,8.71,70.7,39.2,64.8,10.2,,0.0,1.0,0,0
STU-001805,2026,electronics,7.25,65.8,33.8,73.0,5.0,2.0,2.0,3.0,0,0
STU-001806,2026,computer_science,5.74,71.9,37.6,67.5,16.1,1.0,1.0,2.0,0,0
STU-001807,2024,computer_science,5.91,52.3,52.2,64.5,4.0,1.0,,0.0,2,0
STU-001808,2026,computer_science,6.67,52.1,54.5,55.7,4.3,4.0,3.0,2.0,0,0
STU-001809,2025,electronics,5.47,38.3,69.1,53.4,7.4,,0.0,2.0,0,0
STU-001810,2024,civil,7.45,50.8,32.9,68.9,1.4,5.0,3.0,1.0,0,0
STU-001811,2025,computer_science,8.66,66.4,66.8,,10.6,2.0,1.0,1.0,1,1
STU-001812,2026,electronics,6.44,44.6,39.4,82.6,12.3,5.0,0.0,0.0,0,0
STU-001813,2027,electronics,7.19,63.1,89.3,58.4,21.5,1.0,0.0,,0,0
STU-001814,2025,electronics,6.61,79.2,51.6,49.0,8.4,0.0,1.0,1.0,0,0
STU-001815,2027,information_technology,,50.1,43.0,41.5,11.3,,2.0,1.0,0,0
STU-001816,2026,civil,7.32,38.9,60.9,51.2,10.1,3.0,1.0,1.0,0,0
STU-001817,2027,information_technology,6.34,50.5,55.7,41.9,18.2,3.0,3.0,2.0,0,0
STU-001818,2026,mechanical,6.17,35.0,45.2,78.1,28.0,2.0,1.0,1.0,2,0
STU-001819,2026,computer_science,5.24,74.5,58.0,56.0,11.6,2.0,1.0,1.0,0,1
STU-001820,2026,mechanical,7.17,59.6,81.4,51.3,8.3,4.0,0.0,0.0,0,0
STU-001821,2027,civil,8.33,49.7,75.9,68.7,11.9,1.0,2.0,2.0,1,0
STU-001822,2026,civil,7.91,51.4,56.1,89.3,10.0,4.0,1.0,3.0,0,0
STU-001823,2026,computer_science,8.82,43.9,92.5,56.0,4.1,5.0,0.0,3.0,1,0
STU-001824,2026,mechanical,6.32,71.8,60.5,46.1,7.2,1.0,1.0,0.0,0,0
STU-001825,2027,computer_science,8.08,87.7,40.7,56.5,,3.0,3.0,4.0,0,1
STU-001826,2024,electronics,5.83,33.3,51.3,36.0,17.3,4.0,0.0,1.0,0,0
STU-001827,2026,information_technology,7.92,75.5,55.0,69.2,31.5,1.0,1.0,2.0,1,0
STU-001828,2026,,8.99,58.3,53.8,70.1,3.1,0.0,3.0,3.0,0,0
STU-001829,2027,information_technology,7.67,78.4,63.0,55.8,13.6,1.0,2.0,2.0,1,1
STU-001830,2026,computer_science,9.01,34.5,31.1,46.3,3.5,3.0,0.0,4.0,2,0
STU-001831,2026,computer_science,6.41,60.2,79.9,95.6,25.7,3.0,0.0,3.0,0,1
STU-001832,2027,computer_science,6.95,51.8,65.2,44.8,9.4,3.0,0.0,3.0,0,1
STU-001833,2026,information_technology,6.05,,19.9,51.5,15.5,2.0,0.0,1.0,2,0
STU-001834,2025,mechanical,7.14,59.2,65.8,62.5,2.4,1.0,1.0,0.0,0,1
STU-001835,2025,electronics,,59.2,64.2,74.1,12.8,1.0,2.0,3.0,1,1
STU-001836,2024,mechanical,7.13,56.7,80.4,59.9,22.1,2.0,0.0,4.0,0,0
STU-001837,2024,mechanical,6.55,80.5,82.5,62.5,19.0,0.0,,1.0,0,0
STU-001838,2026,information_technology,6.54,54.4,85.3,70.6,11.4,2.0,0.0,1.0,1,0
STU-001839,2027,information_technology,7.5,72.0,52.3,100.0,5.5,1.0,0.0,1.0,1,0
STU-001840,2027,information_technology,6.92,67.3,63.9,53.9,14.5,2.0,0.0,1.0,0,0
STU-001841,2024,computer_science,5.78,68.9,41.9,54.9,12.5,4.0,1.0,1.0,1,0
STU-001842,2026,electronics,4.92,38.6,63.3,60.5,21.2,2.0,1.0,,0,0
STU-001843,2024,electronics,6.42,67.4,15.9,71.5,5.5,3.0,0.0,1.0,2,0
STU-001844,2027,electronics,5.51,60.1,27.4,97.4,13.2,6.0,3.0,5.0,0,0
STU-001845,2024,electronics,6.14,38.4,44.2,,15.6,1.0,1.0,3.0,1,0
STU-001846,2026,computer_science,6.61,54.0,52.4,69.8,2.4,0.0,2.0,1.0,0,1
STU-001847,2025,mechanical,6.93,92.3,57.5,31.8,7.3,4.0,1.0,0.0,2,0
STU-001848,2026,computer_science,6.33,50.8,74.0,62.9,15.1,1.0,2.0,3.0,3,0
STU-001849,2025,mechanical,,57.7,54.4,61.8,6.3,1.0,0.0,3.0,0,0
STU-001850,2027,computer_science,5.65,62.1,27.6,76.3,21.7,2.0,4.0,1.0,0,0
STU-001851,2025,information_technology,8.49,52.9,54.4,54.8,,2.0,1.0,1.0,0,1
STU-001852,2027,information_technology,6.91,59.9,44.3,44.9,9.0,2.0,1.0,0.0,0,0
STU-001853,2026,,6.34,50.0,61.8,65.2,1.7,4.0,1.0,2.0,0,0
STU-001854,2027,information_technology,7.78,65.6,,40.2,9.2,2.0,0.0,3.0,0,0
STU-001855,2027,computer_science,6.58,56.2,77.7,50.7,7.7,3.0,0.0,1.0,1,0
STU-001856,2027,electronics,6.17,85.6,70.2,62.8,28.6,2.0,0.0,,0,1
STU-001857,2025,civil,9.16,63.0,54.0,28.4,6.4,3.0,0.0,1.0,0,1
STU-001858,2025,computer_science,4.58,49.8,42.6,58.4,8.2,1.0,0.0,1.0,0,1
STU-001859,2025,information_technology,6.82,73.1,61.5,84.1,8.7,2.0,2.0,2.0,1,0
STU-001860,2025,mechanical,7.32,37.8,43.2,39.4,8.8,3.0,0.0,2.0,0,0
STU-001861,2026,information_technology,8.72,86.8,50.4,52.4,4.6,1.0,1.0,,1,1
STU-001862,2027,mechanical,6.64,42.5,59.9,70.2,2.5,3.0,0.0,3.0,0,0
STU-001863,2027,information_technology,10.0,81.9,43.8,73.4,6.6,2.0,0.0,0.0,0,0
STU-001864,2026,information_technology,7.97,81.8,77.5,62.8,12.1,2.0,1.0,3.0,0,1
STU-001865,2026,computer_science,4.38,44.9,37.7,59.4,18.9,2.0,1.0,2.0,0,0
STU-001866,2027,computer_science,5.43,48.4,57.9,85.1,8.2,3.0,0.0,3.0,2,0
STU-001867,2027,electronics,7.37,57.1,60.0,,9.4,2.0,1.0,1.0,0,1
STU-001868,2025,mechanical,5.78,64.9,71.5,47.2,,3.0,0.0,0.0,1,0
STU-001869,2026,computer_science,7.73,44.5,21.7,63.7,13.3,4.0,0.0,1.0,0,0
STU-001870,2027,civil,6.58,55.5,74.7,60.1,12.2,3.0,0.0,2.0,0,0
STU-001871,2025,information_technology,5.72,50.7,70.9,55.9,21.7,1.0,0.0,3.0,2,1
STU-001872,2026,information_technology,5.99,38.7,55.7,38.5,,1.0,0.0,2.0,0,0
STU-001873,2027,mechanical,,44.5,68.2,61.9,11.7,1.0,5.0,2.0,0,0
STU-001874,2027,mechanical,4.77,55.5,56.2,70.2,17.0,2.0,1.0,2.0,1,0
STU-001875,2027,information_technology,8.3,62.3,44.9,72.5,8.7,1.0,0.0,1.0,1,0
STU-001876,2027,computer_science,8.34,49.2,61.3,62.2,3.4,2.0,0.0,0.0,0,0
STU-001877,2025,computer_science,6.72,58.6,69.0,62.5,7.5,3.0,1.0,2.0,0,1
STU-001878,2025,computer_science,5.48,45.3,18.6,54.2,32.2,1.0,1.0,1.0,0,0
STU-001879,2026,mechanical,7.74,79.1,66.0,75.6,18.5,2.0,0.0,1.0,1,1
STU-001880,2026,computer_science,6.54,55.5,54.6,45.4,11.4,4.0,0.0,1.0,0,1
STU-001881,2026,electronics,5.36,71.2,59.1,54.7,9.7,2.0,1.0,0.0,0,0
STU-001882,2026,computer_science,9.3,37.2,42.6,50.7,5.6,6.0,1.0,2.0,1,0
STU-001883,2025,information_technology,6.08,61.0,38.7,60.4,11.5,0.0,0.0,5.0,0,0
STU-001884,2027,information_technology,5.41,63.8,24.9,80.4,22.2,1.0,1.0,2.0,0,0
STU-001885,2025,information_technology,7.43,56.8,32.8,45.4,10.3,1.0,1.0,1.0,0,0
STU-001886,2025,electronics,7.02,50.0,69.2,65.9,22.3,4.0,2.0,2.0,0,1
STU-001887,2024,civil,8.81,59.3,52.2,66.2,37.4,4.0,2.0,1.0,0,1
STU-001888,2025,mechanical,6.66,68.5,42.4,48.5,6.7,6.0,0.0,2.0,1,0
STU-001889,2027,electronics,6.67,39.2,72.2,59.3,6.9,4.0,0.0,1.0,1,0
STU-001890,2026,computer_science,7.49,69.5,51.1,49.4,4.9,0.0,2.0,4.0,0,0
STU-001891,2025,civil,7.33,63.4,72.7,63.4,7.2,1.0,1.0,1.0,0,1
STU-001892,2027,mechanical,7.36,54.8,38.6,60.3,6.7,1.0,2.0,4.0,1,1
STU-001893,2026,mechanical,7.41,55.6,50.8,83.1,7.3,3.0,0.0,1.0,0,0
STU-001894,2024,information_technology,7.29,59.5,40.8,51.3,2.6,4.0,1.0,1.0,0,0
STU-001895,2025,computer_science,6.62,82.1,62.8,59.6,8.2,3.0,0.0,2.0,1,0
STU-001896,2024,electronics,8.06,65.3,55.7,56.8,22.2,1.0,0.0,2.0,1,0
STU-001897,2026,information_technology,6.69,43.2,66.2,81.0,13.4,2.0,1.0,1.0,0,1
STU-001898,2025,information_technology,8.03,53.5,61.7,55.1,7.9,4.0,1.0,2.0,0,0
STU-001899,2024,,8.7,44.2,28.7,49.5,14.0,1.0,0.0,1.0,1,1
STU-001900,2024,information_technology,6.32,28.3,47.8,51.1,15.7,2.0,0.0,1.0,0,0
STU-001901,2026,computer_science,9.87,46.3,40.4,50.9,7.8,0.0,,1.0,0,1
STU-001902,2024,electronics,6.28,58.4,58.0,53.9,15.0,2.0,2.0,4.0,0,0
STU-001903,2027,electronics,6.29,75.7,61.6,50.0,0.8,0.0,0.0,2.0,2,0
STU-001904,2024,information_technology,7.72,74.4,69.1,62.2,,2.0,4.0,1.0,0,1
STU-001905,2026,computer_science,7.61,41.9,55.3,43.8,11.9,2.0,2.0,2.0,0,1
STU-001906,2026,civil,7.18,46.4,28.0,70.1,16.8,2.0,0.0,1.0,2,0
STU-001907,2026,information_technology,8.04,46.0,62.7,62.6,17.6,3.0,1.0,2.0,0,1
STU-001908,2024,information_technology,7.39,20.1,63.5,84.7,40.0,0.0,0.0,0.0,1,0
STU-001909,2027,information_technology,,60.4,61.8,68.5,38.1,5.0,1.0,2.0,2,1
STU-001910,2027,information_technology,7.04,70.1,56.6,67.1,8.1,3.0,0.0,1.0,3,1
STU-001911,2024,electronics,6.12,52.4,19.4,90.1,13.8,1.0,1.0,1.0,1,0
STU-001912,2024,computer_science,6.47,,54.0,68.1,19.5,4.0,1.0,2.0,1,1
STU-001913,2027,mechanical,7.64,46.6,55.7,59.0,15.2,3.0,0.0,2.0,0,1
STU-001914,2026,computer_science,7.66,54.4,37.0,49.8,3.7,5.0,0.0,1.0,0,0
STU-001915,2024,civil,7.34,70.2,65.3,82.3,10.7,2.0,0.0,1.0,0,0
STU-001916,2025,electronics,6.12,,43.1,47.9,25.4,3.0,0.0,1.0,0,0
STU-001917,2026,computer_science,8.37,70.3,,46.0,8.0,6.0,1.0,1.0,0,1
STU-001918,2027,electronics,9.33,61.4,72.6,46.1,10.2,1.0,0.0,3.0,0,1
STU-001919,2026,computer_science,7.13,61.8,61.1,51.5,7.6,1.0,1.0,4.0,1,0
STU-001920,2027,civil,9.18,48.3,40.9,62.6,,1.0,0.0,1.0,1,0
STU-001921,2026,electronics,8.1,49.9,52.9,58.3,15.6,3.0,0.0,2.0,2,0
STU-001922,2025,information_technology,9.65,44.5,100.0,69.4,4.0,1.0,1.0,1.0,0,0
STU-001923,2026,information_technology,7.64,68.3,81.3,46.7,13.2,1.0,0.0,3.0,0,0
STU-001924,2025,civil,7.26,54.1,70.2,49.8,5.0,2.0,1.0,2.0,0,0
STU-001925,2025,electronics,8.07,6.2,63.9,64.1,3.3,0.0,1.0,5.0,0,0
STU-001926,2024,information_technology,6.6,64.4,36.6,48.5,20.9,0.0,1.0,2.0,0,0
STU-001927,2025,information_technology,7.57,73.7,54.5,42.9,16.9,4.0,1.0,2.0,0,0
STU-001928,2026,computer_science,8.63,49.1,54.3,40.6,6.8,1.0,0.0,4.0,1,1
STU-001929,2024,electronics,8.04,67.3,57.7,61.3,20.1,2.0,0.0,2.0,0,1
STU-001930,2026,electronics,7.06,55.0,30.7,61.0,2.4,0.0,2.0,2.0,0,0
STU-001931,2026,mechanical,7.33,26.9,72.5,60.4,5.2,2.0,0.0,,0,0
STU-001932,2026,information_technology,7.97,89.2,13.2,79.0,6.1,1.0,0.0,3.0,0,1
STU-001933,2027,electronics,7.93,56.8,73.3,,11.7,0.0,1.0,2.0,0,0
STU-001934,2027,information_technology,7.96,62.9,73.7,62.0,35.1,1.0,2.0,1.0,3,0
STU-001935,2026,mechanical,7.49,49.6,96.5,80.9,3.7,1.0,0.0,0.0,0,1
STU-001936,2024,information_technology,6.15,51.9,47.4,75.7,4.9,0.0,0.0,3.0,0,0
STU-001937,2026,mechanical,6.34,59.1,43.5,51.8,17.4,,1.0,1.0,0,0
STU-001938,2026,computer_science,7.63,,59.6,73.7,9.8,2.0,0.0,3.0,1,0
STU-001939,2025,electronics,8.06,85.5,68.7,86.8,15.3,2.0,0.0,1.0,0,1
STU-001940,2024,mechanical,7.91,72.4,57.1,86.9,12.3,4.0,0.0,0.0,0,0
STU-001941,2025,mechanical,6.32,64.4,32.2,75.7,14.1,5.0,1.0,3.0,1,0
STU-001942,2026,information_technology,6.93,55.7,64.2,67.4,1.8,5.0,0.0,3.0,2,0
STU-001943,2025,electronics,5.75,44.1,50.0,66.1,9.4,0.0,1.0,1.0,1,0
STU-001944,2024,,5.5,70.5,31.9,82.4,23.3,2.0,0.0,0.0,0,0
STU-001945,2027,computer_science,7.19,67.5,28.2,43.3,34.8,1.0,0.0,,0,1
STU-001946,2027,mechanical,8.66,55.3,100.0,79.7,14.2,2.0,1.0,6.0,0,1
STU-001947,2025,mechanical,7.21,42.2,70.0,63.8,33.9,1.0,0.0,3.0,1,1
STU-001948,2027,,9.29,39.0,73.7,49.1,13.4,0.0,1.0,2.0,1,0
STU-001949,2024,civil,6.91,58.3,52.7,45.5,13.2,0.0,0.0,1.0,0,0
STU-001950,2027,information_technology,7.14,54.5,67.3,38.1,14.1,2.0,1.0,1.0,1,1
STU-001951,2027,civil,5.96,73.7,33.0,69.9,6.0,3.0,2.0,5.0,1,0
STU-001952,2024,mechanical,6.7,,57.2,88.9,6.5,1.0,0.0,3.0,2,0
STU-001953,2027,civil,5.73,56.0,54.1,55.0,5.3,3.0,0.0,1.0,1,0
STU-001954,2027,,5.32,53.4,30.8,50.0,5.7,3.0,0.0,0.0,0,0
STU-001955,2027,civil,5.75,38.2,48.2,78.9,3.6,3.0,0.0,0.0,2,0
STU-001956,2027,electronics,7.2,74.3,48.8,63.6,12.6,0.0,0.0,1.0,0,0
STU-001957,2026,computer_science,6.25,55.7,39.0,79.6,5.9,3.0,1.0,5.0,0,0
STU-001958,2024,information_technology,6.53,66.1,43.9,48.3,8.9,2.0,1.0,1.0,0,0
STU-001959,2027,electronics,7.57,76.8,,71.1,11.9,4.0,0.0,2.0,1,0
STU-001960,2026,computer_science,5.32,46.2,66.3,87.4,23.3,2.0,0.0,4.0,1,0
STU-001961,2026,civil,7.19,46.0,82.3,47.3,3.8,1.0,0.0,1.0,0,1
STU-001962,2025,computer_science,8.08,97.2,43.6,57.5,15.4,1.0,0.0,1.0,1,1
STU-001963,2026,mechanical,8.17,69.3,78.6,56.9,9.4,2.0,2.0,2.0,1,0
STU-001964,2024,information_technology,7.69,55.2,57.2,72.5,5.0,0.0,2.0,0.0,0,0
STU-001965,2027,mechanical,7.04,76.7,55.0,79.6,9.4,2.0,,2.0,0,0
STU-001966,2024,civil,6.38,52.1,30.5,52.5,17.3,3.0,1.0,0.0,0,1
STU-001967,2027,information_technology,7.01,62.9,45.5,97.0,17.2,2.0,0.0,3.0,0,0
STU-001968,2027,electronics,9.0,53.5,72.1,62.8,5.1,1.0,1.0,1.0,0,1
STU-001969,2026,computer_science,7.41,58.6,40.1,54.1,10.2,0.0,2.0,4.0,1,0
STU-001970,2026,mechanical,6.98,53.8,42.3,82.0,10.2,2.0,2.0,2.0,1,0
STU-001971,2025,mechanical,7.75,48.2,49.4,64.0,3.5,2.0,1.0,1.0,0,0
STU-001972,2027,computer_science,7.16,62.0,0.0,56.7,7.7,2.0,0.0,0.0,0,0
STU-001973,2027,computer_science,7.36,49.1,62.0,54.4,8.8,0.0,1.0,4.0,0,1
STU-001974,2025,information_technology,6.82,66.3,65.1,91.4,30.3,5.0,1.0,,0,1
STU-001975,2024,computer_science,6.62,52.7,59.7,48.1,14.7,1.0,0.0,1.0,2,0
STU-001976,2025,mechanical,8.25,,76.0,77.8,10.6,3.0,0.0,1.0,1,1
STU-001977,2026,computer_science,4.86,63.0,38.9,50.6,15.3,2.0,0.0,0.0,1,0
STU-001978,2027,civil,7.65,68.9,88.4,53.3,7.7,2.0,0.0,3.0,0,0
STU-001979,2027,civil,6.55,90.9,38.8,60.9,,3.0,0.0,2.0,1,0
STU-001980,2025,civil,4.91,54.1,42.8,68.5,4.3,3.0,1.0,2.0,0,0
STU-001981,2027,electronics,5.98,58.7,45.4,39.0,6.3,3.0,1.0,0.0,1,0
STU-001982,2025,computer_science,7.06,65.3,58.4,54.4,7.1,2.0,0.0,0.0,0,0
STU-001983,2027,mechanical,7.22,73.7,51.8,76.4,1.9,5.0,0.0,1.0,0,0
STU-001984,2025,electronics,7.95,74.3,57.1,76.3,18.5,2.0,1.0,2.0,0,0
STU-001985,2026,civil,8.03,64.8,47.6,57.9,18.3,0.0,0.0,4.0,1,0
STU-001986,2027,information_technology,5.32,54.1,40.8,45.5,5.1,2.0,0.0,1.0,1,0
STU-001987,2025,computer_science,7.53,71.7,19.2,65.0,2.9,1.0,1.0,3.0,0,0
STU-001988,2026,civil,7.94,58.8,72.4,73.7,14.2,4.0,1.0,0.0,0,0
STU-001989,2027,mechanical,7.35,39.4,39.0,64.5,5.5,1.0,0.0,1.0,1,0
STU-001990,2024,computer_science,7.68,36.8,49.4,81.7,15.9,4.0,0.0,3.0,0,0
STU-001991,2024,electronics,,49.4,28.5,58.2,14.2,0.0,2.0,2.0,1,0
STU-001992,2026,computer_science,5.96,57.7,60.5,43.5,20.6,3.0,1.0,3.0,1,0
STU-001993,2025,information_technology,8.67,98.4,,,6.3,4.0,1.0,0.0,0,1
STU-001994,2024,information_technology,6.78,55.8,12.6,,7.4,2.0,1.0,2.0,1,0
STU-001995,2026,information_technology,9.66,64.0,70.4,52.2,5.5,2.0,1.0,,0,1
STU-001996,2027,computer_science,5.63,49.2,36.8,54.7,2.1,1.0,2.0,3.0,0,0
STU-001997,2025,computer_science,8.9,71.1,,75.5,9.7,2.0,0.0,2.0,0,0
STU-001998,2025,information_technology,6.4,61.0,66.7,50.6,23.4,1.0,0.0,1.0,1,0
STU-001999,2027,computer_science,8.09,50.6,42.6,43.3,9.4,3.0,1.0,2.0,2,1
STU-002000,2026,information_technology,6.76,42.3,53.2,73.3,5.6,2.0,1.0,2.0,1,0
STU-002001,2027,electronics,7.23,52.4,42.8,71.0,0.7,2.0,0.0,,1,0
STU-002002,2026,electronics,7.78,46.9,74.9,47.5,6.1,1.0,0.0,,1,0
STU-002003,2027,electronics,6.39,53.3,53.9,71.9,7.5,1.0,3.0,5.0,1,0
STU-002004,2026,computer_science,8.02,62.2,58.7,46.2,14.0,1.0,1.0,1.0,0,1
STU-002005,2024,computer_science,6.79,50.1,33.1,51.9,17.5,2.0,1.0,0.0,2,0
STU-002006,2027,mechanical,7.3,80.4,69.0,46.5,2.6,5.0,0.0,1.0,1,0
STU-002007,2026,,4.06,69.5,58.1,55.6,6.9,2.0,0.0,3.0,1,0
STU-002008,2024,civil,6.71,54.0,40.8,69.9,11.8,5.0,1.0,3.0,0,0
STU-002009,2024,civil,8.55,46.6,63.8,65.8,18.2,2.0,0.0,2.0,0,1
STU-002010,2026,electronics,7.9,59.4,68.6,50.6,6.7,1.0,1.0,2.0,0,0
STU-002011,2024,mechanical,8.12,58.2,97.2,64.7,19.5,2.0,0.0,5.0,1,1
STU-002012,2025,information_technology,7.16,57.4,62.3,67.3,12.3,1.0,0.0,4.0,1,1
STU-002013,2024,mechanical,9.03,56.1,63.1,75.4,10.2,0.0,1.0,3.0,0,1
STU-002014,2026,civil,7.43,43.1,54.1,67.0,6.5,6.0,0.0,2.0,1,0
STU-002015,2025,mechanical,6.34,57.2,50.7,,12.9,1.0,0.0,3.0,0,0
STU-002016,2026,information_technology,8.08,54.9,72.4,62.9,2.0,3.0,1.0,1.0,1,0
STU-002017,2025,information_technology,8.16,56.4,44.6,50.6,9.3,4.0,1.0,2.0,1,0
STU-002018,2024,computer_science,7.82,61.1,74.2,64.3,16.1,1.0,0.0,1.0,1,1
STU-002019,2026,information_technology,6.64,,27.3,79.0,11.3,4.0,0.0,2.0,1,1
STU-002020,2025,mechanical,7.42,59.9,68.0,79.7,10.6,1.0,0.0,2.0,0,0
STU-002021,2026,electronics,8.7,55.4,77.9,25.9,6.4,0.0,0.0,0.0,2,0
STU-002022,2024,computer_science,7.65,64.7,71.3,70.8,11.8,3.0,0.0,5.0,0,1
STU-002023,2024,electronics,5.4,44.0,53.2,55.1,17.0,2.0,0.0,3.0,0,0
STU-002024,2025,information_technology,6.38,40.4,59.2,67.6,10.6,1.0,0.0,3.0,0,1
STU-002025,2026,information_technology,6.32,,45.5,42.9,16.0,0.0,0.0,4.0,0,0
STU-002026,2025,information_technology,6.23,46.3,32.8,56.0,0.7,,1.0,1.0,1,0
STU-002027,2027,information_technology,4.67,,49.9,39.5,1.7,3.0,0.0,1.0,0,0
STU-002028,2025,electronics,9.27,37.2,65.3,55.9,10.8,4.0,0.0,2.0,1,1
STU-002029,2026,electronics,6.09,63.7,67.1,70.5,13.9,3.0,0.0,3.0,0,1
STU-002030,2026,electronics,6.18,75.5,,68.2,20.1,2.0,0.0,2.0,1,0
STU-002031,2024,information_technology,4.87,62.1,49.2,92.0,18.3,2.0,3.0,,0,1
STU-002032,2026,electronics,8.1,52.9,64.3,54.8,32.8,2.0,1.0,4.0,0,1
STU-002033,2025,computer_science,7.0,32.2,64.7,49.7,25.0,2.0,2.0,1.0,2,0
STU-002034,2026,information_technology,6.7,60.3,69.9,81.4,6.6,2.0,,0.0,1,1
STU-002035,2024,electronics,6.76,33.4,37.8,,10.6,3.0,0.0,0.0,0,0
STU-002036,2027,electronics,7.78,58.3,70.0,64.7,3.6,2.0,1.0,3.0,0,0
STU-002037,2027,civil,6.55,45.1,50.1,69.0,3.7,4.0,2.0,0.0,0,0
STU-002038,2024,computer_science,4.81,,,29.7,4.9,0.0,1.0,1.0,1,0
STU-002039,2026,mechanical,5.61,77.4,74.6,46.7,6.2,,1.0,1.0,0,0
STU-002040,2027,computer_science,5.56,36.3,13.4,42.9,3.2,2.0,2.0,4.0,2,0
STU-002041,2025,information_technology,7.42,53.5,77.3,73.7,,0.0,0.0,5.0,4,0
STU-002042,2027,mechanical,8.17,58.4,57.7,53.0,6.0,2.0,1.0,2.0,1,1
STU-002043,2026,electronics,8.79,54.5,47.6,58.4,14.3,2.0,1.0,1.0,0,0
STU-002044,2027,,5.22,61.4,40.4,39.4,8.1,3.0,0.0,1.0,0,0
STU-002045,2027,mechanical,7.81,48.5,40.7,,4.9,2.0,0.0,3.0,2,0
STU-002046,2024,computer_science,6.39,62.5,61.2,50.9,12.6,0.0,0.0,2.0,0,0
STU-002047,2026,civil,10.0,68.8,49.4,58.9,,3.0,1.0,1.0,0,1
STU-002048,2026,civil,8.69,40.7,82.2,57.7,7.2,4.0,2.0,3.0,0,0
STU-002049,2024,information_technology,9.06,65.7,75.0,82.6,18.0,1.0,0.0,2.0,0,0
STU-002050,2025,computer_science,8.02,44.2,63.0,71.7,2.2,4.0,1.0,1.0,0,1
STU-002051,2027,computer_science,7.54,41.6,22.5,37.1,8.7,3.0,1.0,1.0,0,0
STU-002052,2024,mechanical,6.64,61.6,31.1,76.2,9.9,3.0,1.0,3.0,0,0
STU-002053,2026,civil,6.41,50.7,51.3,74.3,20.7,3.0,0.0,3.0,0,1
STU-002054,2027,mechanical,6.18,62.0,51.3,63.0,19.5,1.0,,0.0,0,0
STU-002055,2025,information_technology,,65.3,74.2,75.8,7.0,1.0,0.0,0.0,2,1
STU-002056,2026,computer_science,8.89,40.4,13.1,78.8,20.2,3.0,0.0,0.0,0,0
STU-002057,2027,information_technology,6.69,68.5,40.9,55.2,5.1,1.0,0.0,3.0,1,0
STU-002058,2026,information_technology,6.27,60.8,66.3,44.9,10.0,2.0,1.0,0.0,1,0
STU-002059,2024,computer_science,5.39,46.0,42.8,69.9,30.3,2.0,1.0,3.0,0,1
STU-002060,2024,computer_science,7.38,56.7,48.6,50.6,5.9,2.0,0.0,7.0,0,0
STU-002061,2027,computer_science,8.51,72.6,33.6,65.7,17.4,2.0,0.0,2.0,2,1
STU-002062,2025,computer_science,8.57,56.3,79.3,47.5,5.8,4.0,0.0,0.0,0,0
STU-002063,2026,electronics,8.69,93.1,53.5,75.6,16.4,1.0,1.0,1.0,1,0
STU-002064,2024,information_technology,7.58,81.5,75.9,51.4,11.6,2.0,2.0,4.0,0,1
STU-002065,2026,information_technology,7.2,60.2,80.7,59.0,8.3,1.0,1.0,2.0,0,0
STU-002066,2027,electronics,8.57,57.7,83.7,58.1,3.3,2.0,0.0,3.0,0,0
STU-002067,2026,civil,5.82,52.9,49.7,42.2,7.3,0.0,0.0,3.0,1,0
STU-002068,2027,electronics,6.59,48.2,45.1,77.1,14.5,0.0,0.0,2.0,0,0
STU-002069,2025,electronics,9.07,64.0,53.9,80.0,40.0,4.0,3.0,1.0,0,1
STU-002070,2026,electronics,5.86,66.0,,60.0,14.2,1.0,0.0,3.0,0,0
STU-002071,2027,electronics,7.06,37.9,51.6,51.4,21.0,,1.0,2.0,3,0
STU-002072,2026,electronics,7.83,69.3,76.2,58.7,8.3,4.0,1.0,4.0,2,0
STU-002073,2025,information_technology,7.2,72.4,64.0,54.9,8.7,,0.0,2.0,1,0
STU-002074,2027,electronics,8.42,69.4,53.7,61.7,9.1,3.0,0.0,3.0,0,1
STU-002075,2025,information_technology,8.85,59.8,58.1,57.6,34.0,1.0,0.0,2.0,1,1
STU-002076,2026,information_technology,7.65,67.3,77.7,49.3,7.8,4.0,0.0,1.0,1,0
STU-002077,2027,computer_science,8.7,80.9,62.3,77.8,4.5,3.0,1.0,5.0,0,1
STU-002078,2025,information_technology,6.03,55.2,43.4,59.0,2.9,0.0,1.0,1.0,1,0
STU-002079,2025,information_technology,6.92,58.2,41.0,89.0,5.9,1.0,0.0,4.0,0,0
STU-002080,2024,electronics,9.87,95.7,71.9,63.5,2.7,1.0,1.0,1.0,0,0
STU-002081,2025,information_technology,9.33,67.3,55.6,56.3,13.4,1.0,0.0,0.0,1,0
STU-002082,2025,computer_science,5.63,40.2,59.6,58.1,10.1,1.0,1.0,3.0,0,0
STU-002083,2026,computer_science,7.09,71.3,98.6,56.9,,1.0,2.0,2.0,0,1
STU-002084,2025,information_technology,7.26,64.5,64.8,60.5,20.0,2.0,0.0,3.0,0,1
STU-002085,2026,electronics,7.58,49.3,88.0,65.1,5.4,5.0,1.0,2.0,1,0
STU-002086,2025,computer_science,8.57,44.6,49.1,46.3,11.6,2.0,,3.0,3,0
STU-002087,2025,computer_science,9.22,66.0,75.5,47.7,10.0,2.0,0.0,2.0,2,0
STU-002088,2025,computer_science,7.14,57.4,76.9,72.9,6.0,1.0,1.0,1.0,0,0
STU-002089,2026,information_technology,8.39,42.1,84.0,69.2,5.9,3.0,0.0,2.0,1,0
STU-002090,2026,computer_science,7.85,58.4,80.1,39.9,19.8,0.0,0.0,2.0,1,0
STU-002091,2025,information_technology,7.08,55.9,55.6,69.3,11.0,1.0,1.0,2.0,0,1
STU-002092,2027,electronics,5.15,53.4,62.7,73.8,3.6,2.0,0.0,3.0,0,0
STU-002093,2026,civil,8.27,67.9,42.8,65.5,15.8,4.0,0.0,2.0,1,0
STU-002094,2025,electronics,7.8,,85.5,38.8,6.6,1.0,0.0,3.0,2,0
STU-002095,2027,computer_science,7.55,42.4,41.0,43.3,11.1,1.0,1.0,1.0,0,0
STU-002096,2025,information_technology,5.97,48.6,72.2,61.3,1.3,3.0,3.0,1.0,1,0
STU-002097,2024,mechanical,9.35,82.6,82.2,88.4,6.6,2.0,1.0,2.0,2,1
STU-002098,2026,computer_science,7.28,94.1,73.7,54.5,13.3,3.0,0.0,2.0,0,0
STU-002099,2024,civil,5.79,55.6,85.3,70.5,4.6,5.0,0.0,1.0,1,0
STU-002100,2025,information_technology,5.6,55.9,67.3,53.0,2.9,1.0,1.0,3.0,0,0
STU-002101,2027,computer_science,7.88,23.1,36.0,,6.5,0.0,2.0,1.0,0,0
STU-002102,2024,computer_science,7.91,73.4,68.7,62.6,12.8,,0.0,5.0,0,1
STU-002103,2027,civil,6.57,63.9,21.2,45.0,18.8,3.0,2.0,4.0,0,0
STU-002104,2027,civil,7.63,63.5,56.0,50.6,,2.0,0.0,1.0,1,0
STU-002105,2026,mechanical,7.87,41.0,51.3,49.5,16.2,1.0,1.0,1.0,0,1
STU-002106,2026,computer_science,7.26,88.2,66.9,63.6,24.1,0.0,2.0,1.0,0,1
STU-002107,2026,mechanical,6.29,79.4,38.2,52.3,19.4,1.0,0.0,4.0,0,0
STU-002108,2027,computer_science,8.21,64.8,46.3,55.1,13.8,4.0,1.0,3.0,0,0
STU-002109,2025,information_technology,8.06,75.0,,89.2,11.3,2.0,2.0,1.0,1,1
STU-002110,2024,electronics,7.75,60.3,78.0,53.8,10.2,3.0,0.0,2.0,1,1
STU-002111,2026,civil,6.14,68.6,51.6,64.5,7.4,2.0,1.0,2.0,1,0
STU-002112,2026,information_technology,5.57,35.5,88.8,58.2,9.2,1.0,0.0,3.0,1,0
STU-002113,2024,information_technology,7.19,24.3,49.9,61.3,,1.0,0.0,1.0,0,0
STU-002114,2026,computer_science,8.17,41.3,71.2,71.3,15.7,3.0,1.0,5.0,1,1
STU-002115,2024,information_technology,8.3,48.5,66.0,31.2,3.9,0.0,0.0,0.0,3,0
STU-002116,2027,computer_science,7.77,49.9,52.3,64.1,16.4,2.0,0.0,2.0,0,0
STU-002117,2025,mechanical,6.58,,75.6,56.7,39.7,1.0,0.0,1.0,1,1
STU-002118,2024,computer_science,6.18,52.5,36.6,64.5,3.1,2.0,0.0,1.0,0,0
STU-002119,2024,electronics,7.08,57.7,20.0,59.2,15.6,1.0,2.0,3.0,1,0
STU-002120,2025,computer_science,7.09,40.4,53.2,59.3,7.1,2.0,0.0,3.0,1,0
STU-002121,2025,information_technology,8.37,41.7,56.1,66.1,19.6,7.0,0.0,2.0,0,1
STU-002122,2024,computer_science,6.55,57.7,71.3,54.3,12.1,8.0,1.0,0.0,0,0
STU-002123,2025,information_technology,6.64,49.2,32.3,89.5,3.6,4.0,0.0,2.0,0,0
STU-002124,2025,information_technology,9.46,63.0,73.8,48.5,10.3,3.0,1.0,1.0,1,1
STU-002125,2025,electronics,8.88,69.9,69.4,82.1,12.2,4.0,0.0,3.0,0,0
STU-002126,2025,civil,6.08,80.8,56.8,44.6,,5.0,0.0,1.0,2,1
STU-002127,2025,computer_science,8.79,61.3,79.9,58.3,11.0,2.0,0.0,2.0,0,0
STU-002128,2025,electronics,5.81,82.8,,66.4,7.7,5.0,0.0,0.0,2,0
STU-002129,2024,civil,6.6,63.3,54.3,48.9,7.9,0.0,0.0,3.0,1,0
STU-002130,2024,computer_science,6.73,67.8,61.6,48.0,,2.0,1.0,1.0,0,0
STU-002131,2025,mechanical,7.01,73.8,53.3,58.1,2.6,4.0,1.0,1.0,0,0
STU-002132,2027,civil,7.81,70.4,35.2,,2.8,4.0,0.0,2.0,2,0
STU-002133,2027,mechanical,7.22,46.4,48.9,63.1,,2.0,0.0,3.0,3,0
STU-002134,2027,electronics,7.81,75.9,53.8,88.5,2.6,2.0,0.0,1.0,1,1
STU-002135,2026,electronics,6.64,51.7,44.0,69.9,3.8,1.0,1.0,4.0,2,0
STU-002136,2026,information_technology,7.53,,51.7,55.6,11.3,0.0,0.0,2.0,2,0
STU-002137,2025,electronics,7.19,60.4,58.8,24.3,14.9,1.0,2.0,2.0,0,0
STU-002138,2027,civil,5.5,72.2,44.4,40.3,8.1,0.0,0.0,4.0,0,0
STU-002139,2027,computer_science,7.66,65.2,72.1,58.3,11.0,1.0,2.0,2.0,0,1
STU-002140,2027,mechanical,7.21,37.6,70.6,40.1,11.6,0.0,0.0,1.0,0,0
STU-002141,2027,information_technology,6.28,87.9,11.7,59.3,30.5,3.0,1.0,0.0,0,0
STU-002142,2026,computer_science,6.61,69.7,29.1,65.1,2.6,1.0,0.0,2.0,0,0
STU-002143,2027,electronics,6.64,49.0,12.7,57.9,8.7,5.0,0.0,4.0,1,0
STU-002144,2027,mechanical,6.82,40.6,49.6,58.2,2.7,2.0,1.0,2.0,1,0
STU-002145,2025,electronics,9.12,76.5,57.8,89.4,11.2,2.0,0.0,2.0,1,0
STU-002146,2027,mechanical,9.5,47.7,67.6,62.9,3.9,4.0,1.0,3.0,0,1
STU-002147,2024,information_technology,4.0,64.0,57.3,60.1,6.7,3.0,0.0,2.0,2,0
STU-002148,2027,civil,7.66,75.4,56.9,48.1,2.5,1.0,0.0,7.0,0,0
STU-002149,2027,electronics,8.2,50.6,49.5,62.0,7.8,,0.0,2.0,0,1
STU-002150,2024,mechanical,6.85,46.6,54.3,55.3,8.2,3.0,0.0,3.0,1,0
STU-002151,2026,computer_science,8.17,,51.3,87.2,8.0,2.0,0.0,2.0,1,0
STU-002152,2024,information_technology,9.0,47.2,37.9,70.0,15.9,2.0,1.0,2.0,1,1
STU-002153,2027,civil,5.52,58.5,65.4,81.9,10.4,1.0,2.0,2.0,1,0
STU-002154,2027,computer_science,7.25,64.1,63.2,64.9,5.6,5.0,0.0,2.0,0,1
STU-002155,2026,information_technology,9.35,73.6,89.0,79.4,9.3,3.0,0.0,0.0,0,0
STU-002156,2027,mechanical,5.68,42.9,28.7,48.0,6.0,2.0,1.0,0.0,0,0
STU-002157,2024,electronics,6.97,70.5,27.4,65.5,3.8,2.0,0.0,,0,0
STU-002158,2025,mechanical,6.58,42.4,37.4,49.8,5.7,4.0,1.0,2.0,0,0
STU-002159,2025,electronics,8.31,73.2,67.0,55.8,4.6,3.0,0.0,1.0,0,0
STU-002160,2024,civil,8.47,38.6,75.5,62.6,15.2,1.0,0.0,2.0,0,0
STU-002161,2026,information_technology,7.29,82.1,61.0,48.6,21.0,0.0,1.0,4.0,0,0
STU-002162,2025,electronics,7.14,50.5,58.0,41.5,9.5,2.0,1.0,3.0,0,0
STU-002163,2025,mechanical,5.12,63.2,62.0,75.8,4.4,2.0,0.0,1.0,1,0
STU-002164,2026,electronics,8.74,71.6,54.1,38.5,24.1,0.0,0.0,2.0,2,0
STU-002165,2027,computer_science,6.69,38.3,71.7,85.7,37.8,3.0,0.0,1.0,0,1
STU-002166,2025,information_technology,6.94,70.4,88.5,50.6,2.0,1.0,0.0,3.0,0,1
STU-002167,2027,information_technology,8.22,52.2,41.8,69.9,8.4,3.0,2.0,,1,1
STU-002168,2026,electronics,7.33,54.1,,70.8,5.0,1.0,1.0,3.0,0,1
STU-002169,2025,information_technology,8.25,50.5,36.4,46.5,2.7,0.0,0.0,1.0,0,0
STU-002170,2026,mechanical,,83.8,41.8,68.4,12.1,4.0,0.0,3.0,4,0
STU-002171,2025,mechanical,7.33,41.1,63.0,,4.4,0.0,2.0,1.0,0,0
STU-002172,2025,computer_science,7.46,65.4,28.2,70.8,4.1,3.0,2.0,2.0,2,1
STU-002173,2026,electronics,5.81,46.3,37.0,78.9,18.8,3.0,0.0,1.0,0,0
STU-002174,2024,information_technology,6.93,74.2,72.6,73.4,8.8,2.0,0.0,1.0,2,1
STU-002175,2025,computer_science,,95.5,64.2,49.8,15.9,1.0,0.0,2.0,2,1
STU-002176,2026,information_technology,6.07,46.7,64.3,60.1,21.2,4.0,1.0,2.0,0,0
STU-002177,2025,information_technology,6.28,58.7,30.1,50.5,38.5,2.0,1.0,4.0,0,0
STU-002178,2027,mechanical,6.09,50.4,52.5,53.9,9.5,,1.0,3.0,0,1
STU-002179,2025,information_technology,7.28,74.1,88.2,68.8,22.9,3.0,1.0,1.0,0,1
STU-002180,2027,computer_science,8.71,57.7,50.6,70.5,14.7,1.0,4.0,4.0,1,0
STU-002181,2027,information_technology,7.73,73.0,49.6,,11.4,1.0,1.0,1.0,0,0
STU-002182,2027,mechanical,4.6,47.2,55.3,66.0,,2.0,0.0,0.0,2,0
STU-002183,2027,electronics,7.85,93.3,43.1,68.2,12.2,2.0,1.0,3.0,0,1
STU-002184,2024,computer_science,6.59,24.3,65.6,55.6,9.2,0.0,0.0,2.0,1,0
STU-002185,2026,civil,7.69,65.0,27.2,,2.9,5.0,1.0,1.0,1,0
STU-002186,2024,computer_science,6.93,57.7,13.5,71.4,5.1,1.0,2.0,1.0,0,1
STU-002187,2027,computer_science,6.11,55.5,56.8,61.7,1.3,0.0,0.0,0.0,0,0
STU-002188,2026,information_technology,7.02,62.3,38.4,77.8,13.7,2.0,0.0,4.0,0,0
STU-002189,2025,electronics,6.59,58.1,43.8,54.8,2.7,1.0,1.0,1.0,0,1
STU-002190,2027,mechanical,7.45,62.2,71.7,63.7,,1.0,1.0,2.0,0,1
STU-002191,2024,computer_science,6.08,62.3,61.9,74.5,4.8,3.0,1.0,4.0,0,1
STU-002192,2026,mechanical,5.81,81.8,29.4,,9.5,2.0,0.0,1.0,1,0
STU-002193,2027,electronics,7.94,18.4,67.6,93.1,14.2,2.0,1.0,4.0,1,1
STU-002194,2024,mechanical,8.38,88.5,55.4,53.8,12.2,0.0,1.0,2.0,1,0
STU-002195,2026,civil,7.77,97.9,65.2,55.7,17.2,2.0,1.0,2.0,0,1
STU-002196,2027,mechanical,6.35,30.4,52.1,62.3,18.7,4.0,0.0,0.0,1,0
STU-002197,2024,computer_science,6.25,57.2,,72.4,12.9,3.0,0.0,3.0,1,0
STU-002198,2026,computer_science,6.32,77.2,40.1,73.7,7.1,3.0,1.0,2.0,1,0
STU-002199,2025,civil,8.12,74.0,18.5,,2.6,3.0,0.0,4.0,1,1
STU-002200,2026,electronics,6.15,81.4,54.8,61.1,6.3,1.0,2.0,3.0,1,0
STU-002201,2024,information_technology,8.12,65.8,66.2,66.6,4.7,0.0,0.0,2.0,0,0
STU-002202,2027,civil,7.83,29.2,46.4,40.5,10.0,2.0,0.0,2.0,0,0
STU-002203,2027,mechanical,8.52,80.6,59.1,47.0,17.4,2.0,0.0,2.0,0,0
STU-002204,2025,electronics,8.32,,43.7,60.7,6.1,3.0,0.0,0.0,0,1
STU-002205,2025,mechanical,7.72,81.4,79.3,67.0,35.9,3.0,0.0,3.0,1,1
STU-002206,2026,computer_science,5.41,31.8,26.8,61.4,4.7,3.0,2.0,2.0,1,0
STU-002207,2026,electronics,7.8,41.4,52.9,69.3,8.0,4.0,0.0,3.0,0,1
STU-002208,2026,civil,7.23,58.7,33.9,61.2,4.3,4.0,2.0,4.0,0,0
STU-002209,2024,computer_science,6.67,77.3,57.7,58.7,5.4,3.0,0.0,4.0,0,0
STU-002210,2024,computer_science,8.67,85.5,79.3,95.6,11.0,1.0,0.0,2.0,0,1
STU-002211,2027,mechanical,6.93,47.0,19.4,58.3,9.3,3.0,0.0,2.0,0,0
STU-002212,2026,information_technology,6.49,50.9,64.1,76.2,,2.0,0.0,4.0,0,0
STU-002213,2027,computer_science,8.39,100.0,88.3,43.7,14.0,2.0,0.0,3.0,2,0
STU-002214,2026,computer_science,6.63,49.0,55.7,63.7,17.9,6.0,2.0,0.0,0,1
STU-002215,2027,computer_science,6.43,67.0,41.3,52.6,11.8,2.0,0.0,0.0,0,0
STU-002216,2024,computer_science,5.8,48.8,49.6,,7.5,6.0,0.0,1.0,0,1
STU-002217,2024,mechanical,6.16,63.4,42.4,54.2,7.9,2.0,2.0,2.0,0,0
STU-002218,2027,electronics,,43.5,85.4,61.6,10.9,1.0,1.0,2.0,0,0
STU-002219,2027,electronics,7.81,47.1,72.5,50.5,9.1,3.0,1.0,3.0,2,0
STU-002220,2025,computer_science,5.93,50.3,66.0,49.6,10.7,2.0,0.0,3.0,0,0
STU-002221,2025,information_technology,4.96,45.7,83.5,60.9,2.9,2.0,1.0,3.0,1,0
STU-002222,2026,computer_science,7.45,54.3,79.7,67.1,7.1,2.0,1.0,2.0,0,1
STU-002223,2025,mechanical,6.37,64.6,50.4,76.8,1.7,4.0,0.0,1.0,2,1
STU-002224,2025,civil,7.08,86.5,55.8,53.9,25.3,0.0,0.0,1.0,1,1
STU-002225,2027,information_technology,8.57,52.3,100.0,53.7,9.7,3.0,1.0,0.0,1,0
STU-002226,2025,civil,7.18,43.5,43.2,80.0,15.0,1.0,0.0,1.0,1,0
STU-002227,2026,computer_science,8.84,61.8,59.4,84.3,15.8,1.0,0.0,4.0,2,1
STU-002228,2024,computer_science,7.02,45.3,37.9,60.8,21.0,1.0,1.0,5.0,3,0
STU-002229,2024,mechanical,8.26,36.0,29.1,68.5,10.5,1.0,1.0,0.0,1,0
STU-002230,2026,information_technology,6.47,72.9,37.9,85.4,6.0,0.0,1.0,2.0,2,0
STU-002231,2025,civil,7.22,59.7,41.3,99.1,11.0,1.0,0.0,2.0,1,0
STU-002232,2026,computer_science,6.03,58.7,40.5,67.9,17.0,1.0,1.0,1.0,1,0
STU-002233,2024,mechanical,6.16,27.4,,72.5,5.8,2.0,0.0,2.0,0,0
STU-002234,2027,computer_science,6.84,48.9,54.2,63.9,7.7,2.0,1.0,4.0,2,0
STU-002235,2027,computer_science,5.57,33.9,66.5,41.3,5.5,1.0,1.0,3.0,1,0
STU-002236,2027,information_technology,7.28,58.3,58.7,66.9,9.0,4.0,1.0,0.0,0,1
STU-002237,2024,civil,6.75,59.5,57.1,81.2,15.2,4.0,3.0,3.0,0,1
STU-002238,2025,electronics,7.37,60.7,51.5,51.5,11.3,5.0,0.0,2.0,0,0
STU-002239,2025,electronics,5.59,45.2,82.5,36.0,5.9,1.0,0.0,2.0,0,0
STU-002240,2026,computer_science,7.91,47.0,51.4,70.3,15.3,3.0,1.0,4.0,1,1
STU-002241,2025,computer_science,9.05,59.2,78.8,37.4,4.3,2.0,2.0,2.0,1,1
STU-002242,2024,computer_science,8.81,67.0,42.1,40.0,,3.0,0.0,0.0,0,1
STU-002243,2025,mechanical,9.29,53.9,60.0,39.1,23.7,0.0,2.0,3.0,2,0
STU-002244,2025,computer_science,7.15,44.2,89.7,34.0,28.5,1.0,0.0,5.0,0,1
STU-002245,2025,computer_science,6.69,44.0,65.4,76.8,5.8,,0.0,1.0,0,0
STU-002246,2025,electronics,7.66,49.4,33.8,63.9,,0.0,1.0,1.0,0,0
STU-002247,2025,electronics,6.83,50.9,36.8,90.8,19.5,2.0,1.0,4.0,0,0
STU-002248,2026,information_technology,5.1,37.7,74.6,72.3,23.0,4.0,0.0,0.0,0,0
STU-002249,2025,computer_science,8.04,53.4,60.7,90.9,12.5,4.0,1.0,1.0,1,0
STU-002250,2025,information_technology,6.83,,49.6,53.0,29.0,3.0,2.0,3.0,0,1
STU-002251,2026,electronics,5.41,50.4,35.4,67.1,4.2,2.0,0.0,2.0,1,0
STU-002252,2027,computer_science,,38.4,47.7,44.2,19.5,2.0,0.0,2.0,1,0
STU-002253,2025,electronics,6.86,23.8,78.5,,13.3,0.0,0.0,1.0,0,0
STU-002254,2026,computer_science,7.11,85.8,43.6,82.1,3.7,1.0,0.0,1.0,1,0
STU-002255,2027,civil,7.13,,45.3,61.4,21.3,1.0,0.0,0.0,1,0
STU-002256,2026,civil,8.67,65.6,71.9,58.7,3.5,5.0,2.0,1.0,0,1
STU-002257,2027,computer_science,5.62,72.7,31.8,61.7,16.2,1.0,0.0,1.0,1,0
STU-002258,2027,information_technology,6.93,65.8,38.8,64.0,21.0,4.0,2.0,1.0,0,0
STU-002259,2024,information_technology,6.09,55.0,51.5,64.0,2.2,1.0,0.0,2.0,0,0
STU-002260,2026,mechanical,8.54,42.5,61.7,80.7,20.7,2.0,0.0,4.0,0,1
STU-002261,2026,information_technology,6.45,85.5,39.1,51.9,8.9,0.0,1.0,4.0,1,0
STU-002262,2027,,6.7,50.9,61.9,59.1,8.0,0.0,1.0,3.0,3,1
STU-002263,2026,computer_science,8.31,54.9,63.9,63.4,7.0,2.0,1.0,1.0,1,0
STU-002264,2024,computer_science,8.62,61.8,27.9,49.4,31.0,5.0,0.0,1.0,0,0
STU-002265,2026,electronics,8.79,62.4,75.4,55.7,13.6,2.0,0.0,1.0,0,0
STU-002266,2024,electronics,5.21,63.0,38.2,72.7,5.8,3.0,0.0,3.0,2,0
STU-002267,2027,mechanical,7.66,,71.3,50.5,26.7,3.0,0.0,5.0,0,0
STU-002268,2026,mechanical,7.41,50.2,92.0,100.0,22.8,3.0,0.0,3.0,0,0
STU-002269,2027,electronics,7.04,58.5,54.0,84.9,,4.0,1.0,2.0,1,0
STU-002270,2027,information_technology,7.18,,44.7,64.5,13.1,2.0,1.0,2.0,0,0
STU-002271,2026,civil,8.58,51.2,84.8,70.1,2.3,3.0,0.0,1.0,1,0
STU-002272,2026,mechanical,8.29,82.3,45.9,72.8,7.1,2.0,1.0,2.0,0,0
STU-002273,2027,mechanical,8.13,60.0,91.7,69.8,5.0,1.0,1.0,2.0,1,0
STU-002274,2027,civil,7.34,82.7,48.5,63.3,10.5,3.0,1.0,2.0,0,1
STU-002275,2027,information_technology,9.71,42.5,55.2,100.0,7.7,1.0,0.0,2.0,0,0
STU-002276,2024,electronics,6.64,67.1,93.8,,9.4,0.0,1.0,1.0,0,0
STU-002277,2026,electronics,5.24,41.1,54.1,56.6,11.9,2.0,2.0,,1,1
STU-002278,2025,computer_science,6.79,48.1,,63.0,2.2,3.0,0.0,2.0,0,0
STU-002279,2027,electronics,7.17,71.9,55.2,71.0,5.5,1.0,0.0,1.0,1,0
STU-002280,2026,information_technology,8.6,57.8,59.7,90.2,16.6,5.0,0.0,0.0,1,0
STU-002281,2026,information_technology,6.51,96.0,3.3,62.0,7.6,3.0,0.0,4.0,0,1
STU-002282,2025,computer_science,7.66,67.1,74.9,70.1,14.9,0.0,0.0,1.0,0,1
STU-002283,2025,electronics,5.4,44.4,55.2,67.4,25.6,3.0,0.0,1.0,0,1
STU-002284,2026,,8.34,68.5,58.5,60.8,18.0,2.0,2.0,3.0,0,1
STU-002285,2025,information_technology,7.18,54.8,65.8,79.4,3.3,4.0,0.0,2.0,0,1
STU-002286,2024,computer_science,6.78,70.0,,68.0,1.6,3.0,1.0,2.0,0,0
STU-002287,2027,information_technology,9.55,58.7,49.2,75.8,10.9,2.0,0.0,0.0,1,0
STU-002288,2027,computer_science,8.33,66.8,66.5,57.9,5.8,4.0,1.0,2.0,1,0
STU-002289,2025,computer_science,5.9,58.8,,54.4,10.6,5.0,1.0,0.0,0,1
STU-002290,2025,information_technology,6.97,59.1,67.5,57.2,6.1,1.0,0.0,3.0,0,0
STU-002291,2027,mechanical,10.0,79.6,62.2,66.2,3.4,3.0,1.0,2.0,0,0
STU-002292,2026,information_technology,9.38,35.7,56.5,77.6,20.1,3.0,0.0,2.0,4,1
STU-002293,2026,electronics,8.16,61.8,50.4,91.4,11.3,1.0,1.0,1.0,1,0
STU-002294,2025,mechanical,4.98,43.4,,64.4,6.9,1.0,,,0,0
STU-002295,2025,information_technology,8.63,41.0,52.6,88.1,10.4,1.0,,1.0,0,0
STU-002296,2024,mechanical,,44.2,59.8,70.8,39.1,2.0,2.0,2.0,0,1
STU-002297,2027,computer_science,8.62,51.9,48.7,52.6,1.0,3.0,1.0,2.0,0,0
STU-002298,2024,information_technology,6.27,53.0,32.1,63.7,8.8,3.0,0.0,2.0,1,0
STU-002299,2024,computer_science,7.66,64.4,71.1,72.8,7.6,3.0,1.0,4.0,0,1
STU-002300,2027,electronics,6.36,64.9,50.1,,7.8,1.0,1.0,4.0,2,1
STU-002301,2027,civil,6.68,51.2,66.8,55.3,23.8,1.0,0.0,2.0,1,0
STU-002302,2027,electronics,7.82,83.4,54.5,57.0,6.2,2.0,1.0,0.0,0,0
STU-002303,2026,electronics,5.58,49.6,39.6,57.3,1.7,3.0,0.0,2.0,0,0
STU-002304,2026,computer_science,9.83,34.5,,59.2,9.5,2.0,2.0,5.0,1,0
STU-002305,2026,civil,5.92,50.7,31.5,66.3,15.0,3.0,0.0,1.0,0,0
STU-002306,2025,information_technology,,56.4,35.6,88.4,7.3,2.0,0.0,1.0,0,0
STU-002307,2026,computer_science,7.82,10.5,63.1,56.1,25.4,0.0,0.0,0.0,0,0
STU-002308,2026,civil,8.59,79.3,59.5,39.0,9.2,4.0,0.0,3.0,2,0
STU-002309,2026,information_technology,6.73,56.0,36.5,38.1,15.8,2.0,0.0,0.0,0,0
STU-002310,2027,information_technology,,38.4,3.2,73.4,27.7,5.0,0.0,0.0,0,1
STU-002311,2027,computer_science,6.04,41.7,,54.4,7.0,2.0,0.0,1.0,0,0
STU-002312,2024,computer_science,5.92,67.3,65.6,65.8,14.8,2.0,1.0,1.0,1,1
STU-002313,2025,mechanical,7.45,72.2,73.2,52.1,10.5,1.0,1.0,3.0,2,0
STU-002314,2025,information_technology,7.02,48.3,38.7,59.9,17.3,1.0,1.0,2.0,0,0
STU-002315,2025,civil,7.59,38.9,,57.4,10.3,5.0,2.0,1.0,0,0
STU-002316,2025,computer_science,7.52,61.0,66.7,52.4,8.0,1.0,2.0,1.0,1,0
STU-002317,2024,electronics,8.05,64.8,68.7,79.3,19.5,1.0,1.0,1.0,0,0
STU-002318,2027,electronics,6.63,65.7,43.2,80.3,9.6,3.0,3.0,3.0,0,1
STU-002319,2026,electronics,6.25,48.1,49.7,71.0,17.8,2.0,0.0,2.0,1,0
STU-002320,2027,information_technology,7.28,56.7,87.3,90.6,23.9,1.0,0.0,3.0,0,1
STU-002321,2024,,7.04,58.4,83.7,43.6,18.8,4.0,0.0,4.0,2,0
STU-002322,2024,electronics,7.39,73.3,55.7,59.0,3.7,1.0,,3.0,1,0
STU-002323,2025,mechanical,6.28,76.5,55.4,57.1,8.1,0.0,1.0,3.0,1,0
STU-002324,2024,computer_science,7.84,,21.0,71.9,9.4,1.0,0.0,0.0,0,0
STU-002325,2025,information_technology,5.74,75.0,70.4,44.4,16.5,3.0,0.0,3.0,3,0
STU-002326,2027,electronics,6.59,84.4,66.0,71.3,10.9,2.0,0.0,4.0,0,1
STU-002327,2025,computer_science,8.4,76.0,66.5,41.8,23.3,3.0,1.0,4.0,1,1
STU-002328,2025,computer_science,5.8,46.8,40.0,,6.7,7.0,3.0,3.0,0,0
STU-002329,2026,civil,8.31,83.6,61.4,78.2,19.2,1.0,0.0,1.0,0,1
STU-002330,2026,computer_science,5.48,34.3,73.8,46.2,13.1,4.0,,0.0,0,0
STU-002331,2026,computer_science,5.28,90.0,54.3,56.9,8.0,3.0,0.0,1.0,1,0
STU-002332,2025,electronics,5.38,40.1,93.3,78.7,13.0,0.0,1.0,3.0,0,1
STU-002333,2027,computer_science,7.23,71.8,69.7,81.5,34.0,2.0,0.0,1.0,1,0
STU-002334,2024,,7.94,81.5,43.1,42.0,12.3,4.0,1.0,0.0,0,1
STU-002335,2026,computer_science,8.59,68.1,54.4,67.3,9.7,5.0,1.0,1.0,0,0
STU-002336,2026,computer_science,8.49,30.2,48.9,71.2,14.8,1.0,1.0,1.0,1,0
STU-002337,2027,information_technology,8.09,46.0,73.9,61.9,11.3,4.0,0.0,4.0,0,1
STU-002338,2025,mechanical,6.14,61.6,71.2,82.1,7.8,2.0,1.0,4.0,0,0
STU-002339,2026,information_technology,6.13,65.8,80.7,54.3,8.9,1.0,1.0,0.0,1,0
STU-002340,2024,information_technology,8.01,57.3,53.4,56.2,0.5,0.0,0.0,1.0,1,0
STU-002341,2024,electronics,8.73,62.6,69.9,52.8,,1.0,1.0,1.0,0,1
STU-002342,2024,computer_science,5.91,33.8,72.4,65.4,19.6,,0.0,4.0,0,0
STU-002343,2027,information_technology,8.59,87.8,87.7,58.2,,2.0,0.0,3.0,0,0
STU-002344,2025,information_technology,4.89,48.1,25.6,74.2,5.8,4.0,0.0,5.0,1,1
STU-002345,2027,information_technology,7.55,70.9,67.7,57.1,7.9,1.0,2.0,3.0,1,0
STU-002346,2024,,6.98,79.0,34.6,59.7,14.1,2.0,1.0,0.0,1,0
STU-002347,2027,computer_science,6.87,40.4,44.2,65.5,15.1,1.0,0.0,3.0,1,0
STU-002348,2027,mechanical,7.14,60.2,33.3,51.1,9.3,4.0,2.0,2.0,0,1
STU-002349,2024,civil,6.12,60.4,40.9,77.0,6.5,3.0,1.0,0.0,0,0
STU-002350,2024,mechanical,7.61,55.4,32.8,72.3,3.3,1.0,1.0,0.0,0,0
STU-002351,2024,computer_science,7.17,72.2,35.6,71.9,14.8,1.0,0.0,4.0,0,0
STU-002352,2027,electronics,8.18,50.3,44.3,48.5,5.4,1.0,1.0,1.0,1,0
STU-002353,2025,electronics,8.93,62.7,67.9,84.4,14.6,1.0,0.0,3.0,1,0
STU-002354,2026,computer_science,7.25,52.9,56.6,36.8,23.2,2.0,1.0,0.0,1,0
STU-002355,2026,civil,6.16,91.2,23.7,73.1,,2.0,2.0,1.0,1,0
STU-002356,2027,mechanical,5.79,45.6,96.8,64.7,4.6,3.0,0.0,2.0,2,0
STU-002357,2026,computer_science,9.05,73.3,54.9,72.1,0.9,3.0,2.0,1.0,3,1
STU-002358,2026,civil,8.91,88.8,40.0,59.8,3.2,1.0,1.0,1.0,1,1
STU-002359,2027,computer_science,8.12,46.5,69.4,64.0,21.6,3.0,1.0,1.0,1,1
STU-002360,2024,information_technology,7.17,59.8,55.6,72.6,36.1,3.0,1.0,1.0,2,0
STU-002361,2027,computer_science,8.04,45.3,45.3,62.8,3.6,1.0,0.0,0.0,2,0
STU-002362,2024,computer_science,8.6,31.0,68.0,65.8,12.8,1.0,0.0,5.0,0,0
STU-002363,2026,civil,6.39,45.0,41.1,66.3,,3.0,1.0,0.0,1,0
STU-002364,2027,electronics,7.13,,50.5,93.5,20.0,5.0,1.0,1.0,0,1
STU-002365,2026,computer_science,5.83,48.0,75.2,40.4,40.0,1.0,2.0,0.0,0,0
STU-002366,2026,mechanical,6.95,53.4,56.9,80.9,1.4,3.0,2.0,4.0,0,1
STU-002367,2025,mechanical,8.88,61.8,72.9,69.1,5.4,1.0,1.0,3.0,0,0
STU-002368,2025,civil,8.34,42.7,51.5,67.4,4.6,3.0,0.0,3.0,0,1
STU-002369,2025,civil,7.26,63.8,58.6,45.0,25.3,4.0,1.0,1.0,0,1
STU-002370,2026,civil,4.0,70.2,29.9,78.9,16.7,2.0,0.0,2.0,1,0
STU-002371,2026,electronics,6.35,76.7,38.5,46.9,23.7,3.0,1.0,2.0,1,0
STU-002372,2025,information_technology,7.22,54.5,48.9,83.4,4.8,1.0,0.0,,0,0
STU-002373,2025,civil,6.85,71.1,42.6,55.2,28.0,0.0,3.0,2.0,0,1
STU-002374,2025,computer_science,7.14,48.1,73.2,83.4,14.1,3.0,0.0,,1,0
STU-002375,2025,computer_science,7.38,53.6,66.4,52.9,5.7,1.0,0.0,1.0,0,0
STU-002376,2024,information_technology,6.49,63.0,14.0,49.7,12.9,0.0,,3.0,0,1
STU-002377,2027,computer_science,7.09,53.2,84.7,61.4,14.8,1.0,0.0,2.0,0,0
STU-002378,2026,electronics,6.93,38.9,65.6,52.4,13.3,1.0,0.0,2.0,0,1
STU-002379,2024,civil,6.29,69.1,71.6,59.4,21.0,3.0,1.0,4.0,0,0
STU-002380,2026,information_technology,9.22,50.0,61.0,86.4,11.9,2.0,1.0,5.0,0,1
STU-002381,2027,,6.55,49.3,27.8,55.0,8.7,1.0,0.0,2.0,0,1
STU-002382,2025,information_technology,4.51,68.9,22.5,65.2,5.1,4.0,2.0,1.0,0,0
STU-002383,2024,electronics,9.15,70.4,92.6,85.0,15.9,5.0,0.0,,0,1
STU-002384,2024,computer_science,6.13,58.9,23.8,66.1,15.5,2.0,1.0,3.0,1,0
STU-002385,2024,computer_science,8.13,38.2,35.0,78.5,6.5,1.0,0.0,0.0,0,0
STU-002386,2027,electronics,6.32,39.2,44.9,70.5,12.3,2.0,1.0,1.0,0,0
STU-002387,2027,information_technology,7.75,65.5,34.5,76.7,7.7,1.0,0.0,3.0,1,0
STU-002388,2024,information_technology,7.04,67.5,64.2,61.8,6.7,2.0,1.0,2.0,1,0
STU-002389,2027,computer_science,8.25,64.3,70.4,70.9,29.2,1.0,,4.0,1,1
STU-002390,2024,computer_science,6.85,50.6,61.4,88.1,6.6,1.0,0.0,3.0,0,1
STU-002391,2026,electronics,6.35,49.1,41.9,58.1,29.3,4.0,0.0,1.0,1,0
STU-002392,2027,information_technology,7.4,62.0,61.5,68.6,15.3,1.0,0.0,3.0,1,1
STU-002393,2025,information_technology,6.66,,84.0,53.2,16.5,1.0,3.0,1.0,0,0
STU-002394,2024,mechanical,4.88,55.1,22.1,77.3,5.5,1.0,0.0,0.0,1,0
STU-002395,2026,electronics,6.41,36.0,71.6,39.3,25.0,3.0,1.0,1.0,1,0
STU-002396,2027,,10.0,48.2,80.7,58.6,5.0,3.0,0.0,2.0,0,0
STU-002397,2025,electronics,5.01,56.7,45.2,76.8,12.6,2.0,0.0,1.0,0,0
STU-002398,2025,computer_science,7.38,67.5,59.3,60.6,,1.0,0.0,0.0,0,1
STU-002399,2024,computer_science,6.82,62.8,60.3,37.7,10.4,2.0,1.0,3.0,0,0
STU-002400,2026,electronics,9.21,45.7,47.2,51.9,7.4,2.0,0.0,1.0,0,0
STU-002401,2026,computer_science,5.82,27.6,22.5,53.1,,3.0,0.0,1.0,0,0
STU-002402,2027,computer_science,7.22,58.3,71.3,84.7,7.5,0.0,0.0,2.0,3,0
STU-002403,2027,mechanical,7.89,31.3,37.4,73.8,6.3,1.0,0.0,2.0,0,0
STU-002404,2027,electronics,6.89,72.0,36.0,75.2,19.7,2.0,1.0,1.0,0,0
STU-002405,2027,civil,6.22,40.2,43.1,45.5,15.7,0.0,0.0,,0,0
STU-002406,2025,mechanical,7.07,91.7,60.1,62.8,10.2,3.0,0.0,2.0,0,0
STU-002407,2026,computer_science,6.74,43.1,45.5,84.5,12.2,0.0,0.0,2.0,0,1
STU-002408,2025,electronics,6.74,64.4,41.7,75.2,2.7,3.0,0.0,2.0,1,0
STU-002409,2025,information_technology,8.17,49.3,75.9,55.6,2.0,2.0,0.0,3.0,2,1
STU-002410,2027,electronics,7.56,56.6,51.6,73.7,13.4,3.0,0.0,0.0,0,1
STU-002411,2026,information_technology,7.73,62.2,44.4,44.7,6.0,1.0,1.0,2.0,3,0
STU-002412,2027,computer_science,7.48,71.9,63.6,50.7,20.9,2.0,2.0,4.0,0,1
STU-002413,2025,computer_science,8.2,75.7,60.8,36.3,4.9,1.0,,2.0,0,0
STU-002414,2026,mechanical,8.6,72.1,61.9,61.1,1.3,1.0,1.0,2.0,0,0
STU-002415,2026,computer_science,6.77,73.1,61.6,71.6,3.3,3.0,0.0,1.0,0,1
STU-002416,2024,electronics,8.04,50.8,56.8,49.2,13.1,1.0,2.0,1.0,1,1
STU-002417,2025,mechanical,5.61,65.0,63.8,61.4,3.2,2.0,1.0,2.0,1,0
STU-002418,2026,electronics,4.51,47.9,,50.9,,2.0,1.0,2.0,1,0
STU-002419,2024,information_technology,9.2,77.2,84.9,54.4,2.9,2.0,0.0,0.0,0,0
STU-002420,2027,computer_science,6.72,59.2,38.3,48.0,,2.0,1.0,1.0,1,0
STU-002421,2024,civil,7.39,68.1,28.7,80.1,10.3,0.0,0.0,3.0,4,0
STU-002422,2025,electronics,5.69,59.8,,53.0,14.6,2.0,1.0,1.0,0,0
STU-002423,2027,information_technology,5.64,66.7,43.6,59.2,6.0,2.0,1.0,3.0,1,0
STU-002424,2024,civil,6.28,44.4,39.6,55.3,7.7,1.0,1.0,4.0,0,0
STU-002425,2027,computer_science,7.84,36.1,41.9,67.1,,3.0,0.0,3.0,0,0
STU-002426,2027,information_technology,6.51,71.8,70.2,97.5,6.8,2.0,0.0,3.0,0,0
STU-002427,2024,computer_science,6.71,77.6,39.1,100.0,9.7,1.0,1.0,2.0,0,0
STU-002428,2026,computer_science,6.24,54.7,13.6,59.6,11.9,2.0,1.0,3.0,0,0
STU-002429,2026,information_technology,8.44,73.0,54.8,68.5,14.7,5.0,1.0,1.0,1,1
STU-002430,2027,electronics,8.1,35.8,94.2,76.2,11.4,3.0,1.0,2.0,2,0
STU-002431,2027,computer_science,6.54,47.8,35.1,80.3,5.2,1.0,1.0,1.0,2,0
STU-002432,2026,electronics,7.89,61.0,43.3,71.6,10.1,3.0,0.0,0.0,0,0
STU-002433,2026,mechanical,6.82,31.6,47.4,78.2,27.5,1.0,1.0,0.0,1,0
STU-002434,2025,mechanical,6.71,34.5,80.1,68.5,3.7,2.0,1.0,2.0,0,0
STU-002435,2026,computer_science,7.04,60.5,49.1,53.9,12.5,4.0,2.0,3.0,0,0
STU-002436,2027,mechanical,7.84,50.6,41.0,78.1,24.8,1.0,1.0,1.0,0,1
STU-002437,2026,computer_science,6.07,50.9,57.5,64.7,9.3,4.0,0.0,3.0,0,1
STU-002438,2026,electronics,7.68,53.3,62.6,67.4,0.9,0.0,2.0,1.0,2,0
STU-002439,2026,information_technology,9.97,,75.2,43.8,12.1,2.0,1.0,4.0,1,0
STU-002440,2027,electronics,7.31,55.4,38.2,52.0,8.9,2.0,0.0,3.0,0,0
STU-002441,2027,computer_science,7.14,58.1,46.0,57.4,15.0,0.0,0.0,2.0,2,0
STU-002442,2024,electronics,7.0,49.3,74.1,70.1,11.2,2.0,1.0,2.0,0,1
STU-002443,2025,computer_science,7.65,51.8,64.6,87.9,6.7,1.0,1.0,,1,0
STU-002444,2026,computer_science,5.25,51.4,61.7,73.6,5.4,3.0,0.0,2.0,0,0
STU-002445,2026,,9.06,74.4,62.3,60.2,20.7,6.0,0.0,4.0,0,1
STU-002446,2026,computer_science,8.23,59.0,77.9,48.9,4.4,1.0,0.0,1.0,0,1
STU-002447,2024,electronics,6.36,,,80.2,16.9,2.0,,1.0,0,0
STU-002448,2025,electronics,7.14,40.4,46.6,67.2,5.2,3.0,0.0,3.0,0,0
STU-002449,2026,electronics,6.46,70.9,65.5,17.9,8.6,2.0,3.0,1.0,0,0
STU-002450,2026,electronics,7.44,48.6,41.9,77.3,1.3,4.0,0.0,1.0,2,1
STU-002451,2026,mechanical,7.17,57.0,81.9,68.0,38.6,2.0,0.0,1.0,1,0
STU-002452,2027,civil,7.36,87.6,73.6,32.6,2.6,0.0,,1.0,0,1
STU-002453,2026,computer_science,5.92,65.3,45.7,71.4,15.0,1.0,0.0,3.0,0,1
STU-002454,2027,electronics,6.55,24.9,50.0,63.9,24.3,1.0,0.0,1.0,0,0
STU-002455,2026,electronics,8.42,82.5,62.9,44.3,6.8,0.0,1.0,0.0,0,0
STU-002456,2026,computer_science,6.49,59.2,50.0,91.3,13.8,5.0,1.0,3.0,0,0
STU-002457,2026,computer_science,4.06,57.7,65.7,68.9,11.3,3.0,0.0,,0,0
STU-002458,2024,computer_science,6.93,62.4,45.5,55.9,12.5,0.0,0.0,6.0,1,0
STU-002459,2025,electronics,9.87,77.4,40.9,51.7,9.8,0.0,,1.0,1,1
STU-002460,2026,information_technology,8.08,59.0,54.9,60.0,6.6,3.0,1.0,5.0,0,0
STU-002461,2027,electronics,6.43,34.6,65.5,60.5,23.6,1.0,0.0,2.0,0,0
STU-002462,2026,electronics,7.04,62.9,72.4,70.8,18.7,2.0,0.0,3.0,1,1
STU-002463,2024,electronics,7.88,39.0,60.5,59.3,6.7,3.0,0.0,0.0,3,0
STU-002464,2026,computer_science,5.08,81.4,36.5,56.9,12.6,3.0,1.0,1.0,0,0
STU-002465,2025,mechanical,6.12,50.8,50.7,64.9,11.2,1.0,0.0,2.0,0,0
STU-002466,2027,electronics,7.56,58.3,46.1,56.6,8.4,2.0,1.0,4.0,1,0
STU-002467,2027,computer_science,8.93,51.7,23.5,61.1,0.8,5.0,2.0,3.0,0,1
STU-002468,2026,,6.59,62.3,38.9,82.0,10.2,1.0,0.0,5.0,0,0
STU-002469,2026,computer_science,8.9,68.6,71.3,55.9,14.5,2.0,2.0,1.0,0,1
STU-002470,2025,civil,6.23,,47.3,60.2,10.5,5.0,1.0,1.0,1,0
STU-002471,2026,,4.0,58.8,37.8,51.3,3.6,1.0,0.0,3.0,0,0
STU-002472,2027,computer_science,7.96,60.9,77.6,77.5,4.5,2.0,0.0,2.0,1,0
STU-002473,2027,computer_science,7.72,58.0,41.5,38.3,16.4,3.0,2.0,0.0,1,1
STU-002474,2026,computer_science,7.95,48.6,44.1,50.4,2.6,0.0,0.0,4.0,1,0
STU-002475,2025,information_technology,,94.5,64.2,72.0,10.9,4.0,1.0,1.0,0,0
STU-002476,2024,mechanical,7.32,76.4,44.2,59.9,13.9,1.0,1.0,2.0,1,0
STU-002477,2024,information_technology,6.8,68.5,42.0,74.4,11.3,0.0,1.0,1.0,0,1
STU-002478,2025,mechanical,6.85,74.6,80.7,59.3,3.6,3.0,0.0,0.0,0,0
STU-002479,2025,computer_science,6.57,61.6,35.1,52.6,1.4,1.0,0.0,2.0,1,0
STU-002480,2027,information_technology,6.64,52.0,41.1,60.3,2.7,6.0,4.0,0.0,0,0
STU-002481,2026,mechanical,5.02,14.4,54.5,43.9,11.7,2.0,,3.0,0,0
STU-002482,2025,electronics,5.7,,49.0,50.4,1.5,1.0,,5.0,0,0
STU-002483,2024,mechanical,6.91,90.3,31.3,74.8,8.3,,0.0,3.0,2,0
STU-002484,2025,computer_science,4.52,70.4,75.4,58.4,16.6,3.0,1.0,3.0,0,1
STU-002485,2027,information_technology,4.79,56.6,32.7,61.6,17.4,2.0,1.0,2.0,0,0
STU-002486,2025,electronics,6.72,33.8,49.7,63.7,,1.0,3.0,3.0,0,1
STU-002487,2027,computer_science,6.95,67.4,62.2,40.0,14.7,1.0,2.0,1.0,0,0
STU-002488,2027,mechanical,6.74,53.3,90.7,40.2,5.1,1.0,1.0,1.0,0,0
STU-002489,2024,computer_science,4.36,63.2,37.5,67.3,,3.0,0.0,2.0,0,0
STU-002490,2026,computer_science,8.89,45.1,46.9,56.3,15.0,1.0,1.0,1.0,1,0
STU-002491,2027,mechanical,5.45,47.5,57.3,58.9,,4.0,1.0,4.0,0,1
STU-002492,2025,electronics,6.16,69.6,87.1,70.6,5.3,6.0,1.0,4.0,1,1
STU-002493,2024,mechanical,5.65,84.2,51.9,48.9,8.2,3.0,0.0,7.0,1,1
STU-002494,2027,mechanical,8.59,51.3,56.5,54.1,10.5,4.0,0.0,1.0,0,0
STU-002495,2027,computer_science,7.58,44.2,64.0,57.1,18.9,3.0,3.0,1.0,2,0
STU-002496,2026,electronics,6.56,72.5,17.9,66.7,7.1,3.0,2.0,1.0,0,0
STU-002497,2026,civil,6.47,38.1,42.4,57.0,14.6,3.0,0.0,1.0,0,0
STU-002498,2025,computer_science,7.31,40.8,25.2,53.1,7.2,3.0,1.0,3.0,0,0
STU-002499,2027,information_technology,5.67,59.3,43.5,85.7,14.4,1.0,1.0,3.0,0,0
STU-002500,2026,civil,7.54,90.4,48.4,62.6,6.2,1.0,2.0,7.0,1,0
STU-002501,2024,computer_science,6.47,44.2,8.0,71.2,23.5,1.0,3.0,3.0,0,0
STU-002502,2026,civil,7.7,53.8,60.8,36.7,19.7,2.0,0.0,3.0,0,0
STU-002503,2027,information_technology,7.66,61.0,68.1,44.0,9.4,2.0,0.0,0.0,2,0
STU-002504,2027,mechanical,6.42,49.7,49.4,70.2,2.9,1.0,1.0,3.0,1,0
STU-002505,2025,electronics,4.74,27.0,20.0,58.6,6.6,4.0,1.0,1.0,0,0
STU-002506,2024,electronics,6.82,69.7,75.8,56.6,11.7,4.0,0.0,3.0,0,0
STU-002507,2027,mechanical,5.43,57.7,,48.7,19.9,0.0,1.0,2.0,0,0
STU-002508,2027,computer_science,7.19,63.9,62.6,75.6,4.5,2.0,0.0,3.0,1,0
STU-002509,2026,,6.8,55.5,48.2,71.2,15.1,3.0,0.0,3.0,1,1
STU-002510,2026,civil,6.42,79.5,46.9,,11.4,2.0,0.0,3.0,1,0
STU-002511,2026,civil,5.61,47.7,56.8,65.4,7.1,2.0,0.0,4.0,1,0
STU-002512,2025,civil,8.46,44.8,,57.7,9.6,3.0,0.0,1.0,0,1
STU-002513,2024,electronics,6.58,82.1,60.7,52.4,5.1,5.0,0.0,1.0,1,0
STU-002514,2024,electronics,9.81,30.6,73.9,54.7,13.7,3.0,1.0,5.0,1,1
STU-002515,2025,information_technology,7.14,56.0,43.0,72.7,10.7,4.0,0.0,2.0,1,0
STU-002516,2027,electronics,7.5,57.9,43.0,56.5,6.5,4.0,1.0,3.0,0,0
STU-002517,2024,electronics,7.15,56.6,50.8,62.8,26.8,0.0,0.0,0.0,2,0
STU-002518,2025,computer_science,7.49,35.7,64.9,56.0,14.3,4.0,1.0,2.0,0,1
STU-002519,2026,computer_science,8.36,42.9,33.9,75.2,13.7,1.0,0.0,3.0,0,1
STU-002520,2025,electronics,8.37,,56.6,52.9,9.4,0.0,0.0,0.0,1,0
STU-002521,2024,computer_science,5.07,74.9,46.7,83.4,10.7,2.0,1.0,2.0,1,0
STU-002522,2026,computer_science,8.08,53.9,51.1,,4.2,1.0,2.0,2.0,1,0
STU-002523,2025,computer_science,7.67,45.4,81.5,54.0,7.0,2.0,0.0,2.0,2,1
STU-002524,2026,mechanical,7.14,31.5,76.5,90.0,16.2,4.0,1.0,0.0,0,1
STU-002525,2027,civil,,76.2,70.3,47.1,15.7,2.0,2.0,2.0,0,0
STU-002526,2024,electronics,9.12,77.2,93.6,61.5,4.2,2.0,0.0,2.0,0,0
STU-002527,2027,civil,8.14,18.1,74.5,76.2,5.1,1.0,1.0,1.0,0,0
STU-002528,2027,mechanical,6.47,20.6,55.2,40.4,14.4,3.0,1.0,1.0,2,0
STU-002529,2027,computer_science,5.73,57.5,41.8,65.6,,3.0,1.0,2.0,1,0
STU-002530,2026,computer_science,7.97,63.9,52.2,40.5,5.4,1.0,1.0,3.0,1,0
STU-002531,2026,computer_science,8.66,54.2,68.1,62.5,16.4,2.0,1.0,0.0,0,1
STU-002532,2026,computer_science,4.77,53.0,39.7,90.5,5.5,2.0,1.0,5.0,1,0
STU-002533,2026,electronics,8.35,57.0,34.6,29.1,8.6,3.0,0.0,0.0,0,0
STU-002534,2024,computer_science,6.81,58.0,47.8,60.9,9.2,0.0,1.0,2.0,0,0
STU-002535,2027,civil,5.02,40.5,64.5,55.6,15.7,2.0,0.0,2.0,1,0
STU-002536,2026,electronics,7.64,59.1,13.8,47.9,18.5,3.0,1.0,1.0,0,0
STU-002537,2027,information_technology,8.15,50.2,83.4,40.6,7.3,4.0,0.0,2.0,0,1
STU-002538,2025,civil,6.7,46.0,63.5,77.4,13.1,1.0,0.0,4.0,1,1
STU-002539,2024,civil,5.88,27.8,46.6,64.8,30.2,,1.0,4.0,0,0
STU-002540,2026,mechanical,9.07,59.5,68.2,36.0,20.7,4.0,2.0,3.0,0,1
STU-002541,2026,mechanical,6.33,68.7,68.7,48.8,4.5,5.0,3.0,4.0,1,0
STU-002542,2026,civil,8.43,56.0,61.3,54.3,9.9,0.0,0.0,2.0,1,0
STU-002543,2025,electronics,,49.4,64.6,40.0,11.8,1.0,0.0,1.0,2,0
STU-002544,2025,mechanical,7.58,78.0,71.8,63.2,9.2,2.0,0.0,0.0,0,1
STU-002545,2026,computer_science,7.55,74.5,60.2,65.6,10.4,2.0,1.0,2.0,1,1
STU-002546,2025,information_technology,8.1,86.2,40.5,65.4,15.0,2.0,1.0,2.0,0,0
STU-002547,2027,information_technology,8.82,95.5,60.6,90.3,18.2,3.0,0.0,2.0,0,0
STU-002548,2024,computer_science,6.16,,17.0,48.8,17.2,2.0,0.0,0.0,1,0
STU-002549,2025,computer_science,7.7,42.0,65.4,55.4,15.3,2.0,0.0,2.0,2,0
STU-002550,2025,computer_science,5.53,47.2,,54.6,4.3,1.0,1.0,3.0,0,1
STU-002551,2026,computer_science,5.52,63.6,38.6,74.0,14.8,2.0,1.0,0.0,0,1
STU-002552,2026,computer_science,6.43,78.5,63.9,72.4,5.8,5.0,0.0,0.0,1,0
STU-002553,2026,information_technology,7.57,43.4,35.7,46.2,4.4,2.0,0.0,3.0,0,0
STU-002554,2027,mechanical,9.03,65.9,65.0,82.2,7.2,1.0,0.0,0.0,0,0
STU-002555,2025,electronics,9.24,50.6,58.2,49.3,3.4,1.0,0.0,2.0,0,0
STU-002556,2026,electronics,6.69,55.2,50.7,74.0,6.2,3.0,0.0,1.0,0,0
STU-002557,2024,,7.45,56.5,61.6,73.1,11.2,2.0,0.0,3.0,1,0
STU-002558,2025,mechanical,8.18,66.1,90.7,67.6,18.3,0.0,1.0,2.0,1,0
STU-002559,2026,computer_science,7.98,90.4,65.7,57.4,16.1,1.0,1.0,3.0,1,1
STU-002560,2024,computer_science,6.91,64.9,77.7,57.6,8.7,4.0,1.0,5.0,1,0
STU-002561,2026,information_technology,7.19,51.9,79.5,,7.4,2.0,,5.0,2,0
STU-002562,2026,civil,6.97,49.0,68.0,69.4,2.3,2.0,0.0,1.0,0,0
STU-002563,2027,civil,6.86,54.9,23.1,71.9,,2.0,0.0,3.0,0,0
STU-002564,2026,mechanical,6.71,44.3,49.8,71.9,20.7,0.0,1.0,3.0,0,0
STU-002565,2026,electronics,6.96,60.0,36.3,66.8,11.7,3.0,0.0,2.0,1,0
STU-002566,2025,,6.63,21.1,100.0,81.8,17.7,5.0,1.0,2.0,1,1
STU-002567,2024,electronics,5.79,52.4,33.1,53.6,10.5,2.0,1.0,2.0,0,1
STU-002568,2024,computer_science,8.09,58.2,33.9,62.6,4.2,5.0,0.0,2.0,0,0
STU-002569,2026,,7.69,42.0,10.7,,2.9,2.0,2.0,2.0,0,0
STU-002570,2027,civil,9.26,56.8,46.4,96.2,11.4,1.0,2.0,0.0,1,0
STU-002571,2024,civil,7.52,75.8,59.2,72.7,29.0,4.0,0.0,4.0,0,1
STU-002572,2026,computer_science,6.62,75.1,72.0,76.2,0.5,1.0,0.0,1.0,1,0
STU-002573,2027,computer_science,6.38,48.8,34.3,68.2,,4.0,0.0,1.0,1,0
STU-002574,2027,computer_science,7.15,66.2,75.5,61.2,9.9,3.0,2.0,5.0,1,0
STU-002575,2026,information_technology,7.74,37.0,56.9,99.4,12.8,1.0,0.0,0.0,0,1
STU-002576,2026,computer_science,6.82,,46.0,79.0,9.6,0.0,1.0,1.0,1,0
STU-002577,2026,electronics,5.41,58.3,51.6,57.5,,4.0,1.0,2.0,3,1
STU-002578,2027,computer_science,6.25,79.4,76.1,58.2,2.5,4.0,0.0,3.0,0,0
STU-002579,2024,computer_science,7.12,76.1,56.4,65.1,6.8,2.0,0.0,4.0,0,0
STU-002580,2027,computer_science,7.95,,40.0,54.4,,0.0,0.0,0.0,1,0
STU-002581,2024,mechanical,5.39,,55.8,57.1,3.3,1.0,0.0,1.0,0,0
STU-002582,2027,computer_science,7.4,79.2,63.6,40.7,16.0,2.0,1.0,2.0,1,1
STU-002583,2024,information_technology,7.35,53.6,53.2,28.5,7.4,1.0,0.0,1.0,0,0
STU-002584,2025,electronics,6.58,63.9,70.7,89.7,6.4,1.0,1.0,2.0,0,0
STU-002585,2024,mechanical,6.43,55.0,13.8,54.9,16.6,1.0,0.0,3.0,0,0
STU-002586,2026,computer_science,6.25,,58.1,57.7,9.1,2.0,1.0,1.0,0,0
STU-002587,2025,electronics,7.26,49.4,69.4,63.0,4.4,1.0,0.0,2.0,0,0
STU-002588,2024,computer_science,8.4,74.5,36.0,71.7,4.1,5.0,0.0,0.0,0,0
STU-002589,2026,electronics,8.48,59.7,35.7,72.9,9.4,3.0,0.0,0.0,0,0
STU-002590,2025,information_technology,5.81,64.2,,76.4,18.4,0.0,1.0,0.0,0,0
STU-002591,2027,civil,6.88,82.1,74.5,70.0,5.6,2.0,0.0,3.0,1,0
STU-002592,2027,civil,4.58,23.1,68.4,58.2,12.8,2.0,2.0,2.0,1,0
STU-002593,2026,mechanical,7.23,57.5,44.1,79.7,17.0,0.0,0.0,4.0,1,0
STU-002594,2024,civil,7.79,46.2,61.6,59.5,14.9,2.0,0.0,2.0,0,0
STU-002595,2025,computer_science,8.91,68.5,68.3,76.4,6.4,2.0,3.0,1.0,1,1
STU-002596,2027,electronics,5.05,64.5,18.2,40.4,14.9,1.0,0.0,5.0,3,0
STU-002597,2024,computer_science,5.85,48.6,53.1,80.2,16.4,0.0,0.0,3.0,2,0
STU-002598,2025,computer_science,7.27,50.7,58.4,49.5,3.1,0.0,1.0,3.0,1,0
STU-002599,2027,information_technology,5.24,57.5,60.6,,,1.0,2.0,2.0,0,0
STU-002600,2027,electronics,7.3,39.5,,43.8,8.4,3.0,3.0,0.0,1,0
STU-002601,2025,electronics,7.82,64.6,79.5,64.8,6.4,4.0,2.0,0.0,1,1
STU-002602,2026,mechanical,5.63,43.0,50.9,94.0,3.7,2.0,1.0,1.0,1,0
STU-002603,2026,information_technology,7.25,69.5,85.1,59.3,4.4,2.0,1.0,0.0,2,0
STU-002604,2027,civil,5.71,35.6,62.5,60.4,8.0,2.0,0.0,1.0,1,0
STU-002605,2024,mechanical,8.68,52.9,66.4,72.8,8.5,2.0,1.0,4.0,1,0
STU-002606,2024,mechanical,7.34,,36.3,53.9,13.8,4.0,2.0,2.0,1,0
STU-002607,2026,computer_science,6.36,52.3,30.0,59.9,8.6,2.0,0.0,2.0,1,0
STU-002608,2025,information_technology,5.68,76.0,76.9,57.1,3.7,2.0,2.0,2.0,0,0
STU-002609,2026,electronics,7.55,71.8,72.1,89.5,15.9,4.0,0.0,5.0,1,1
STU-002610,2025,civil,8.66,54.1,,63.1,8.1,2.0,0.0,5.0,0,0
STU-002611,2027,computer_science,6.21,49.2,44.8,,11.6,2.0,0.0,1.0,3,0
STU-002612,2027,computer_science,6.59,70.5,57.1,52.0,8.2,0.0,0.0,1.0,1,0
STU-002613,2026,information_technology,6.24,39.0,29.1,46.1,5.9,4.0,0.0,1.0,0,0
STU-002614,2027,computer_science,8.89,62.1,54.6,71.3,8.0,4.0,0.0,4.0,1,1
STU-002615,2025,mechanical,4.91,44.7,,65.5,14.8,0.0,0.0,1.0,1,0
STU-002616,2026,computer_science,8.58,58.6,74.0,76.4,19.1,3.0,0.0,3.0,0,1
STU-002617,2025,information_technology,6.67,69.5,47.4,49.6,7.9,1.0,0.0,1.0,0,0
STU-002618,2027,electronics,7.02,48.0,82.3,60.7,11.7,2.0,0.0,2.0,1,0
STU-002619,2027,information_technology,6.71,72.0,71.6,44.0,2.7,3.0,0.0,3.0,2,0
STU-002620,2027,computer_science,7.38,91.7,43.4,55.1,2.5,1.0,1.0,4.0,0,0
STU-002621,2027,electronics,6.26,65.6,30.4,41.8,13.2,3.0,1.0,1.0,1,0
STU-002622,2027,information_technology,8.32,59.4,70.4,58.0,14.5,3.0,0.0,3.0,0,0
STU-002623,2025,civil,8.36,78.1,52.8,80.3,5.2,3.0,0.0,4.0,1,0
STU-002624,2027,electronics,5.97,39.3,40.0,50.0,,2.0,0.0,2.0,0,0
STU-002625,2026,civil,7.87,82.6,62.3,49.8,21.2,3.0,0.0,5.0,0,0
STU-002626,2026,computer_science,,46.1,66.0,59.7,11.2,4.0,0.0,,0,0
STU-002627,2026,mechanical,7.16,90.8,69.1,59.4,7.2,2.0,0.0,5.0,1,0
STU-002628,2025,information_technology,8.85,51.0,63.4,72.8,17.7,2.0,1.0,2.0,0,0
STU-002629,2025,electronics,6.32,66.6,13.3,43.8,4.5,1.0,1.0,0.0,1,0
STU-002630,2025,information_technology,8.17,36.9,75.9,26.9,22.7,4.0,1.0,4.0,1,1
STU-002631,2024,computer_science,7.63,56.1,43.8,62.9,9.6,3.0,3.0,4.0,1,1
STU-002632,2026,computer_science,6.88,41.6,59.7,85.7,5.4,2.0,0.0,3.0,0,0
STU-002633,2027,mechanical,7.52,37.4,55.0,59.3,23.9,4.0,0.0,1.0,1,0
STU-002634,2026,mechanical,7.39,76.9,94.7,67.5,3.1,4.0,2.0,2.0,0,1
STU-002635,2026,computer_science,5.77,37.1,85.1,60.9,6.6,2.0,0.0,,0,0
STU-002636,2026,electronics,6.4,45.8,44.8,72.4,19.6,1.0,0.0,1.0,0,0
STU-002637,2026,electronics,5.9,43.0,27.7,57.9,7.3,1.0,2.0,2.0,1,0
STU-002638,2025,information_technology,6.78,74.7,32.6,61.0,5.1,1.0,1.0,1.0,2,0
STU-002639,2027,computer_science,8.65,76.6,66.2,,15.1,4.0,0.0,2.0,0,1
STU-002640,2025,mechanical,7.77,78.6,48.9,78.0,12.7,0.0,2.0,0.0,1,1
STU-002641,2026,electronics,5.45,43.1,29.9,52.3,15.5,2.0,1.0,1.0,1,0
STU-002642,2027,electronics,6.79,77.8,45.2,52.7,13.8,2.0,2.0,2.0,1,1
STU-002643,2026,electronics,7.37,46.8,64.1,53.7,17.4,3.0,0.0,2.0,2,0
STU-002644,2027,electronics,7.96,48.6,57.5,46.3,12.1,3.0,2.0,1.0,0,0
STU-002645,2025,computer_science,6.35,46.2,44.2,54.3,10.6,2.0,0.0,5.0,0,0
STU-002646,2027,civil,5.68,45.4,43.6,60.3,,1.0,2.0,2.0,3,0
STU-002647,2027,computer_science,7.04,56.7,52.4,51.2,30.6,3.0,0.0,1.0,1,1
STU-002648,2027,mechanical,7.75,46.9,61.8,69.2,11.5,2.0,0.0,2.0,1,0
STU-002649,2026,mechanical,7.37,62.2,61.3,38.6,5.3,4.0,,1.0,1,0
STU-002650,2027,electronics,6.08,17.0,23.3,45.5,8.1,2.0,1.0,2.0,1,0
STU-002651,2027,electronics,9.12,65.7,66.3,71.2,,2.0,0.0,2.0,1,0
STU-002652,2026,computer_science,6.99,41.6,48.8,88.6,21.9,4.0,0.0,0.0,0,1
STU-002653,2027,information_technology,7.32,48.6,39.1,65.5,7.2,3.0,0.0,0.0,0,0
STU-002654,2027,electronics,6.34,,46.0,50.3,7.0,3.0,1.0,0.0,0,0
STU-002655,2026,computer_science,8.37,74.9,80.1,46.4,10.9,1.0,1.0,0.0,1,0
STU-002656,2027,computer_science,7.76,,71.8,,5.3,4.0,0.0,2.0,1,1
STU-002657,2025,civil,7.46,56.4,58.5,,5.6,1.0,2.0,1.0,1,1
STU-002658,2026,computer_science,5.78,44.8,34.9,69.2,3.7,4.0,0.0,2.0,1,0
STU-002659,2024,information_technology,8.36,72.5,37.3,44.7,4.2,4.0,1.0,1.0,1,0
STU-002660,2025,computer_science,7.97,86.9,42.9,67.1,12.9,2.0,0.0,2.0,0,0
STU-002661,2027,electronics,8.27,60.1,60.3,82.1,11.7,2.0,0.0,0.0,0,1
STU-002662,2025,information_technology,7.14,34.3,56.1,78.5,6.9,3.0,1.0,4.0,0,1
STU-002663,2025,mechanical,7.01,47.5,44.0,80.6,33.7,3.0,0.0,1.0,0,0
STU-002664,2025,information_technology,6.89,66.2,69.5,73.2,10.3,4.0,0.0,1.0,0,0
STU-002665,2026,computer_science,9.72,56.8,72.4,44.0,21.5,3.0,0.0,1.0,2,0
STU-002666,2027,information_technology,6.48,44.1,7.8,50.7,8.2,,0.0,,0,0
STU-002667,2027,computer_science,5.74,41.9,51.8,86.4,2.7,3.0,0.0,3.0,0,0
STU-002668,2024,,6.67,58.7,66.5,57.2,26.1,4.0,0.0,0.0,1,1
STU-002669,2026,computer_science,6.49,34.0,56.4,35.4,31.1,1.0,2.0,2.0,0,0
STU-002670,2026,computer_science,8.55,60.6,71.1,70.5,23.8,2.0,1.0,2.0,0,1
STU-002671,2026,information_technology,5.54,56.4,44.7,76.9,11.4,1.0,1.0,3.0,0,0
STU-002672,2026,computer_science,6.45,50.2,51.7,60.9,12.8,2.0,0.0,7.0,0,0
STU-002673,2025,information_technology,7.32,43.0,55.5,69.7,8.5,0.0,1.0,2.0,0,0
STU-002674,2026,information_technology,8.56,76.4,64.4,50.4,19.2,2.0,1.0,3.0,0,0
STU-002675,2026,civil,7.92,39.8,48.8,55.5,11.2,4.0,0.0,3.0,2,0
STU-002676,2026,computer_science,8.96,64.5,81.4,36.7,15.8,1.0,0.0,2.0,0,1
STU-002677,2026,electronics,7.5,,81.2,47.0,3.9,2.0,0.0,2.0,0,0
STU-002678,2027,electronics,6.87,60.1,45.4,82.1,7.1,3.0,0.0,0.0,1,0
STU-002679,2027,computer_science,8.08,78.6,39.5,15.6,16.2,2.0,2.0,0.0,1,0
STU-002680,2025,electronics,5.53,38.0,26.2,56.6,5.1,3.0,1.0,0.0,0,0
STU-002681,2027,mechanical,5.13,,54.4,54.5,7.6,0.0,0.0,2.0,0,0
STU-002682,2027,mechanical,8.22,53.5,,70.3,9.7,3.0,1.0,2.0,0,0
STU-002683,2024,,7.34,100.0,63.3,32.1,12.3,1.0,0.0,2.0,1,0
STU-002684,2026,electronics,8.21,68.0,68.3,51.3,5.8,2.0,0.0,3.0,0,1
STU-002685,2025,information_technology,6.12,66.7,41.8,53.8,16.4,1.0,1.0,2.0,1,0
STU-002686,2027,civil,8.58,71.0,27.5,67.7,10.8,3.0,4.0,5.0,1,1
STU-002687,2025,computer_science,7.87,60.9,50.0,61.9,0.6,3.0,0.0,1.0,0,0
STU-002688,2026,electronics,7.06,73.9,83.4,38.8,3.4,2.0,1.0,0.0,0,0
STU-002689,2025,mechanical,7.34,30.6,60.9,57.3,3.4,1.0,0.0,2.0,0,0
STU-002690,2026,mechanical,7.5,63.2,64.2,51.1,4.4,3.0,0.0,1.0,0,1
STU-002691,2027,civil,6.11,62.7,66.8,68.5,15.6,3.0,0.0,1.0,1,0
STU-002692,2025,computer_science,6.66,72.6,39.3,58.6,2.7,1.0,1.0,3.0,0,0
STU-002693,2027,electronics,7.48,41.6,60.7,,3.3,1.0,1.0,2.0,3,0
STU-002694,2027,computer_science,6.61,41.0,62.2,52.7,34.5,1.0,1.0,1.0,1,0
STU-002695,2027,mechanical,5.41,39.5,32.8,54.0,4.3,2.0,1.0,1.0,1,0
STU-002696,2024,electronics,7.44,66.7,62.9,54.6,7.2,2.0,0.0,6.0,2,0
STU-002697,2027,computer_science,8.06,68.2,81.3,59.3,11.0,1.0,0.0,1.0,0,0
STU-002698,2024,mechanical,8.33,46.4,53.5,73.8,5.3,2.0,1.0,0.0,2,0
STU-002699,2025,information_technology,7.71,88.1,28.6,55.8,7.2,2.0,0.0,0.0,0,0
STU-002700,2027,information_technology,8.04,64.4,62.1,56.5,4.8,2.0,1.0,4.0,0,1
STU-002701,2026,civil,8.24,62.3,48.8,67.0,6.4,1.0,0.0,3.0,1,0
STU-002702,2026,electronics,7.19,55.3,58.8,48.8,5.3,4.0,0.0,0.0,0,0
STU-002703,2025,electronics,4.66,67.3,31.3,70.8,10.2,3.0,1.0,1.0,0,1
STU-002704,2027,computer_science,8.43,66.7,61.8,56.7,6.6,0.0,3.0,3.0,0,1
STU-002705,2026,computer_science,6.07,84.5,72.2,49.4,1.6,0.0,2.0,4.0,1,0
STU-002706,2026,computer_science,5.8,37.4,49.7,36.3,31.1,2.0,0.0,1.0,0,0
STU-002707,2027,computer_science,5.83,,22.3,46.6,2.3,2.0,0.0,2.0,1,0
STU-002708,2025,information_technology,9.96,52.8,73.2,59.1,13.3,2.0,3.0,1.0,1,1
STU-002709,2024,information_technology,7.61,67.5,57.8,60.7,5.3,4.0,0.0,0.0,0,0
STU-002710,2026,electronics,5.9,49.4,54.2,58.0,10.6,,0.0,2.0,0,0
STU-002711,2027,computer_science,6.31,75.7,68.8,41.3,2.3,3.0,1.0,3.0,0,1
STU-002712,2025,electronics,7.1,52.3,46.5,59.0,11.4,0.0,0.0,0.0,0,1
STU-002713,2025,civil,7.72,75.7,53.0,40.3,14.9,1.0,2.0,2.0,1,0
STU-002714,2024,computer_science,7.42,46.4,39.2,44.2,,1.0,1.0,1.0,0,0
STU-002715,2027,electronics,6.03,73.8,54.4,77.2,10.0,0.0,0.0,4.0,0,1
STU-002716,2025,computer_science,7.46,79.5,59.7,60.1,4.7,1.0,0.0,2.0,1,0
STU-002717,2026,information_technology,6.4,48.3,48.2,67.9,7.4,1.0,1.0,2.0,0,0
STU-002718,2027,electronics,8.3,68.0,72.9,81.6,1.7,2.0,2.0,0.0,0,1
STU-002719,2024,computer_science,7.16,62.3,38.0,60.7,3.2,1.0,1.0,5.0,1,0
STU-002720,2026,computer_science,6.23,64.2,54.1,75.0,16.8,3.0,0.0,0.0,1,0
STU-002721,2026,mechanical,7.89,79.1,68.8,67.0,40.0,2.0,0.0,5.0,1,1
STU-002722,2027,computer_science,7.54,73.7,47.9,51.5,12.9,3.0,1.0,0.0,0,0
STU-002723,2025,electronics,6.55,64.8,29.9,59.5,10.3,0.0,0.0,1.0,2,0
STU-002724,2025,electronics,7.94,69.8,29.9,51.0,1.2,1.0,0.0,1.0,0,0
STU-002725,2024,computer_science,7.82,40.6,60.9,70.1,9.8,4.0,1.0,2.0,0,1
STU-002726,2027,electronics,8.48,60.4,89.7,75.5,3.4,3.0,0.0,1.0,0,1
STU-002727,2027,information_technology,7.92,43.3,48.3,42.4,11.8,4.0,0.0,2.0,3,0
STU-002728,2024,computer_science,6.85,57.4,62.1,49.2,23.0,4.0,1.0,1.0,1,0
STU-002729,2025,civil,5.16,71.1,6.4,56.5,4.8,2.0,3.0,3.0,1,0
STU-002730,2027,information_technology,7.31,58.5,62.6,50.1,8.8,2.0,0.0,0.0,1,0
STU-002731,2024,electronics,7.49,21.4,38.5,58.3,9.0,3.0,0.0,4.0,1,0
STU-002732,2025,computer_science,7.16,42.6,48.9,66.6,9.4,4.0,0.0,1.0,0,0
STU-002733,2026,computer_science,4.0,60.7,44.3,79.5,12.3,3.0,0.0,1.0,0,0
STU-002734,2025,electronics,7.88,51.7,30.3,54.5,4.8,1.0,0.0,2.0,0,1
STU-002735,2025,electronics,6.05,67.9,100.0,53.8,,1.0,2.0,1.0,2,0
STU-002736,2026,computer_science,7.89,41.7,48.3,66.7,25.7,2.0,0.0,1.0,2,0
STU-002737,2025,electronics,9.06,67.8,73.5,60.8,11.7,3.0,3.0,1.0,1,1
STU-002738,2026,information_technology,6.81,64.1,79.6,39.7,20.0,2.0,1.0,1.0,1,0
STU-002739,2026,information_technology,7.6,71.1,62.4,49.4,18.4,1.0,2.0,0.0,0,0
STU-002740,2026,mechanical,7.14,48.4,34.7,56.6,4.9,1.0,0.0,2.0,0,0
STU-002741,2024,electronics,7.7,71.1,59.6,72.4,13.5,2.0,0.0,1.0,2,1
STU-002742,2027,information_technology,7.22,81.0,24.6,77.0,14.0,6.0,2.0,2.0,0,1
STU-002743,2024,mechanical,6.51,22.9,47.4,46.6,7.2,6.0,1.0,0.0,0,0
STU-002744,2027,information_technology,6.06,56.9,79.7,,,2.0,0.0,3.0,0,0
STU-002745,2025,civil,8.93,34.8,38.7,73.5,7.2,2.0,0.0,3.0,1,0
STU-002746,2027,mechanical,7.6,46.3,43.4,55.0,7.5,3.0,1.0,4.0,0,0
STU-002747,2025,information_technology,8.06,,90.7,66.5,6.3,4.0,0.0,0.0,0,0
STU-002748,2025,information_technology,7.56,58.1,54.3,58.8,4.2,2.0,1.0,4.0,0,0
STU-002749,2026,civil,8.22,66.1,44.7,61.9,12.8,0.0,2.0,3.0,0,0
STU-002750,2024,mechanical,6.07,69.7,,55.6,3.3,2.0,2.0,5.0,0,1
STU-002751,2025,computer_science,7.2,,47.8,77.1,15.4,,2.0,0.0,0,0
STU-002752,2027,computer_science,7.68,69.5,11.6,39.7,32.6,1.0,3.0,2.0,1,1
STU-002753,2027,information_technology,8.59,45.0,38.2,55.9,10.0,1.0,2.0,4.0,0,1
STU-002754,2024,mechanical,10.0,79.8,100.0,75.8,9.4,0.0,0.0,2.0,0,1
STU-002755,2027,civil,7.57,9.7,62.9,58.4,6.4,,0.0,1.0,1,0
STU-002756,2027,mechanical,6.34,79.6,77.2,59.8,17.0,2.0,0.0,1.0,2,0
STU-002757,2027,,5.73,75.7,,,8.1,1.0,2.0,2.0,0,0
STU-002758,2026,mechanical,6.06,67.4,50.3,67.8,9.4,1.0,1.0,2.0,0,0
STU-002759,2026,computer_science,6.21,89.9,49.0,73.1,,3.0,0.0,2.0,2,1
STU-002760,2026,information_technology,4.0,24.9,33.7,78.1,4.5,0.0,2.0,4.0,0,0
STU-002761,2026,information_technology,6.32,68.3,55.9,41.1,4.4,3.0,0.0,1.0,0,0
STU-002762,2027,information_technology,7.92,61.9,39.7,54.9,6.6,2.0,1.0,2.0,1,1
STU-002763,2024,electronics,7.19,62.0,76.3,49.7,6.0,3.0,0.0,1.0,0,1
STU-002764,2025,computer_science,6.8,40.2,62.2,65.8,23.9,0.0,2.0,1.0,3,0
STU-002765,2024,computer_science,5.23,60.4,45.0,75.8,9.7,2.0,2.0,2.0,0,0
STU-002766,2027,mechanical,8.31,65.8,62.5,26.2,3.8,3.0,,2.0,0,0
STU-002767,2026,computer_science,7.69,49.0,52.6,39.0,7.1,3.0,0.0,1.0,1,0
STU-002768,2026,information_technology,7.09,57.1,26.0,32.2,13.9,5.0,1.0,3.0,1,0
STU-002769,2027,computer_science,4.57,33.4,28.4,,21.4,3.0,2.0,2.0,0,0
STU-002770,2027,computer_science,6.54,51.1,50.1,61.5,40.0,1.0,0.0,3.0,0,0
STU-002771,2024,computer_science,7.6,73.6,51.4,83.6,,3.0,1.0,4.0,0,0
STU-002772,2027,electronics,7.07,72.8,66.3,42.5,31.7,0.0,1.0,0.0,1,0
STU-002773,2027,information_technology,7.32,70.2,65.8,94.3,11.5,2.0,0.0,1.0,0,0
STU-002774,2024,computer_science,7.89,74.2,49.0,68.1,21.2,3.0,2.0,3.0,1,1
STU-002775,2027,mechanical,7.28,73.2,39.8,68.6,6.2,4.0,1.0,6.0,1,0
STU-002776,2025,computer_science,7.85,,71.2,70.8,20.4,1.0,0.0,0.0,0,1
STU-002777,2026,mechanical,,61.4,54.7,40.9,22.2,1.0,0.0,1.0,2,0
STU-002778,2026,computer_science,5.69,71.7,39.2,52.4,15.8,1.0,1.0,1.0,1,0
STU-002779,2025,civil,7.65,38.6,38.2,46.4,28.3,2.0,1.0,1.0,0,0
STU-002780,2024,computer_science,7.88,39.0,47.0,69.7,4.5,1.0,1.0,2.0,0,0
STU-002781,2024,information_technology,7.7,,64.5,48.0,6.4,0.0,0.0,1.0,0,0
STU-002782,2024,electronics,,31.7,84.7,57.6,7.8,3.0,1.0,1.0,1,0
STU-002783,2026,electronics,6.73,41.7,50.3,51.3,3.9,2.0,0.0,3.0,2,0
STU-002784,2025,mechanical,7.34,50.8,42.2,80.6,14.0,,1.0,2.0,0,0
STU-002785,2025,computer_science,7.54,81.8,93.8,52.1,15.0,4.0,2.0,4.0,1,1
STU-002786,2026,information_technology,7.61,52.6,51.1,45.2,2.4,1.0,0.0,4.0,0,0
STU-002787,2026,mechanical,10.0,41.3,53.5,67.3,18.8,6.0,1.0,2.0,2,1
STU-002788,2026,mechanical,6.04,58.6,44.2,59.7,15.6,1.0,1.0,1.0,0,0
STU-002789,2027,information_technology,10.0,61.2,59.2,80.2,13.9,0.0,1.0,1.0,0,0
STU-002790,2025,information_technology,5.65,43.6,71.2,64.9,0.7,2.0,0.0,1.0,2,0
STU-002791,2027,mechanical,7.54,,28.7,64.4,11.2,2.0,2.0,1.0,0,0
STU-002792,2024,mechanical,5.73,71.5,60.0,72.9,31.4,2.0,0.0,2.0,2,0
STU-002793,2027,mechanical,7.45,37.8,56.6,67.0,13.3,3.0,1.0,0.0,2,0
STU-002794,2027,mechanical,8.23,35.5,50.5,71.7,6.9,1.0,0.0,0.0,0,0
STU-002795,2027,information_technology,7.14,65.3,49.8,70.5,5.9,3.0,1.0,1.0,3,0
STU-002796,2026,electronics,8.22,51.2,55.6,56.0,20.8,0.0,2.0,2.0,1,0
STU-002797,2026,information_technology,,80.5,54.9,43.8,6.4,2.0,0.0,2.0,1,0
STU-002798,2025,computer_science,4.74,51.2,38.3,58.1,13.3,3.0,0.0,2.0,1,0
STU-002799,2026,mechanical,7.82,58.1,57.2,32.5,4.1,4.0,0.0,0.0,0,0
STU-002800,2027,electronics,7.14,70.1,42.3,,28.1,1.0,3.0,3.0,0,0
STU-002801,2027,computer_science,6.55,,90.3,55.1,19.8,0.0,0.0,3.0,1,1
STU-002802,2026,electronics,6.63,,70.7,78.8,20.7,2.0,1.0,3.0,0,1
STU-002803,2024,computer_science,7.57,53.7,65.6,58.5,17.5,2.0,0.0,0.0,0,1
STU-002804,2026,computer_science,6.16,71.7,44.1,85.2,10.1,1.0,2.0,1.0,0,0
STU-002805,2024,electronics,7.53,49.4,71.1,67.2,3.7,5.0,1.0,2.0,0,0
STU-002806,2025,electronics,8.47,63.6,66.0,37.8,4.1,2.0,0.0,2.0,0,0
STU-002807,2025,information_technology,9.47,57.6,66.9,76.7,16.4,4.0,1.0,2.0,0,1
STU-002808,2027,computer_science,8.72,67.6,52.8,75.2,8.8,1.0,0.0,2.0,0,0
STU-002809,2025,electronics,7.29,54.8,60.8,37.1,10.3,3.0,0.0,5.0,1,0
STU-002810,2024,computer_science,7.4,62.7,85.2,70.8,11.3,2.0,0.0,4.0,1,1
STU-002811,2024,civil,,83.6,54.9,80.8,1.9,1.0,1.0,1.0,0,0
STU-002812,2027,computer_science,6.56,52.8,48.8,30.6,15.1,0.0,1.0,1.0,0,0
STU-002813,2026,mechanical,8.1,66.2,61.1,45.6,8.9,1.0,1.0,1.0,0,0
STU-002814,2024,computer_science,6.75,91.8,54.7,73.9,25.2,1.0,2.0,1.0,0,0
STU-002815,2024,computer_science,7.52,64.9,47.8,58.2,9.0,2.0,0.0,2.0,1,0
STU-002816,2026,information_technology,5.99,19.5,38.4,81.4,19.3,1.0,0.0,3.0,0,0
STU-002817,2025,electronics,8.68,51.4,75.2,74.0,18.3,2.0,0.0,2.0,0,0
STU-002818,2026,,6.73,39.4,74.4,72.4,10.2,5.0,0.0,2.0,0,0
STU-002819,2026,information_technology,8.35,,98.9,77.2,4.6,0.0,0.0,2.0,0,1
STU-002820,2027,information_technology,6.29,55.2,60.0,49.4,13.7,2.0,1.0,0.0,0,0
STU-002821,2025,computer_science,6.23,72.4,53.9,56.5,16.8,3.0,0.0,2.0,0,0
STU-002822,2026,electronics,8.63,70.4,76.8,88.1,32.7,1.0,1.0,4.0,1,1
STU-002823,2024,information_technology,6.38,65.9,37.1,55.9,,3.0,1.0,2.0,0,0
STU-002824,2027,civil,5.3,36.2,59.1,76.2,12.0,0.0,1.0,4.0,0,0
STU-002825,2027,information_technology,5.9,63.4,68.3,58.1,12.9,3.0,0.0,7.0,0,0
STU-002826,2027,mechanical,8.09,80.7,76.8,50.1,13.1,4.0,0.0,2.0,1,0
STU-002827,2026,mechanical,7.97,38.2,87.2,47.0,17.2,1.0,0.0,1.0,0,1
STU-002828,2025,computer_science,6.22,51.7,41.7,68.6,7.7,3.0,1.0,2.0,0,0
STU-002829,2027,information_technology,6.37,62.1,44.1,79.1,11.9,2.0,0.0,3.0,2,0
STU-002830,2027,mechanical,7.87,61.2,54.8,67.7,2.3,2.0,0.0,4.0,1,0
STU-002831,2025,information_technology,8.61,82.8,42.5,64.4,5.2,2.0,0.0,4.0,1,0
STU-002832,2026,electronics,7.02,69.0,64.2,44.8,12.9,3.0,0.0,3.0,0,1
STU-002833,2026,mechanical,7.74,65.6,69.4,60.9,21.9,3.0,0.0,2.0,0,1
STU-002834,2027,computer_science,8.1,72.5,69.0,63.4,11.7,4.0,0.0,2.0,0,0
STU-002835,2026,mechanical,9.58,74.6,67.8,48.5,18.3,1.0,0.0,2.0,2,0
STU-002836,2026,information_technology,5.77,56.2,67.2,66.9,18.8,2.0,1.0,1.0,0,0
STU-002837,2026,electronics,6.33,51.3,62.1,51.2,17.8,5.0,0.0,2.0,0,0
STU-002838,2025,computer_science,6.52,71.9,42.8,55.4,3.4,1.0,1.0,3.0,0,0
STU-002839,2025,information_technology,8.05,49.0,9.1,71.7,6.8,1.0,1.0,4.0,0,1
STU-002840,2024,computer_science,6.81,56.5,48.6,83.2,22.1,3.0,1.0,3.0,1,1
STU-002841,2027,computer_science,7.46,41.6,57.5,82.0,9.8,2.0,0.0,0.0,2,0
STU-002842,2026,information_technology,7.24,,56.8,58.9,10.7,1.0,2.0,1.0,0,0
STU-002843,2026,computer_science,7.1,76.7,,68.6,11.9,,1.0,3.0,1,0
STU-002844,2025,electronics,7.22,44.4,46.8,69.8,25.8,3.0,1.0,4.0,3,0
STU-002845,2025,computer_science,8.28,58.3,,69.7,5.9,3.0,,2.0,1,0
STU-002846,2026,computer_science,5.98,48.8,33.4,,17.2,4.0,0.0,0.0,1,0
STU-002847,2025,computer_science,6.93,74.0,62.1,79.1,12.6,1.0,0.0,4.0,0,0
STU-002848,2024,information_technology,5.7,76.7,68.3,52.3,11.5,3.0,0.0,2.0,0,1
STU-002849,2027,computer_science,7.36,51.5,,45.0,7.2,2.0,0.0,1.0,1,0
STU-002850,2025,computer_science,6.88,11.4,53.5,65.9,15.1,,2.0,0.0,0,1
STU-002851,2025,electronics,,78.0,73.7,56.6,9.6,2.0,0.0,2.0,0,0
STU-002852,2026,electronics,7.09,58.9,52.2,87.8,23.4,3.0,0.0,1.0,1,0
STU-002853,2027,electronics,6.59,57.9,65.5,54.4,17.5,1.0,0.0,6.0,0,0
STU-002854,2025,computer_science,6.82,72.1,72.6,75.4,15.7,4.0,0.0,2.0,0,0
STU-002855,2027,mechanical,9.08,56.7,70.0,67.6,20.3,1.0,0.0,1.0,0,1
STU-002856,2027,electronics,5.29,45.1,39.8,41.4,6.2,3.0,0.0,,0,0
STU-002857,2026,electronics,6.38,51.4,74.9,69.3,28.6,2.0,0.0,0.0,0,0
STU-002858,2026,computer_science,7.14,65.6,51.0,51.8,12.9,2.0,0.0,6.0,0,0
STU-002859,2027,computer_science,6.37,69.9,47.9,94.6,10.2,5.0,1.0,3.0,3,0
STU-002860,2026,information_technology,7.66,83.8,66.4,49.9,20.6,0.0,1.0,1.0,0,0
STU-002861,2025,computer_science,7.04,64.1,50.0,48.0,6.1,3.0,3.0,1.0,0,0
STU-002862,2026,electronics,7.39,56.6,52.8,30.4,11.2,1.0,1.0,2.0,1,0
STU-002863,2025,computer_science,7.24,71.8,49.6,50.2,10.6,1.0,1.0,1.0,1,0
STU-002864,2024,computer_science,6.98,43.4,,71.1,8.7,3.0,0.0,3.0,2,0
STU-002865,2025,computer_science,5.62,76.5,52.8,46.5,17.7,1.0,1.0,1.0,1,0
STU-002866,2024,computer_science,7.3,61.8,22.7,68.2,15.3,2.0,0.0,4.0,1,0
STU-002867,2025,information_technology,5.07,50.7,45.6,64.6,9.9,,0.0,2.0,0,0
STU-002868,2026,computer_science,6.33,42.1,22.3,47.3,,5.0,2.0,3.0,0,0
STU-002869,2027,information_technology,7.66,68.7,50.7,59.3,12.8,3.0,2.0,1.0,0,1
STU-002870,2024,computer_science,8.47,56.7,66.6,47.8,14.5,2.0,0.0,1.0,0,1
STU-002871,2026,information_technology,9.8,62.2,60.6,73.0,15.7,0.0,0.0,0.0,0,1
STU-002872,2026,civil,,32.1,65.4,35.5,5.1,,0.0,3.0,0,0
STU-002873,2024,mechanical,6.11,,57.3,71.3,,2.0,0.0,2.0,0,0
STU-002874,2025,electronics,7.7,50.9,21.1,50.9,,2.0,,0.0,0,0
STU-002875,2024,information_technology,9.25,68.8,84.4,62.6,,2.0,1.0,1.0,0,1
STU-002876,2025,electronics,8.86,57.7,66.7,67.5,8.5,2.0,0.0,,0,1
STU-002877,2025,civil,5.91,16.1,41.0,62.9,34.7,3.0,0.0,1.0,0,0
STU-002878,2025,information_technology,6.94,51.7,46.8,89.8,7.2,3.0,1.0,0.0,1,0
STU-002879,2026,computer_science,8.08,38.3,23.9,55.1,20.8,7.0,0.0,4.0,2,0
STU-002880,2024,mechanical,8.16,44.7,63.3,41.8,14.8,2.0,0.0,5.0,0,0
STU-002881,2024,computer_science,7.78,74.6,69.2,91.4,12.4,3.0,1.0,1.0,0,0
STU-002882,2024,mechanical,6.58,31.8,41.8,66.2,8.3,4.0,0.0,2.0,0,0
STU-002883,2026,computer_science,7.77,64.0,42.7,63.1,2.9,2.0,1.0,2.0,0,0
STU-002884,2025,computer_science,8.17,52.7,62.1,92.4,7.1,4.0,1.0,2.0,0,1
STU-002885,2026,mechanical,6.03,45.6,71.4,42.7,8.4,2.0,1.0,2.0,0,0
STU-002886,2025,electronics,8.63,46.6,80.1,59.9,10.3,2.0,0.0,2.0,0,1
STU-002887,2024,electronics,8.24,65.3,74.1,45.9,23.5,2.0,0.0,4.0,0,1
STU-002888,2027,mechanical,6.25,63.0,86.3,59.5,9.4,1.0,1.0,0.0,0,0
STU-002889,2024,mechanical,8.16,34.5,75.4,41.0,0.6,1.0,1.0,0.0,0,0
STU-002890,2024,information_technology,8.04,77.3,78.8,62.4,17.7,6.0,0.0,2.0,0,1
STU-002891,2024,civil,8.08,42.4,60.8,61.3,14.5,1.0,1.0,1.0,0,1
STU-002892,2027,information_technology,8.91,67.7,56.8,60.6,12.8,2.0,0.0,3.0,1,1
STU-002893,2026,computer_science,7.09,40.5,74.6,29.4,18.2,5.0,1.0,2.0,0,1
STU-002894,2026,mechanical,7.48,52.1,40.2,71.9,12.0,3.0,1.0,1.0,1,0
STU-002895,2027,information_technology,4.07,32.9,50.5,57.9,20.2,4.0,0.0,3.0,0,0
STU-002896,2024,mechanical,8.38,,50.2,98.0,18.6,,2.0,4.0,2,1
STU-002897,2027,computer_science,8.27,57.5,65.9,54.6,14.8,3.0,1.0,3.0,0,0
STU-002898,2025,computer_science,8.66,44.1,66.2,52.3,26.8,3.0,0.0,2.0,1,1
STU-002899,2026,computer_science,6.02,60.8,53.9,63.5,11.4,3.0,0.0,1.0,0,0
STU-002900,2026,electronics,,67.1,59.5,43.9,7.7,3.0,0.0,2.0,0,0
STU-002901,2025,mechanical,8.27,100.0,69.1,78.4,15.2,5.0,0.0,1.0,0,1
STU-002902,2027,information_technology,6.35,70.6,64.2,48.2,5.7,1.0,1.0,4.0,0,0
STU-002903,2024,computer_science,8.31,78.3,36.5,49.7,4.4,4.0,0.0,8.0,0,1
STU-002904,2027,information_technology,7.63,32.7,56.8,73.1,7.7,2.0,0.0,0.0,1,0
STU-002905,2025,,5.15,24.9,40.5,65.0,11.5,3.0,0.0,2.0,1,0
STU-002906,2026,electronics,7.77,55.1,61.4,64.7,6.3,4.0,1.0,3.0,0,1
STU-002907,2027,electronics,6.22,83.2,44.8,43.0,10.7,2.0,0.0,2.0,0,0
STU-002908,2024,computer_science,5.17,91.5,69.4,75.6,2.6,2.0,0.0,2.0,1,1
STU-002909,2027,information_technology,7.52,48.7,55.9,47.6,14.8,3.0,1.0,2.0,1,0
STU-002910,2026,,7.02,49.3,71.9,37.8,11.1,3.0,0.0,0.0,1,0
STU-002911,2026,computer_science,8.71,69.6,45.7,67.2,13.8,1.0,3.0,2.0,0,0
STU-002912,2024,information_technology,7.31,55.7,51.5,59.0,9.5,1.0,0.0,2.0,0,0
STU-002913,2026,electronics,8.0,57.4,48.5,58.7,4.5,2.0,3.0,1.0,0,1
STU-002914,2026,information_technology,7.69,68.9,64.4,71.4,8.2,0.0,0.0,2.0,0,1
STU-002915,2026,computer_science,8.27,100.0,40.0,57.5,29.7,2.0,0.0,1.0,0,1
STU-002916,2024,computer_science,6.08,75.7,22.3,37.5,4.6,1.0,0.0,3.0,1,0
STU-002917,2025,mechanical,7.33,86.7,,57.2,14.5,4.0,0.0,1.0,0,0
STU-002918,2027,computer_science,6.94,30.2,64.3,66.0,22.5,2.0,0.0,2.0,1,0
STU-002919,2024,mechanical,7.85,75.8,44.6,64.5,3.4,3.0,0.0,3.0,2,0
STU-002920,2026,information_technology,7.39,44.5,61.1,59.5,20.9,2.0,0.0,0.0,1,0
STU-002921,2027,information_technology,6.39,81.9,41.6,95.8,17.0,2.0,0.0,1.0,2,0
STU-002922,2024,mechanical,6.71,77.8,24.0,85.2,5.6,0.0,1.0,0.0,0,0
STU-002923,2024,information_technology,9.0,71.0,77.5,45.2,3.2,3.0,1.0,2.0,1,0
STU-002924,2026,computer_science,,43.2,58.6,42.8,26.3,1.0,0.0,7.0,2,0
STU-002925,2024,computer_science,7.92,52.6,58.0,80.6,,4.0,0.0,3.0,1,0
STU-002926,2026,electronics,8.53,55.0,61.8,76.9,7.0,3.0,0.0,1.0,0,0
STU-002927,2026,information_technology,7.77,,54.5,82.7,35.1,2.0,1.0,2.0,0,1
STU-002928,2026,mechanical,9.37,68.8,46.9,55.8,8.5,,1.0,3.0,2,0
STU-002929,2025,information_technology,8.18,81.7,81.9,59.8,2.9,3.0,0.0,3.0,0,0
STU-002930,2026,information_technology,7.54,83.2,55.5,37.1,2.3,4.0,0.0,5.0,0,0
STU-002931,2026,computer_science,6.56,,59.4,64.0,10.2,1.0,0.0,0.0,1,0
STU-002932,2025,computer_science,7.56,66.3,48.8,53.1,9.0,5.0,2.0,3.0,0,1
STU-002933,2026,mechanical,7.88,66.7,66.1,51.1,4.9,2.0,0.0,1.0,1,1
STU-002934,2027,computer_science,7.1,56.8,74.9,74.9,2.3,4.0,1.0,0.0,0,0
STU-002935,2026,civil,6.25,70.6,54.8,59.8,10.1,1.0,,0.0,1,0
STU-002936,2026,computer_science,5.72,62.8,56.0,73.5,3.2,0.0,0.0,1.0,0,0
STU-002937,2025,information_technology,7.31,50.0,71.2,60.5,6.7,1.0,0.0,2.0,0,1
STU-002938,2024,computer_science,5.4,52.7,60.6,69.7,5.9,3.0,0.0,1.0,0,0
STU-002939,2025,mechanical,6.56,51.9,71.0,43.6,5.4,2.0,0.0,4.0,1,0
STU-002940,2024,computer_science,4.3,41.7,49.7,48.2,3.6,2.0,0.0,4.0,0,0
STU-002941,2027,electronics,8.06,58.8,64.7,68.3,3.5,2.0,2.0,1.0,0,1
STU-002942,2025,civil,8.43,41.4,64.8,85.7,15.0,3.0,1.0,4.0,1,0
STU-002943,2027,electronics,7.19,65.5,70.5,68.5,13.5,3.0,1.0,2.0,1,0
STU-002944,2024,computer_science,9.21,83.5,56.5,62.2,1.4,0.0,0.0,1.0,0,1
STU-002945,2025,mechanical,8.65,62.1,70.6,83.0,20.0,2.0,0.0,3.0,1,1
STU-002946,2025,information_technology,7.65,73.5,96.7,58.9,5.0,3.0,0.0,4.0,1,0
STU-002947,2025,computer_science,6.97,60.3,61.0,50.8,4.5,0.0,0.0,0.0,0,0
STU-002948,2027,information_technology,6.7,42.1,33.4,62.1,7.2,1.0,1.0,0.0,0,0
STU-002949,2027,mechanical,7.75,89.6,53.1,67.2,6.1,1.0,2.0,2.0,0,0
STU-002950,2027,information_technology,6.94,21.5,,44.3,21.4,1.0,0.0,3.0,0,1
STU-002951,2024,electronics,7.73,59.6,46.5,63.8,10.9,1.0,0.0,3.0,1,0
STU-002952,2027,electronics,7.82,48.1,41.6,37.9,5.3,1.0,2.0,2.0,0,0
STU-002953,2024,information_technology,6.84,81.4,30.9,57.8,9.0,1.0,0.0,4.0,1,0
STU-002954,2027,computer_science,8.36,64.0,56.9,59.8,2.1,1.0,0.0,1.0,1,1
STU-002955,2026,electronics,6.84,96.0,81.7,61.5,8.8,3.0,1.0,3.0,0,0
STU-002956,2025,information_technology,7.12,58.8,46.5,34.6,3.3,1.0,1.0,3.0,0,0
STU-002957,2024,computer_science,5.98,44.5,65.8,63.4,18.4,3.0,2.0,,1,0
STU-002958,2024,computer_science,6.79,31.9,49.4,74.2,12.4,2.0,2.0,0.0,0,1
STU-002959,2025,mechanical,9.58,79.8,58.7,81.7,8.4,3.0,1.0,3.0,0,1
STU-002960,2027,computer_science,6.06,43.6,60.0,82.3,18.8,2.0,1.0,,0,1
STU-002961,2027,computer_science,7.6,52.9,31.3,62.4,10.8,1.0,1.0,4.0,1,0
STU-002962,2027,computer_science,6.58,75.6,81.7,96.7,21.0,1.0,0.0,0.0,0,0
STU-002963,2024,computer_science,4.55,68.9,54.4,51.4,,3.0,3.0,0.0,1,1
STU-002964,2026,civil,7.74,50.3,75.8,51.8,12.9,0.0,2.0,2.0,1,0
STU-002965,2025,information_technology,6.46,50.1,48.5,62.3,16.3,1.0,2.0,4.0,1,1
STU-002966,2026,electronics,7.47,32.6,65.3,73.6,16.3,2.0,0.0,0.0,1,1
STU-002967,2025,mechanical,8.24,29.6,,71.0,2.9,3.0,1.0,2.0,0,0
STU-002968,2025,information_technology,7.37,70.2,54.9,28.8,5.2,1.0,0.0,2.0,0,0
STU-002969,2026,,7.48,72.1,42.1,48.5,5.3,2.0,1.0,3.0,0,0
STU-002970,2025,civil,6.1,61.6,35.4,72.7,11.6,3.0,0.0,,0,0
STU-002971,2026,electronics,7.91,62.6,51.5,49.6,7.2,4.0,0.0,2.0,2,0
STU-002972,2026,electronics,6.88,47.2,58.4,60.2,2.3,0.0,0.0,0.0,1,0
STU-002973,2024,information_technology,4.8,75.6,43.4,67.0,5.0,2.0,1.0,3.0,0,0
STU-002974,2027,mechanical,8.05,33.3,50.9,68.8,4.6,1.0,0.0,3.0,1,0
STU-002975,2026,computer_science,8.4,53.8,72.1,74.0,28.6,,0.0,1.0,0,0
STU-002976,2027,electronics,8.8,64.0,54.4,79.8,24.4,1.0,2.0,3.0,1,1
STU-002977,2026,information_technology,9.6,,55.2,70.9,,2.0,1.0,2.0,0,1
STU-002978,2026,electronics,7.99,59.9,74.9,44.8,8.1,2.0,2.0,3.0,1,0
STU-002979,2026,mechanical,7.69,51.6,67.1,70.2,13.9,2.0,0.0,1.0,1,0
STU-002980,2027,electronics,8.36,,39.6,,14.7,4.0,1.0,2.0,0,1
STU-002981,2026,computer_science,,37.9,28.7,68.3,5.2,3.0,,4.0,1,1
STU-002982,2025,,5.18,52.2,28.9,80.1,9.2,0.0,1.0,1.0,0,0
STU-002983,2024,civil,6.55,63.6,52.7,65.3,5.3,2.0,1.0,2.0,0,0
STU-002984,2026,electronics,8.57,56.1,81.3,60.2,2.2,0.0,0.0,3.0,0,0
STU-002985,2024,mechanical,6.34,56.8,77.0,50.1,11.6,1.0,4.0,2.0,1,0
STU-002986,2025,mechanical,7.64,62.5,70.3,90.5,14.4,5.0,0.0,0.0,1,0
STU-002987,2024,,7.76,33.1,90.6,47.4,8.0,0.0,2.0,2.0,0,1
STU-002988,2026,information_technology,7.38,33.8,60.0,61.9,21.0,1.0,0.0,0.0,1,0
STU-002989,2024,information_technology,5.63,57.3,68.4,57.0,14.6,5.0,0.0,,0,0
STU-002990,2026,mechanical,7.49,49.9,47.3,43.3,4.3,1.0,1.0,0.0,0,0
STU-002991,2027,civil,6.62,49.0,27.0,74.4,7.9,3.0,0.0,4.0,0,0
STU-002992,2027,computer_science,9.06,70.7,58.0,69.0,2.8,5.0,0.0,0.0,0,0
STU-002993,2025,computer_science,8.41,46.0,58.5,65.4,18.1,0.0,1.0,0.0,0,0
STU-002994,2026,information_technology,6.66,21.1,97.6,,16.1,1.0,0.0,4.0,0,1
STU-002995,2026,mechanical,9.13,87.1,63.5,69.9,11.4,2.0,1.0,4.0,0,1
STU-002996,2026,mechanical,7.5,77.1,39.7,58.3,12.0,2.0,2.0,3.0,0,1
STU-002997,2026,electronics,5.18,72.3,64.1,68.7,11.8,3.0,0.0,2.0,0,0
STU-002998,2025,computer_science,,41.2,42.1,82.1,13.6,3.0,0.0,2.0,0,0
STU-002999,2027,computer_science,8.98,60.8,65.4,27.8,13.9,2.0,1.0,4.0,0,0
STU-003000,2024,mechanical,6.16,37.3,66.5,76.0,5.2,4.0,1.0,5.0,1,0
STU-003001,2027,information_technology,7.02,57.1,39.2,,2.8,1.0,1.0,0.0,2,0
STU-003002,2026,computer_science,5.54,49.9,74.9,86.1,16.2,2.0,1.0,1.0,0,0
STU-003003,2025,computer_science,5.72,39.3,69.0,72.8,19.0,1.0,0.0,3.0,0,0
STU-003004,2027,mechanical,6.14,63.8,57.6,79.1,19.1,,0.0,1.0,1,1
STU-003005,2024,information_technology,5.69,51.5,79.5,50.1,23.3,1.0,1.0,2.0,0,0
STU-003006,2027,computer_science,6.39,82.6,46.1,65.4,22.6,4.0,1.0,3.0,1,0
STU-003007,2026,computer_science,9.1,63.5,,59.9,15.6,0.0,0.0,2.0,2,0
STU-003008,2024,civil,7.06,19.9,60.0,55.5,6.0,1.0,0.0,2.0,0,0
STU-003009,2024,information_technology,8.0,32.8,48.2,75.8,2.7,1.0,1.0,2.0,0,0
STU-003010,2027,information_technology,8.36,92.1,50.1,59.2,7.1,5.0,0.0,2.0,2,0
STU-003011,2025,computer_science,5.83,50.3,84.8,36.0,1.9,0.0,1.0,0.0,0,0
STU-003012,2027,computer_science,6.14,59.9,69.6,68.1,19.3,,0.0,2.0,0,1
STU-003013,2027,mechanical,7.98,60.1,74.0,61.6,3.2,1.0,1.0,1.0,0,0
STU-003014,2026,mechanical,6.37,78.0,41.9,71.7,10.4,4.0,1.0,4.0,0,0
STU-003015,2025,information_technology,7.9,31.2,70.7,56.3,9.9,2.0,0.0,2.0,1,0
STU-003016,2026,mechanical,9.03,82.0,56.9,37.9,19.2,6.0,2.0,4.0,2,1
STU-003017,2027,information_technology,5.43,73.8,,48.4,13.4,3.0,1.0,2.0,0,1
STU-003018,2024,mechanical,6.69,57.5,74.4,49.2,6.3,1.0,1.0,1.0,1,0
STU-003019,2025,computer_science,6.87,63.9,70.1,47.6,10.7,3.0,2.0,4.0,0,1
STU-003020,2025,information_technology,6.49,51.4,66.9,54.1,10.2,2.0,2.0,2.0,0,0
STU-003021,2025,mechanical,6.4,,51.1,72.2,4.3,4.0,2.0,3.0,1,0
STU-003022,2027,civil,6.53,65.8,61.4,42.7,8.5,2.0,3.0,1.0,0,0
STU-003023,2026,electronics,7.08,61.9,81.5,74.4,17.5,1.0,2.0,4.0,1,0
STU-003024,2026,electronics,7.29,62.6,64.1,44.2,11.1,2.0,1.0,3.0,0,1
STU-003025,2025,mechanical,8.2,67.6,45.5,56.7,8.2,1.0,0.0,2.0,0,0
STU-003026,2024,electronics,7.07,49.1,76.6,61.5,11.4,2.0,0.0,2.0,0,0
STU-003027,2025,computer_science,8.39,83.2,,57.8,3.3,0.0,1.0,3.0,0,1
STU-003028,2027,information_technology,6.42,57.0,52.2,70.7,19.1,2.0,0.0,,0,1
STU-003029,2026,electronics,5.72,63.6,41.8,60.5,28.3,0.0,1.0,2.0,0,0
STU-003030,2025,electronics,6.75,53.4,9.6,59.8,1.9,4.0,0.0,2.0,0,0
STU-003031,2027,mechanical,7.63,75.0,60.5,28.7,1.0,3.0,0.0,,0,0
STU-003032,2024,information_technology,8.09,61.7,96.3,67.6,10.5,2.0,0.0,0.0,0,1
STU-003033,2025,computer_science,8.78,60.3,67.6,88.3,2.6,1.0,0.0,2.0,0,1
STU-003034,2025,computer_science,7.43,77.0,100.0,55.1,10.4,3.0,0.0,3.0,1,0
STU-003035,2027,mechanical,7.97,34.1,56.3,71.2,11.5,3.0,0.0,3.0,1,0
STU-003036,2026,computer_science,8.67,57.1,65.5,50.5,14.4,,1.0,3.0,0,0
STU-003037,2026,mechanical,6.2,47.2,50.0,75.8,10.3,2.0,1.0,1.0,1,0
STU-003038,2024,computer_science,6.86,,55.5,69.3,0.5,1.0,0.0,2.0,0,0
STU-003039,2025,information_technology,10.0,68.7,73.3,56.9,23.7,1.0,0.0,1.0,2,0
STU-003040,2026,mechanical,8.08,60.0,85.0,,13.8,2.0,,1.0,0,0
STU-003041,2025,information_technology,7.69,48.7,43.5,71.0,6.0,2.0,2.0,2.0,0,0
STU-003042,2027,mechanical,8.13,59.9,59.7,62.6,7.0,2.0,0.0,1.0,1,0
STU-003043,2027,computer_science,5.56,60.0,59.7,44.8,6.7,1.0,0.0,5.0,0,0
STU-003044,2026,information_technology,6.36,54.0,74.2,40.6,4.3,1.0,0.0,2.0,1,0
STU-003045,2027,electronics,5.94,72.5,14.1,70.2,10.3,2.0,0.0,3.0,0,0
STU-003046,2027,mechanical,7.58,68.3,33.6,51.3,7.0,2.0,0.0,2.0,0,0
STU-003047,2026,computer_science,6.68,57.6,54.4,62.5,,3.0,0.0,0.0,0,0
STU-003048,2026,computer_science,7.21,23.2,74.9,70.2,11.7,0.0,1.0,2.0,0,0
STU-003049,2027,electronics,6.74,54.2,45.8,45.2,33.2,2.0,,0.0,0,0
STU-003050,2025,civil,5.23,63.9,59.3,47.8,5.3,2.0,0.0,,3,0
STU-003051,2027,mechanical,8.12,56.0,93.1,84.7,17.4,2.0,0.0,6.0,0,1
STU-003052,2024,mechanical,5.07,58.7,47.5,56.2,6.0,2.0,0.0,2.0,0,0
STU-003053,2026,information_technology,6.26,53.2,48.2,76.3,7.7,5.0,0.0,3.0,0,0
STU-003054,2027,electronics,5.59,58.7,57.4,97.1,3.4,7.0,1.0,1.0,1,0
STU-003055,2026,mechanical,6.09,77.2,54.4,65.3,8.2,1.0,1.0,3.0,0,0
STU-003056,2026,mechanical,7.33,70.5,60.7,49.9,4.6,4.0,2.0,1.0,0,1
STU-003057,2026,mechanical,8.52,41.6,58.0,63.8,,2.0,0.0,5.0,1,1
STU-003058,2024,mechanical,5.3,29.7,43.8,59.4,11.9,1.0,0.0,3.0,0,0
STU-003059,2025,mechanical,6.46,63.6,35.8,62.9,14.0,3.0,1.0,1.0,2,0
STU-003060,2025,computer_science,5.09,71.7,57.8,72.0,7.2,2.0,1.0,0.0,0,0
STU-003061,2026,computer_science,6.4,31.9,34.9,73.6,30.5,2.0,0.0,5.0,0,0
STU-003062,2026,civil,7.18,55.2,41.8,33.9,18.6,3.0,1.0,1.0,0,0
STU-003063,2025,information_technology,7.98,95.6,38.6,78.7,12.9,1.0,0.0,0.0,1,1
STU-003064,2027,computer_science,4.66,49.3,40.1,65.8,7.2,1.0,0.0,1.0,0,0
STU-003065,2025,information_technology,7.73,97.4,58.4,54.0,25.9,1.0,0.0,4.0,0,1
STU-003066,2026,electronics,5.98,43.6,32.2,72.3,12.0,2.0,1.0,1.0,0,0
STU-003067,2025,mechanical,5.7,45.7,45.3,47.3,12.5,3.0,0.0,1.0,1,0
STU-003068,2025,mechanical,7.18,47.8,58.5,47.9,14.7,2.0,0.0,4.0,0,1
STU-003069,2027,computer_science,7.82,40.5,31.6,76.8,22.8,1.0,1.0,3.0,1,0
STU-003070,2026,information_technology,6.98,32.6,42.0,62.9,22.3,2.0,0.0,1.0,1,0
STU-003071,2024,computer_science,5.84,52.4,81.1,83.9,5.4,1.0,1.0,4.0,1,0
STU-003072,2027,mechanical,6.98,60.1,42.9,52.4,11.8,2.0,1.0,2.0,0,1
STU-003073,2027,computer_science,6.27,45.8,64.1,66.1,10.4,4.0,0.0,0.0,1,0
STU-003074,2027,electronics,7.79,52.4,49.6,67.4,12.0,2.0,0.0,3.0,1,1
STU-003075,2027,electronics,8.34,82.4,63.7,67.7,,2.0,1.0,1.0,0,0
STU-003076,2027,electronics,,75.1,46.5,70.7,24.8,2.0,1.0,0.0,0,0
STU-003077,2025,electronics,7.08,54.3,23.0,68.4,5.5,5.0,0.0,0.0,2,0
STU-003078,2026,electronics,8.39,67.2,53.1,62.3,6.8,1.0,0.0,3.0,1,0
STU-003079,2026,electronics,5.93,31.3,58.2,34.8,8.1,2.0,1.0,0.0,0,0
STU-003080,2025,computer_science,,66.3,75.1,74.1,21.0,3.0,0.0,2.0,1,1
STU-003081,2025,information_technology,5.92,54.9,53.1,28.8,19.5,1.0,1.0,4.0,0,0
STU-003082,2024,information_technology,4.77,47.9,32.8,44.7,0.8,3.0,0.0,3.0,0,0
STU-003083,2026,computer_science,8.67,61.8,77.3,52.1,13.0,4.0,1.0,2.0,0,0
STU-003084,2027,mechanical,6.28,54.6,39.9,74.6,3.1,4.0,0.0,1.0,0,0
STU-003085,2027,computer_science,7.23,38.8,44.7,58.9,8.4,4.0,1.0,3.0,1,0
STU-003086,2025,mechanical,5.91,81.0,34.0,88.2,2.1,8.0,0.0,1.0,0,0
STU-003087,2025,computer_science,9.82,77.9,59.1,42.6,9.9,2.0,1.0,,1,1
STU-003088,2026,mechanical,9.2,56.6,58.8,46.6,,5.0,1.0,3.0,0,1
STU-003089,2026,,8.88,35.3,67.5,30.5,5.4,2.0,1.0,1.0,0,1
STU-003090,2027,information_technology,7.2,21.6,32.8,45.9,9.7,3.0,0.0,2.0,0,1
STU-003091,2027,computer_science,8.23,90.5,52.1,53.1,8.1,2.0,0.0,0.0,0,0
STU-003092,2027,electronics,7.04,55.5,41.5,82.5,11.6,2.0,1.0,2.0,0,1
STU-003093,2027,computer_science,8.39,72.2,67.8,76.6,1.4,0.0,0.0,2.0,1,0
STU-003094,2027,mechanical,6.63,43.0,58.7,65.3,4.5,5.0,0.0,0.0,3,0
STU-003095,2026,electronics,,57.2,45.2,57.6,13.1,2.0,0.0,2.0,0,0
STU-003096,2024,civil,6.57,53.3,61.6,72.7,6.5,0.0,1.0,1.0,0,0
STU-003097,2024,electronics,6.7,61.0,52.9,79.8,3.9,0.0,0.0,3.0,0,0
STU-003098,2025,electronics,6.56,58.5,66.7,52.9,4.7,3.0,0.0,2.0,0,0
STU-003099,2025,mechanical,7.32,44.8,45.3,54.3,27.5,1.0,1.0,6.0,0,0
STU-003100,2024,computer_science,6.65,43.3,63.7,56.0,2.6,4.0,0.0,1.0,0,0
STU-003101,2027,electronics,7.66,,72.3,37.7,,2.0,0.0,1.0,0,0
STU-003102,2025,information_technology,6.55,30.8,54.4,79.0,10.7,1.0,2.0,4.0,1,0
STU-003103,2027,electronics,8.01,47.7,94.7,53.8,10.3,2.0,0.0,,0,0
STU-003104,2027,computer_science,8.85,59.4,70.7,57.9,9.3,2.0,1.0,3.0,1,0
STU-003105,2026,information_technology,7.19,64.3,85.7,82.4,5.6,2.0,0.0,1.0,0,0
STU-003106,2026,electronics,9.65,85.9,100.0,54.4,6.8,0.0,0.0,7.0,1,0
STU-003107,2025,information_technology,8.4,53.6,32.1,79.7,8.1,1.0,1.0,2.0,0,0
STU-003108,2026,computer_science,9.56,63.7,84.8,37.5,3.2,2.0,0.0,2.0,0,1
STU-003109,2025,information_technology,7.03,30.0,63.9,69.9,26.0,3.0,1.0,0.0,1,1
STU-003110,2027,mechanical,5.19,59.4,51.9,55.8,6.0,1.0,2.0,0.0,1,0
STU-003111,2025,computer_science,6.29,42.9,40.9,,16.8,4.0,1.0,1.0,0,0
STU-003112,2025,information_technology,6.41,52.2,37.5,46.1,10.9,1.0,0.0,0.0,0,0
STU-003113,2026,,6.0,63.1,33.1,64.0,12.8,1.0,,2.0,0,0
STU-003114,2026,civil,4.57,60.9,83.1,48.6,12.4,2.0,0.0,3.0,1,1
STU-003115,2026,computer_science,8.28,38.8,,67.4,3.9,1.0,0.0,2.0,1,0
STU-003116,2026,information_technology,4.96,66.0,23.7,51.6,20.3,2.0,1.0,4.0,1,0
STU-003117,2024,computer_science,8.17,59.8,41.8,39.3,2.3,0.0,0.0,2.0,1,1
STU-003118,2026,civil,9.61,82.2,31.0,75.6,5.3,1.0,1.0,2.0,1,0
STU-003119,2025,information_technology,,78.3,72.1,66.1,10.5,2.0,2.0,2.0,1,0
STU-003120,2025,information_technology,7.55,83.2,58.0,36.8,7.9,3.0,2.0,2.0,2,1
STU-003121,2024,computer_science,6.64,35.9,62.2,71.1,5.5,2.0,0.0,2.0,0,0
STU-003122,2025,electronics,8.05,,59.2,63.7,19.2,2.0,0.0,2.0,0,1
STU-003123,2025,computer_science,5.73,31.8,66.0,56.0,13.7,1.0,0.0,3.0,0,0
STU-003124,2026,mechanical,6.95,77.4,48.0,56.5,11.7,3.0,1.0,4.0,0,0
STU-003125,2025,information_technology,8.39,,65.6,80.8,8.5,3.0,1.0,5.0,0,0
STU-003126,2025,electronics,7.04,72.8,59.8,66.5,13.6,0.0,0.0,5.0,0,1
STU-003127,2026,mechanical,5.23,48.1,28.2,81.4,16.8,2.0,1.0,3.0,1,0
STU-003128,2024,computer_science,8.53,69.2,48.8,68.7,6.4,0.0,0.0,0.0,1,1
STU-003129,2026,computer_science,5.61,46.9,44.3,,3.6,5.0,0.0,3.0,0,0
STU-003130,2027,information_technology,7.19,58.6,61.2,51.4,3.1,2.0,1.0,3.0,1,0
STU-003131,2026,mechanical,7.77,58.2,81.7,64.2,21.4,4.0,1.0,0.0,0,1
STU-003132,2027,computer_science,7.24,28.5,57.9,76.3,4.2,1.0,0.0,2.0,1,0
STU-003133,2024,mechanical,10.0,51.9,65.5,63.1,4.3,0.0,1.0,1.0,0,0
STU-003134,2024,information_technology,7.94,94.0,64.0,89.1,16.5,1.0,0.0,1.0,1,1
STU-003135,2027,electronics,6.87,56.4,51.8,76.3,10.2,2.0,0.0,5.0,2,0
STU-003136,2027,electronics,7.79,62.0,57.8,45.2,27.2,0.0,1.0,2.0,1,0
STU-003137,2027,computer_science,7.34,58.6,82.1,55.2,7.4,4.0,0.0,1.0,0,1
STU-003138,2024,computer_science,7.15,52.1,51.8,71.4,10.2,2.0,0.0,3.0,0,0
STU-003139,2027,electronics,7.38,59.3,61.0,40.6,8.4,1.0,0.0,1.0,1,0
STU-003140,2025,information_technology,6.6,51.1,42.4,60.4,21.1,2.0,2.0,0.0,0,0
STU-003141,2025,electronics,7.34,24.4,77.8,48.9,9.6,3.0,0.0,1.0,2,0
STU-003142,2024,civil,6.52,68.8,37.6,62.6,8.4,0.0,1.0,2.0,0,0
STU-003143,2027,computer_science,4.92,78.0,,49.1,9.0,2.0,0.0,3.0,0,0
STU-003144,2024,information_technology,8.41,43.4,77.3,76.7,0.8,4.0,1.0,2.0,0,1
STU-003145,2027,information_technology,6.45,50.7,38.1,54.9,2.3,2.0,0.0,2.0,0,0
STU-003146,2026,computer_science,7.26,81.0,70.8,71.3,5.0,0.0,0.0,2.0,1,0
STU-003147,2027,civil,6.23,44.9,17.1,41.1,10.8,,0.0,1.0,0,0
STU-003148,2026,civil,6.26,62.3,33.5,57.7,13.9,2.0,1.0,4.0,1,1
STU-003149,2027,computer_science,5.91,100.0,49.0,44.1,14.8,2.0,0.0,0.0,0,0
STU-003150,2025,civil,8.19,69.9,100.0,78.7,13.7,2.0,1.0,5.0,0,1
STU-003151,2024,computer_science,8.47,62.0,63.3,51.2,12.6,3.0,2.0,5.0,1,1
STU-003152,2026,civil,7.13,71.5,58.4,60.8,8.7,3.0,1.0,1.0,0,1
STU-003153,2025,mechanical,6.48,68.6,72.4,66.9,13.9,4.0,0.0,0.0,0,0
STU-003154,2024,computer_science,5.15,44.4,29.1,51.5,8.6,2.0,1.0,1.0,0,0
STU-003155,2025,electronics,8.01,34.0,7.5,45.2,25.0,4.0,1.0,2.0,1,0
STU-003156,2025,mechanical,,65.6,81.8,64.6,9.8,3.0,2.0,2.0,0,0
STU-003157,2024,computer_science,5.82,66.8,60.5,34.9,4.8,0.0,2.0,5.0,0,1
STU-003158,2024,information_technology,7.13,53.8,,80.8,40.0,2.0,0.0,2.0,2,0
STU-003159,2027,electronics,,82.1,54.8,60.1,1.4,2.0,1.0,3.0,1,0
STU-003160,2025,,5.35,76.4,66.3,,7.1,4.0,1.0,2.0,0,0
STU-003161,2027,computer_science,5.51,66.6,46.9,58.3,10.1,1.0,0.0,4.0,1,0
STU-003162,2027,computer_science,7.49,54.8,59.4,,10.3,1.0,0.0,2.0,0,0
STU-003163,2024,electronics,6.35,25.3,87.0,50.6,6.0,2.0,2.0,1.0,0,0
STU-003164,2026,information_technology,7.69,56.8,36.6,34.8,6.5,0.0,2.0,6.0,0,0
STU-003165,2026,information_technology,7.27,31.0,64.9,60.3,12.7,2.0,2.0,1.0,0,0
STU-003166,2026,computer_science,8.3,25.3,39.4,72.7,2.1,,0.0,2.0,1,0
STU-003167,2024,computer_science,6.14,66.0,78.1,65.3,11.4,1.0,1.0,3.0,0,1
STU-003168,2025,electronics,7.37,76.3,61.5,67.6,22.1,2.0,0.0,2.0,0,1
STU-003169,2024,computer_science,7.83,30.4,46.7,75.4,8.4,1.0,0.0,1.0,0,0
STU-003170,2026,,6.38,52.9,27.0,84.2,17.1,1.0,1.0,5.0,0,0
STU-003171,2027,information_technology,8.4,60.5,54.6,24.3,11.3,3.0,0.0,5.0,0,1
STU-003172,2026,electronics,5.18,50.0,50.9,43.5,3.2,2.0,0.0,1.0,0,0
STU-003173,2026,information_technology,6.14,35.6,71.3,64.4,1.4,0.0,0.0,1.0,0,0
STU-003174,2027,mechanical,5.14,74.2,29.0,65.9,9.6,1.0,0.0,1.0,0,0
STU-003175,2026,computer_science,6.25,36.2,38.0,40.3,3.0,2.0,0.0,3.0,2,0
STU-003176,2024,mechanical,6.92,28.6,46.2,51.0,16.8,2.0,0.0,2.0,3,0
STU-003177,2027,computer_science,8.06,39.5,46.0,86.1,10.8,2.0,0.0,5.0,2,0
STU-003178,2025,computer_science,6.92,65.1,,57.0,24.9,1.0,0.0,1.0,0,0
STU-003179,2024,electronics,6.42,52.8,36.6,64.9,5.1,0.0,1.0,4.0,1,0
STU-003180,2026,computer_science,5.32,43.1,55.4,87.1,4.0,1.0,2.0,2.0,1,1
STU-003181,2027,information_technology,5.7,63.3,41.6,63.3,13.7,5.0,2.0,1.0,0,1
STU-003182,2025,mechanical,7.46,63.9,57.0,73.0,,3.0,0.0,5.0,0,1
STU-003183,2026,mechanical,8.11,25.6,64.6,70.0,18.4,7.0,0.0,3.0,0,1
STU-003184,2024,electronics,6.62,65.0,30.0,57.3,23.5,3.0,1.0,2.0,0,0
STU-003185,2024,civil,8.49,78.7,71.1,56.5,14.0,1.0,,2.0,0,0
STU-003186,2024,information_technology,6.01,54.2,54.6,,7.8,3.0,0.0,0.0,0,0
STU-003187,2027,computer_science,6.65,53.8,57.2,61.9,7.5,0.0,0.0,1.0,1,0
STU-003188,2027,mechanical,,85.9,51.7,47.9,19.5,2.0,2.0,3.0,0,0
STU-003189,2024,,8.86,51.1,57.9,77.2,20.1,2.0,1.0,0.0,0,1
STU-003190,2025,computer_science,7.25,56.0,56.9,22.0,18.0,3.0,0.0,3.0,0,0
STU-003191,2025,computer_science,5.03,59.0,48.8,84.1,8.2,2.0,0.0,1.0,1,0
STU-003192,2024,computer_science,8.19,61.1,39.7,59.4,15.2,1.0,1.0,3.0,0,1
STU-003193,2026,computer_science,9.22,58.4,90.7,62.1,14.0,6.0,1.0,2.0,0,0
STU-003194,2026,computer_science,6.81,59.0,42.4,63.2,,0.0,1.0,2.0,1,0
STU-003195,2026,electronics,6.07,,52.4,80.6,13.3,3.0,1.0,3.0,2,0
STU-003196,2025,electronics,8.09,72.3,79.2,64.4,9.9,0.0,1.0,1.0,1,0
STU-003197,2026,civil,9.36,61.6,58.6,61.7,6.8,2.0,2.0,4.0,0,1
STU-003198,2024,computer_science,8.08,47.2,63.3,48.7,3.6,3.0,0.0,3.0,2,0
STU-003199,2024,computer_science,5.23,43.5,10.7,52.0,40.0,0.0,0.0,0.0,0,0
STU-003200,2027,electronics,7.97,74.2,25.2,71.0,6.6,0.0,0.0,3.0,0,0
STU-003201,2027,computer_science,7.56,35.2,56.8,65.1,,3.0,2.0,2.0,0,1
STU-003202,2027,information_technology,6.0,92.1,54.2,85.6,4.2,3.0,2.0,2.0,0,1
STU-003203,2027,electronics,8.58,60.7,80.1,50.6,11.0,3.0,0.0,0.0,2,0
STU-003204,2026,mechanical,7.6,38.5,71.0,45.8,12.0,1.0,1.0,3.0,1,1
STU-003205,2027,computer_science,8.61,64.0,34.4,66.2,2.0,2.0,2.0,2.0,0,0
STU-003206,2025,electronics,5.88,43.7,72.1,60.8,2.0,0.0,3.0,1.0,1,0
STU-003207,2024,electronics,7.56,52.8,37.0,45.2,13.6,2.0,2.0,4.0,0,0
STU-003208,2024,mechanical,6.07,33.5,65.9,54.7,8.0,5.0,0.0,1.0,0,0
STU-003209,2024,computer_science,7.38,55.2,48.9,71.9,2.9,3.0,0.0,2.0,0,0
STU-003210,2024,electronics,8.8,29.8,100.0,43.5,1.9,2.0,1.0,0.0,0,0
STU-003211,2025,electronics,5.46,45.9,38.8,46.1,10.1,3.0,0.0,2.0,0,0
STU-003212,2026,computer_science,5.53,42.6,47.8,51.8,21.7,3.0,2.0,4.0,1,0
STU-003213,2027,electronics,8.2,52.9,62.5,52.1,12.5,6.0,0.0,3.0,0,0
STU-003214,2026,electronics,7.08,46.7,51.2,73.1,11.9,1.0,1.0,2.0,0,0
STU-003215,2024,computer_science,8.45,61.4,43.8,54.2,11.9,2.0,2.0,4.0,0,1
STU-003216,2027,information_technology,6.17,69.7,89.2,84.8,3.5,6.0,0.0,2.0,1,1
STU-003217,2025,information_technology,7.16,63.7,45.3,47.4,0.7,3.0,2.0,,0,1
STU-003218,2024,mechanical,7.89,79.3,47.6,67.1,5.8,3.0,0.0,4.0,0,1
STU-003219,2025,computer_science,7.34,51.2,54.5,61.4,3.7,1.0,2.0,0.0,1,0
STU-003220,2025,information_technology,5.04,59.0,50.5,62.0,4.0,1.0,,0.0,1,0
STU-003221,2025,computer_science,10.0,69.5,55.4,27.5,16.0,2.0,0.0,3.0,2,1
STU-003222,2027,electronics,7.34,76.0,72.6,46.6,19.6,1.0,0.0,,0,1
STU-003223,2027,electronics,5.56,44.2,51.8,59.7,1.6,1.0,1.0,2.0,1,0
STU-003224,2026,information_technology,7.46,70.8,57.2,34.4,1.3,3.0,0.0,1.0,1,0
STU-003225,2024,information_technology,7.59,46.3,66.9,21.1,16.4,1.0,0.0,3.0,1,0
STU-003226,2027,computer_science,8.24,51.9,45.5,44.7,13.8,2.0,2.0,0.0,0,0
STU-003227,2026,computer_science,8.17,55.0,49.7,,8.7,3.0,2.0,1.0,1,1
STU-003228,2025,electronics,6.85,64.5,54.0,68.7,33.1,2.0,3.0,2.0,1,0
STU-003229,2026,computer_science,5.12,37.9,63.3,44.9,19.5,1.0,0.0,2.0,0,0
STU-003230,2026,mechanical,7.63,45.0,53.4,59.2,14.7,5.0,0.0,0.0,0,1
STU-003231,2026,electronics,,44.7,42.5,67.9,8.9,1.0,2.0,6.0,1,0
STU-003232,2024,mechanical,8.5,61.7,25.1,80.6,3.1,2.0,1.0,4.0,1,1
STU-003233,2026,computer_science,6.26,42.5,40.2,80.0,20.9,0.0,1.0,2.0,0,0
STU-003234,2024,information_technology,,63.6,30.3,74.8,4.0,2.0,0.0,0.0,0,0
STU-003235,2024,computer_science,6.35,51.3,,54.5,12.7,,,3.0,0,0
STU-003236,2024,civil,6.53,66.9,59.4,61.3,24.6,1.0,0.0,2.0,0,1
STU-003237,2027,electronics,6.18,57.3,100.0,63.0,4.1,3.0,0.0,1.0,0,0
STU-003238,2025,electronics,7.92,86.1,,59.0,7.7,3.0,1.0,0.0,4,0
STU-003239,2025,electronics,6.39,58.6,58.2,42.7,6.4,2.0,1.0,1.0,1,0
STU-003240,2025,computer_science,7.98,41.7,46.0,82.2,9.0,4.0,0.0,2.0,0,0
STU-003241,2027,electronics,6.42,53.6,,68.1,18.2,4.0,0.0,,1,0
STU-003242,2026,mechanical,6.83,58.0,89.3,74.2,3.6,1.0,1.0,2.0,1,0
STU-003243,2027,computer_science,,44.7,41.9,71.2,6.9,1.0,3.0,0.0,1,0
STU-003244,2025,civil,7.28,,22.1,55.9,2.2,2.0,0.0,1.0,1,0
STU-003245,2024,mechanical,6.04,51.4,55.3,41.0,11.7,4.0,1.0,2.0,0,0
STU-003246,2026,civil,7.91,50.1,,72.5,6.5,2.0,0.0,4.0,1,0
STU-003247,2025,mechanical,6.79,60.3,64.3,71.6,1.6,1.0,0.0,2.0,1,0
STU-003248,2027,computer_science,7.73,45.9,,66.1,11.5,2.0,0.0,3.0,0,0
STU-003249,2027,electronics,7.08,72.7,61.6,92.1,14.1,1.0,0.0,0.0,0,0
STU-003250,2026,,7.77,71.0,62.0,54.1,7.0,2.0,1.0,2.0,0,1
STU-003251,2027,electronics,6.63,59.2,64.7,57.6,16.6,2.0,1.0,0.0,1,0
STU-003252,2026,computer_science,6.19,65.3,97.7,64.9,7.0,2.0,0.0,3.0,1,0
STU-003253,2025,mechanical,7.59,51.7,96.1,55.0,5.6,1.0,1.0,3.0,1,1
STU-003254,2026,computer_science,6.53,34.5,47.8,58.7,,1.0,1.0,2.0,0,0
STU-003255,2024,computer_science,8.78,56.7,78.3,76.5,40.0,1.0,0.0,5.0,0,1
STU-003256,2027,computer_science,7.18,50.8,86.1,52.9,12.9,2.0,2.0,1.0,1,0
STU-003257,2024,electronics,5.52,24.5,60.9,,11.3,5.0,0.0,2.0,1,0
STU-003258,2025,computer_science,6.43,41.0,51.6,70.1,9.9,3.0,0.0,2.0,0,0
STU-003259,2026,computer_science,,37.4,42.3,43.5,16.5,2.0,1.0,4.0,1,0
STU-003260,2024,computer_science,8.33,,62.0,60.9,21.8,3.0,0.0,1.0,0,0
STU-003261,2024,computer_science,,80.0,39.6,60.1,11.2,3.0,0.0,4.0,2,0
STU-003262,2026,civil,7.03,65.7,70.3,70.8,17.1,5.0,1.0,2.0,0,0
STU-003263,2024,information_technology,7.43,73.3,80.4,73.2,19.7,3.0,1.0,2.0,0,1
STU-003264,2026,computer_science,7.0,65.6,48.2,59.8,20.9,1.0,0.0,1.0,0,1
STU-003265,2025,computer_science,8.09,76.4,51.7,60.8,8.6,0.0,1.0,1.0,2,0
STU-003266,2025,computer_science,7.7,59.8,39.8,61.5,7.2,4.0,1.0,0.0,0,0
STU-003267,2025,information_technology,7.9,82.5,66.6,57.7,8.7,1.0,0.0,1.0,2,1
STU-003268,2027,computer_science,6.88,39.3,54.3,80.1,,0.0,0.0,1.0,1,0
STU-003269,2027,computer_science,6.37,55.7,28.0,69.0,12.5,3.0,0.0,0.0,1,0
STU-003270,2024,computer_science,7.86,,100.0,79.7,1.8,4.0,0.0,2.0,2,0
STU-003271,2027,computer_science,8.88,80.4,32.3,49.7,16.8,3.0,0.0,4.0,1,0
STU-003272,2026,electronics,8.37,67.0,36.0,79.5,4.8,1.0,0.0,1.0,1,1
STU-003273,2026,computer_science,8.92,79.6,78.6,63.7,19.6,4.0,1.0,4.0,1,0
STU-003274,2026,electronics,7.29,,67.3,71.6,4.5,1.0,2.0,2.0,0,0
STU-003275,2026,electronics,5.98,46.9,38.8,35.3,10.0,0.0,0.0,3.0,0,0
STU-003276,2027,mechanical,6.09,29.4,38.1,84.8,7.6,2.0,1.0,3.0,0,1
STU-003277,2026,computer_science,8.69,66.8,69.5,68.2,1.6,1.0,0.0,1.0,0,0
STU-003278,2026,mechanical,4.96,47.5,53.3,88.1,5.0,5.0,2.0,0.0,0,0
STU-003279,2025,mechanical,,73.0,,77.6,23.4,1.0,2.0,0.0,1,1
STU-003280,2024,civil,6.19,56.9,68.7,33.3,5.5,3.0,0.0,1.0,1,0
STU-003281,2026,mechanical,9.31,30.7,,83.3,5.2,1.0,1.0,2.0,1,0
STU-003282,2024,computer_science,7.02,33.1,77.8,64.6,23.4,3.0,0.0,3.0,0,1
STU-003283,2025,civil,7.93,61.1,57.9,71.0,12.8,1.0,0.0,1.0,1,1
STU-003284,2024,mechanical,9.84,70.7,80.1,69.6,4.9,1.0,1.0,3.0,0,1
STU-003285,2025,computer_science,6.72,24.2,50.0,60.6,8.4,1.0,2.0,2.0,1,0
STU-003286,2026,computer_science,6.7,56.1,63.0,56.3,30.6,1.0,1.0,0.0,0,0
STU-003287,2026,civil,6.3,41.3,58.3,71.9,20.8,4.0,0.0,5.0,1,1
STU-003288,2026,computer_science,5.95,39.2,65.2,50.3,5.5,4.0,1.0,2.0,0,1
STU-003289,2024,mechanical,6.72,47.6,62.7,62.4,10.1,2.0,1.0,3.0,0,0
STU-003290,2026,information_technology,6.46,58.8,20.7,81.6,8.2,1.0,0.0,2.0,1,0
STU-003291,2025,electronics,5.66,44.7,39.0,44.9,8.3,4.0,0.0,4.0,0,0
STU-003292,2027,computer_science,6.86,27.9,55.8,59.2,9.5,0.0,3.0,2.0,0,0
STU-003293,2026,electronics,7.62,61.0,65.4,78.4,2.4,1.0,1.0,2.0,1,0
STU-003294,2026,information_technology,6.07,50.9,65.3,50.5,4.1,,1.0,1.0,1,0
STU-003295,2026,civil,6.91,43.8,64.0,35.3,17.9,1.0,2.0,1.0,2,0
STU-003296,2027,computer_science,8.72,56.8,49.9,34.3,18.9,2.0,0.0,0.0,1,0
STU-003297,2027,computer_science,5.47,49.7,64.5,55.4,9.7,1.0,0.0,1.0,0,0
STU-003298,2026,computer_science,9.32,,50.5,85.6,7.4,0.0,1.0,1.0,0,1
STU-003299,2026,computer_science,6.32,52.9,73.8,51.3,7.8,2.0,1.0,3.0,2,0
STU-003300,2024,civil,7.33,,78.9,58.0,23.1,1.0,0.0,,0,0
STU-003301,2027,computer_science,8.57,60.4,61.1,62.7,25.1,1.0,1.0,1.0,0,1
STU-003302,2025,computer_science,8.92,74.1,51.7,77.5,20.9,3.0,1.0,0.0,0,1
STU-003303,2025,mechanical,7.64,83.1,45.7,74.0,10.6,1.0,0.0,3.0,2,0
STU-003304,2027,computer_science,6.3,56.4,33.6,59.9,7.4,4.0,0.0,3.0,1,0
STU-003305,2026,computer_science,6.2,47.1,36.1,70.4,14.3,3.0,1.0,0.0,0,0
STU-003306,2024,electronics,6.44,35.3,49.7,76.9,6.6,2.0,1.0,,0,0
STU-003307,2024,information_technology,9.27,72.2,54.6,39.0,9.9,3.0,0.0,2.0,0,1
STU-003308,2024,mechanical,,43.8,26.3,56.7,9.7,0.0,0.0,4.0,0,0
STU-003309,2026,electronics,7.47,94.2,48.7,45.2,,3.0,,8.0,0,0
STU-003310,2024,computer_science,5.9,97.5,52.2,51.8,5.6,2.0,1.0,2.0,1,0
STU-003311,2027,electronics,5.77,52.3,44.3,71.1,11.3,5.0,0.0,2.0,1,0
STU-003312,2027,mechanical,7.13,33.3,40.3,45.2,6.8,1.0,0.0,,0,0
STU-003313,2026,information_technology,6.73,67.3,13.3,94.3,1.7,1.0,0.0,1.0,0,1
STU-003314,2026,electronics,6.81,89.1,73.7,71.2,2.5,3.0,1.0,1.0,0,1
STU-003315,2025,information_technology,5.4,35.1,47.9,53.8,8.0,1.0,0.0,2.0,0,0
STU-003316,2024,information_technology,7.02,86.5,60.5,60.2,4.1,0.0,1.0,2.0,1,0
STU-003317,2027,electronics,8.88,34.0,65.6,44.0,8.0,1.0,0.0,1.0,0,1
STU-003318,2024,computer_science,6.12,34.4,59.9,41.4,2.7,1.0,0.0,1.0,0,0
STU-003319,2024,information_technology,8.13,64.9,63.6,56.6,18.4,1.0,0.0,2.0,1,0
STU-003320,2025,computer_science,4.0,67.3,44.7,80.3,7.0,3.0,0.0,2.0,1,0
STU-003321,2024,electronics,6.18,55.4,64.7,42.3,12.4,0.0,0.0,2.0,1,0
STU-003322,2026,electronics,4.9,60.5,63.2,79.3,19.6,4.0,1.0,3.0,0,1
STU-003323,2026,computer_science,8.52,77.6,84.6,59.4,,2.0,1.0,2.0,2,1
STU-003324,2027,computer_science,8.11,78.5,45.3,65.3,11.3,5.0,0.0,3.0,0,0
STU-003325,2026,civil,5.91,46.5,54.9,63.0,19.3,1.0,0.0,,0,0
STU-003326,2027,computer_science,7.43,45.9,29.4,72.8,3.8,1.0,0.0,5.0,0,0
STU-003327,2025,computer_science,8.48,76.8,52.7,77.4,5.7,0.0,0.0,1.0,0,0
STU-003328,2027,computer_science,8.66,68.1,58.3,59.0,30.0,3.0,2.0,3.0,2,1
STU-003329,2026,electronics,6.63,66.1,66.1,69.1,,2.0,0.0,2.0,1,0
STU-003330,2025,computer_science,4.56,43.2,43.2,80.2,12.7,1.0,1.0,5.0,0,0
STU-003331,2027,mechanical,6.07,65.7,62.7,73.4,8.0,1.0,0.0,4.0,0,1
STU-003332,2025,electronics,,43.5,53.1,56.2,7.3,2.0,0.0,2.0,0,1
STU-003333,2024,computer_science,9.51,66.7,55.2,59.3,5.8,1.0,1.0,,0,0
STU-003334,2025,electronics,7.04,59.8,41.5,48.2,13.5,2.0,0.0,2.0,0,0
STU-003335,2025,computer_science,6.4,58.6,64.4,87.4,13.1,3.0,1.0,,0,1
STU-003336,2025,computer_science,9.86,75.4,60.0,66.3,14.2,4.0,3.0,2.0,0,1
STU-003337,2026,electronics,7.57,,16.0,42.4,10.7,2.0,0.0,3.0,1,0
STU-003338,2027,computer_science,5.69,65.5,60.6,50.2,4.4,4.0,3.0,2.0,0,0
STU-003339,2025,mechanical,6.96,58.2,39.1,59.9,4.9,1.0,0.0,5.0,0,0
STU-003340,2026,electronics,8.25,48.6,63.3,80.8,6.6,2.0,0.0,2.0,2,0
STU-003341,2025,computer_science,7.02,38.2,35.9,59.3,18.9,1.0,2.0,0.0,0,0
STU-003342,2027,civil,8.01,88.4,59.3,70.5,11.8,1.0,0.0,1.0,1,0
STU-003343,2024,information_technology,5.25,53.5,0.0,,16.2,1.0,0.0,3.0,1,0
STU-003344,2024,computer_science,5.45,49.6,48.2,,8.7,5.0,1.0,0.0,0,0
STU-003345,2026,information_technology,6.25,39.4,37.1,80.2,13.4,1.0,0.0,2.0,1,0
STU-003346,2026,civil,6.78,73.9,32.6,73.1,2.9,1.0,0.0,2.0,1,0
STU-003347,2027,information_technology,7.48,74.1,69.9,27.6,6.9,1.0,2.0,2.0,1,0
STU-003348,2026,information_technology,7.83,71.9,56.3,59.9,5.6,1.0,0.0,3.0,0,1
STU-003349,2027,information_technology,9.94,63.0,62.6,47.2,31.5,1.0,0.0,2.0,1,0
STU-003350,2025,computer_science,6.25,67.8,39.7,71.4,5.9,2.0,0.0,0.0,0,1
STU-003351,2024,computer_science,6.74,45.1,69.2,63.0,3.9,3.0,3.0,1.0,1,1
STU-003352,2024,electronics,6.28,59.8,44.7,86.0,14.2,4.0,0.0,3.0,1,1
STU-003353,2024,mechanical,8.34,59.9,85.7,57.3,14.3,0.0,0.0,2.0,1,0
STU-003354,2025,electronics,8.4,64.8,81.5,63.0,14.8,5.0,,6.0,0,0
STU-003355,2026,computer_science,6.59,30.0,77.6,60.3,7.5,,1.0,2.0,1,1
STU-003356,2025,information_technology,9.48,91.0,81.4,72.1,13.0,3.0,0.0,1.0,1,0
STU-003357,2026,computer_science,6.28,80.8,41.8,48.4,12.3,1.0,3.0,2.0,0,0
STU-003358,2026,computer_science,8.28,43.3,61.0,48.0,3.5,3.0,1.0,0.0,1,0
STU-003359,2026,electronics,8.77,70.2,58.6,54.1,0.9,1.0,1.0,3.0,0,0
STU-003360,2026,computer_science,5.53,32.8,63.4,70.2,6.3,2.0,1.0,1.0,1,1
STU-003361,2025,mechanical,7.76,60.8,57.9,,10.8,1.0,1.0,3.0,0,0
STU-003362,2025,information_technology,,19.1,,60.7,2.4,2.0,0.0,1.0,1,0
STU-003363,2026,electronics,8.05,55.7,,70.3,7.4,5.0,1.0,1.0,0,1
STU-003364,2026,mechanical,5.83,48.3,44.8,,11.1,3.0,0.0,1.0,0,0
STU-003365,2025,electronics,7.75,76.9,47.4,61.2,11.4,2.0,1.0,3.0,0,0
STU-003366,2025,mechanical,7.97,85.0,52.0,60.9,27.1,1.0,2.0,1.0,2,0
STU-003367,2026,mechanical,8.39,86.1,78.8,72.7,14.2,0.0,0.0,2.0,0,0
STU-003368,2026,electronics,8.12,77.6,62.7,88.8,1.6,3.0,2.0,1.0,1,1
STU-003369,2024,computer_science,7.16,59.6,63.5,75.8,22.5,1.0,0.0,0.0,0,1
STU-003370,2026,computer_science,6.66,63.1,57.7,78.8,6.8,1.0,1.0,2.0,0,1
STU-003371,2027,mechanical,7.01,63.8,17.8,90.5,3.9,2.0,1.0,5.0,1,0
STU-003372,2024,computer_science,5.82,37.9,32.1,52.2,6.8,2.0,0.0,0.0,0,0
STU-003373,2027,civil,6.86,74.9,49.7,71.8,4.3,2.0,2.0,2.0,0,0
STU-003374,2024,computer_science,6.77,67.9,59.4,82.4,0.8,0.0,0.0,0.0,0,1
STU-003375,2026,electronics,6.19,67.4,35.0,75.1,5.4,6.0,0.0,1.0,1,0
STU-003376,2026,computer_science,5.1,20.0,30.1,53.6,11.3,1.0,0.0,3.0,0,0
STU-003377,2024,civil,5.63,62.1,44.2,50.8,11.8,2.0,1.0,2.0,0,0
STU-003378,2027,computer_science,4.0,67.1,65.5,,13.4,2.0,1.0,2.0,0,0
STU-003379,2026,information_technology,6.75,57.3,17.4,67.8,12.0,3.0,1.0,3.0,0,0
STU-003380,2027,mechanical,7.51,51.5,12.0,66.3,11.8,1.0,0.0,1.0,0,1
STU-003381,2025,computer_science,4.02,31.6,72.6,62.3,5.8,2.0,0.0,1.0,2,0
STU-003382,2027,computer_science,7.37,37.2,30.5,83.1,5.0,2.0,0.0,0.0,0,0
STU-003383,2027,mechanical,6.96,60.2,47.9,75.6,5.0,0.0,0.0,2.0,0,0
STU-003384,2026,mechanical,5.75,52.0,24.5,59.4,7.1,3.0,1.0,5.0,1,0
STU-003385,2025,computer_science,6.6,53.5,48.3,74.8,14.8,5.0,0.0,3.0,0,1
STU-003386,2026,electronics,8.31,83.6,57.9,64.5,1.8,5.0,0.0,2.0,0,0
STU-003387,2026,computer_science,5.98,,78.3,74.2,9.4,2.0,1.0,2.0,2,1
STU-003388,2027,computer_science,7.19,53.2,,81.0,7.6,5.0,1.0,4.0,1,1
STU-003389,2026,electronics,7.5,84.4,35.2,79.3,18.2,3.0,0.0,2.0,1,0
STU-003390,2025,computer_science,6.15,51.6,19.2,37.8,21.0,1.0,1.0,,0,0
STU-003391,2024,,8.26,61.5,,69.2,9.7,0.0,0.0,2.0,0,0
STU-003392,2026,computer_science,7.56,56.5,48.4,82.7,9.6,2.0,1.0,5.0,0,0
STU-003393,2027,mechanical,6.81,68.2,41.9,51.9,8.9,,2.0,1.0,0,1
STU-003394,2024,information_technology,9.82,32.8,86.4,89.8,26.1,6.0,0.0,1.0,0,1
STU-003395,2027,computer_science,8.26,57.5,30.2,70.7,4.6,3.0,0.0,4.0,0,0
STU-003396,2027,civil,5.16,55.1,41.4,75.4,2.0,2.0,0.0,3.0,0,0
STU-003397,2024,mechanical,6.65,42.3,64.3,75.4,5.2,1.0,0.0,,1,0
STU-003398,2024,computer_science,9.94,69.0,46.7,43.2,17.0,1.0,2.0,6.0,0,0
STU-003399,2026,civil,5.97,67.7,72.9,75.9,11.9,2.0,0.0,2.0,1,1
STU-003400,2026,computer_science,7.18,65.1,38.5,68.9,4.1,1.0,1.0,1.0,1,0
STU-003401,2024,computer_science,8.52,87.7,59.9,55.7,9.3,3.0,0.0,2.0,0,1
STU-003402,2027,information_technology,7.85,53.2,46.6,84.7,17.8,1.0,2.0,1.0,0,0
STU-003403,2026,computer_science,8.02,67.5,12.5,,15.0,3.0,0.0,2.0,2,0
STU-003404,2027,electronics,7.95,67.0,51.6,53.4,2.2,1.0,1.0,4.0,0,0
STU-003405,2027,information_technology,7.13,54.7,69.0,82.3,14.3,4.0,1.0,0.0,0,1
STU-003406,2027,mechanical,6.19,73.4,34.2,76.1,16.9,1.0,0.0,3.0,0,1
STU-003407,2026,computer_science,7.6,63.5,,54.5,7.1,1.0,1.0,1.0,1,1
STU-003408,2025,computer_science,6.64,39.3,44.8,52.0,8.4,3.0,0.0,2.0,2,0
STU-003409,2026,information_technology,6.55,68.4,,59.7,8.9,1.0,1.0,3.0,0,1
STU-003410,2024,computer_science,8.8,,56.1,67.5,31.0,2.0,0.0,0.0,0,1
STU-003411,2026,civil,6.66,52.5,54.0,,13.0,1.0,4.0,2.0,1,0
STU-003412,2024,electronics,9.06,58.4,63.9,62.2,9.8,1.0,0.0,0.0,1,0
STU-003413,2026,mechanical,7.4,69.8,47.7,64.7,10.7,3.0,0.0,2.0,0,0
STU-003414,2024,electronics,6.92,74.0,,58.9,2.0,1.0,3.0,1.0,1,1
STU-003415,2025,computer_science,5.01,51.6,29.6,57.4,14.8,4.0,0.0,2.0,0,0
STU-003416,2025,computer_science,9.54,59.8,77.1,47.3,23.2,4.0,1.0,0.0,0,1
STU-003417,2026,information_technology,7.09,,77.1,63.4,22.5,2.0,0.0,2.0,1,1
STU-003418,2027,mechanical,4.49,42.3,42.6,63.1,5.5,0.0,1.0,1.0,0,0
STU-003419,2024,computer_science,8.24,46.3,61.0,50.7,12.9,2.0,0.0,2.0,0,0
STU-003420,2027,computer_science,7.04,62.8,64.2,,2.6,1.0,0.0,1.0,0,0
STU-003421,2027,electronics,6.03,54.5,44.8,80.3,16.0,4.0,1.0,2.0,0,0
STU-003422,2025,computer_science,8.17,46.7,27.4,64.7,4.4,1.0,0.0,1.0,2,0
STU-003423,2026,information_technology,4.17,54.6,39.4,69.8,18.6,2.0,0.0,2.0,0,0
STU-003424,2025,computer_science,6.28,55.5,80.1,77.6,13.2,1.0,0.0,2.0,0,1
STU-003425,2024,information_technology,6.76,19.4,63.7,63.3,1.9,2.0,1.0,2.0,0,1
STU-003426,2026,information_technology,8.08,76.8,60.6,76.3,17.6,1.0,2.0,4.0,0,1
STU-003427,2024,mechanical,9.68,78.5,78.6,31.5,1.3,4.0,0.0,2.0,2,0
STU-003428,2027,electronics,6.82,54.1,51.8,53.9,5.0,2.0,0.0,0.0,1,0
STU-003429,2027,computer_science,7.63,64.5,58.0,48.3,2.9,2.0,2.0,3.0,1,0
STU-003430,2027,mechanical,10.0,59.1,59.7,83.5,33.5,1.0,0.0,2.0,0,1
STU-003431,2026,mechanical,7.11,34.1,63.5,72.6,12.9,0.0,2.0,3.0,1,0
STU-003432,2026,electronics,7.64,91.7,48.4,46.8,,1.0,2.0,3.0,1,0
STU-003433,2027,civil,5.68,66.6,44.3,50.1,7.4,3.0,0.0,3.0,1,0
STU-003434,2025,mechanical,9.35,76.8,,44.6,39.1,0.0,0.0,0.0,0,0
STU-003435,2024,computer_science,6.28,52.3,48.8,68.3,9.0,1.0,0.0,1.0,0,1
STU-003436,2026,information_technology,7.41,75.7,66.2,66.5,37.9,3.0,1.0,,0,1
STU-003437,2025,information_technology,7.38,38.2,67.5,57.8,9.8,3.0,1.0,5.0,0,1
STU-003438,2025,information_technology,7.2,54.7,54.5,51.5,21.3,1.0,1.0,3.0,0,0
STU-003439,2024,civil,6.6,68.3,47.5,63.3,23.5,3.0,1.0,2.0,3,0
STU-003440,2026,electronics,7.38,49.4,,99.8,5.7,4.0,1.0,0.0,1,0
STU-003441,2025,computer_science,9.12,75.9,44.8,58.4,13.0,3.0,1.0,1.0,0,0
STU-003442,2025,civil,9.72,68.0,76.2,79.8,20.2,1.0,2.0,3.0,0,1
STU-003443,2024,electronics,6.9,60.9,64.6,59.5,1.6,3.0,0.0,1.0,3,0
STU-003444,2025,computer_science,6.58,46.4,36.5,77.3,17.0,3.0,0.0,2.0,0,0
STU-003445,2027,civil,6.17,62.4,58.4,72.2,15.2,2.0,1.0,1.0,3,0
STU-003446,2025,information_technology,10.0,93.0,,63.3,14.4,2.0,1.0,1.0,2,1
STU-003447,2026,information_technology,,61.1,71.9,72.7,5.2,3.0,0.0,3.0,1,0
STU-003448,2027,information_technology,8.38,69.1,97.3,80.5,1.3,1.0,2.0,2.0,0,1
STU-003449,2025,civil,7.9,70.4,68.4,64.7,,2.0,1.0,5.0,1,1
STU-003450,2027,computer_science,9.64,46.1,53.8,61.2,7.1,3.0,0.0,6.0,1,0
STU-003451,2026,computer_science,6.82,55.6,66.9,73.0,15.1,2.0,1.0,3.0,0,0
STU-003452,2026,electronics,5.83,53.2,32.6,86.5,5.9,,0.0,4.0,3,0
STU-003453,2024,mechanical,9.24,30.6,100.0,44.2,,0.0,0.0,0.0,1,1
STU-003454,2024,computer_science,8.14,72.1,38.7,,1.5,6.0,0.0,1.0,0,1
STU-003455,2027,computer_science,7.62,45.3,65.0,83.5,17.2,4.0,3.0,3.0,0,1
STU-003456,2027,civil,8.87,71.9,62.5,56.1,6.6,3.0,0.0,,0,0
STU-003457,2027,mechanical,,48.0,50.7,81.1,12.1,3.0,0.0,6.0,0,0
STU-003458,2027,information_technology,8.91,92.4,54.5,54.3,3.9,0.0,0.0,1.0,0,1
STU-003459,2024,information_technology,7.38,,79.7,,14.3,3.0,0.0,4.0,0,0
STU-003460,2027,information_technology,8.14,89.1,69.2,78.3,10.6,2.0,2.0,1.0,2,0
STU-003461,2026,electronics,7.71,56.8,55.2,74.0,13.4,1.0,0.0,1.0,0,1
STU-003462,2027,electronics,6.73,56.6,83.4,47.8,29.6,4.0,0.0,0.0,0,1
STU-003463,2024,mechanical,6.86,81.2,52.4,72.1,6.7,1.0,1.0,1.0,1,0
STU-003464,2025,computer_science,6.65,43.5,66.1,54.4,3.8,2.0,,2.0,2,0
STU-003465,2027,mechanical,7.41,59.6,33.8,69.8,11.7,0.0,0.0,2.0,1,0
STU-003466,2027,computer_science,6.58,65.2,31.4,64.6,5.9,2.0,1.0,2.0,2,0
STU-003467,2026,mechanical,7.6,65.3,69.5,61.3,8.8,2.0,0.0,1.0,1,0
STU-003468,2025,computer_science,7.56,59.8,62.5,55.1,9.3,0.0,0.0,2.0,0,0
STU-003469,2025,,7.34,57.3,92.8,40.3,35.0,5.0,0.0,,1,1
STU-003470,2027,computer_science,7.36,71.4,44.4,54.9,7.6,3.0,2.0,2.0,0,1
STU-003471,2026,computer_science,6.45,59.5,64.3,73.4,19.1,3.0,1.0,5.0,2,1
STU-003472,2026,information_technology,6.78,72.0,49.9,70.1,1.6,1.0,0.0,5.0,1,0
STU-003473,2026,electronics,5.18,60.2,62.1,52.1,7.2,1.0,1.0,0.0,1,0
STU-003474,2025,mechanical,6.96,67.7,67.9,79.2,9.7,1.0,,1.0,1,1
STU-003475,2026,information_technology,5.97,72.9,50.4,68.9,7.9,2.0,0.0,0.0,0,0
STU-003476,2026,information_technology,7.21,53.8,43.3,72.5,9.2,1.0,0.0,2.0,0,0
STU-003477,2027,computer_science,6.28,73.2,46.3,49.3,5.0,1.0,0.0,1.0,0,0
STU-003478,2027,mechanical,4.74,51.1,27.0,89.2,18.3,0.0,0.0,1.0,0,0
STU-003479,2027,computer_science,9.69,42.4,72.0,70.7,5.6,1.0,0.0,1.0,0,0
STU-003480,2026,computer_science,6.83,52.7,6.6,85.5,4.3,1.0,0.0,1.0,0,0
STU-003481,2026,computer_science,8.76,50.7,52.2,55.2,11.5,2.0,0.0,2.0,1,1
STU-003482,2026,computer_science,6.49,62.6,68.3,38.4,,2.0,0.0,1.0,2,1
STU-003483,2027,electronics,9.05,57.8,78.2,50.8,9.5,2.0,1.0,1.0,0,1
STU-003484,2026,computer_science,5.78,57.5,22.7,78.6,3.9,3.0,0.0,3.0,0,0
STU-003485,2026,computer_science,7.3,73.8,66.1,48.2,19.9,1.0,1.0,2.0,1,1
STU-003486,2027,mechanical,5.84,78.0,31.0,84.9,10.3,2.0,2.0,0.0,1,0
STU-003487,2026,computer_science,10.0,68.4,60.6,53.9,9.1,0.0,0.0,0.0,1,0
STU-003488,2027,electronics,6.81,73.9,67.3,69.5,9.8,1.0,1.0,4.0,0,1
STU-003489,2025,information_technology,8.05,57.4,42.6,67.3,26.1,4.0,0.0,1.0,2,0
STU-003490,2026,mechanical,7.62,35.8,81.7,59.7,4.4,1.0,1.0,1.0,1,1
STU-003491,2026,electronics,,40.5,59.7,59.8,18.4,1.0,0.0,2.0,0,0
STU-003492,2024,computer_science,7.7,56.5,65.6,50.3,3.6,4.0,0.0,4.0,0,0
STU-003493,2027,mechanical,8.66,73.3,80.0,91.5,13.7,3.0,2.0,2.0,1,1
STU-003494,2026,information_technology,7.87,56.8,,71.3,3.8,2.0,0.0,3.0,0,0
STU-003495,2024,computer_science,7.29,76.4,69.8,41.3,21.9,1.0,3.0,3.0,1,0
STU-003496,2027,electronics,7.7,86.9,46.6,45.0,,2.0,0.0,2.0,0,0
STU-003497,2026,electronics,9.3,49.3,45.3,71.5,1.7,0.0,0.0,,1,0
STU-003498,2027,computer_science,6.62,,48.7,63.9,14.6,3.0,1.0,4.0,2,0
STU-003499,2025,information_technology,4.97,29.4,54.9,38.6,10.3,3.0,3.0,2.0,1,0
STU-003500,2027,,5.84,83.4,28.5,,2.4,0.0,1.0,2.0,0,0
STU-003501,2025,electronics,5.92,55.3,60.6,25.0,29.6,2.0,0.0,0.0,0,0
STU-003502,2026,civil,6.09,52.7,57.7,57.5,10.2,3.0,0.0,0.0,0,0
STU-003503,2024,information_technology,6.13,56.1,48.4,64.3,11.4,1.0,0.0,1.0,0,0
STU-003504,2026,civil,7.07,46.1,56.3,54.5,8.8,3.0,0.0,0.0,0,0
STU-003505,2026,computer_science,7.38,81.3,57.6,76.0,11.9,3.0,0.0,3.0,2,1
STU-003506,2026,mechanical,7.37,48.4,64.0,71.2,4.6,2.0,1.0,2.0,1,1
STU-003507,2026,civil,,48.1,64.7,66.0,3.9,0.0,5.0,2.0,0,0
STU-003508,2027,electronics,8.24,39.8,100.0,63.0,10.6,1.0,,1.0,0,1
STU-003509,2026,computer_science,7.71,48.5,60.7,71.5,2.6,4.0,0.0,3.0,1,0
STU-003510,2025,computer_science,8.92,51.3,51.7,61.1,7.5,1.0,0.0,,2,0
STU-003511,2027,computer_science,,48.6,26.9,42.8,4.2,3.0,2.0,1.0,0,0
STU-003512,2026,electronics,6.7,54.8,29.9,77.6,0.6,4.0,0.0,2.0,0,0
STU-003513,2027,civil,8.6,44.5,48.5,88.5,5.6,0.0,1.0,,0,0
STU-003514,2027,information_technology,7.41,82.7,68.4,65.2,20.9,1.0,1.0,1.0,1,1
STU-003515,2027,computer_science,8.02,57.7,52.4,65.5,12.4,4.0,0.0,2.0,0,0
STU-003516,2027,computer_science,7.93,65.5,65.6,63.5,22.9,2.0,0.0,5.0,0,0
STU-003517,2026,electronics,6.96,70.8,42.4,45.6,6.2,2.0,1.0,2.0,0,0
STU-003518,2024,electronics,7.22,88.8,63.6,,16.2,1.0,2.0,1.0,1,1
STU-003519,2026,computer_science,6.95,71.5,69.6,75.2,19.0,6.0,0.0,4.0,0,1
STU-003520,2027,electronics,6.12,52.5,44.6,67.6,2.7,2.0,0.0,0.0,1,0
STU-003521,2026,computer_science,4.63,37.2,52.9,88.1,6.1,4.0,0.0,1.0,0,1
STU-003522,2027,electronics,6.3,61.7,44.7,74.5,15.0,1.0,0.0,1.0,1,0
STU-003523,2024,information_technology,7.33,74.6,35.4,58.4,7.2,1.0,0.0,1.0,0,0
STU-003524,2025,computer_science,8.35,62.8,69.8,73.5,4.4,4.0,0.0,4.0,1,0
STU-003525,2026,electronics,8.02,61.0,,61.3,35.9,0.0,0.0,4.0,0,1
STU-003526,2026,electronics,6.78,60.8,,41.0,1.9,3.0,1.0,3.0,0,0
STU-003527,2024,information_technology,6.32,28.6,68.5,78.7,5.1,1.0,1.0,4.0,0,1
STU-003528,2024,mechanical,6.89,60.0,50.3,71.2,7.2,5.0,1.0,3.0,1,1
STU-003529,2027,information_technology,,66.9,47.9,100.0,9.2,0.0,0.0,1.0,0,0
STU-003530,2026,computer_science,4.67,52.6,40.8,56.6,8.7,8.0,0.0,2.0,0,1
STU-003531,2024,civil,5.32,71.5,54.2,74.4,7.5,0.0,0.0,2.0,0,0
STU-003532,2024,civil,8.68,78.7,59.4,53.8,6.7,2.0,2.0,4.0,1,1
STU-003533,2026,computer_science,9.24,54.9,66.1,52.0,6.4,1.0,0.0,7.0,2,1
STU-003534,2024,civil,7.97,66.6,46.6,96.8,12.9,2.0,1.0,0.0,1,0
STU-003535,2026,mechanical,7.03,58.7,37.7,35.2,8.7,2.0,0.0,0.0,2,0
STU-003536,2027,computer_science,5.5,,33.5,63.6,3.1,2.0,0.0,1.0,1,0
STU-003537,2025,information_technology,6.91,55.0,61.7,88.4,8.5,1.0,1.0,4.0,2,0
STU-003538,2026,,7.8,44.1,57.5,42.4,11.2,2.0,1.0,2.0,1,1
STU-003539,2024,electronics,8.05,62.1,50.8,56.9,40.0,0.0,0.0,1.0,1,0
STU-003540,2025,civil,7.89,70.0,69.8,76.7,7.1,1.0,1.0,2.0,0,0
STU-003541,2027,information_technology,8.49,57.7,85.7,47.2,15.8,,1.0,2.0,1,0
STU-003542,2026,information_technology,9.33,49.2,55.9,68.6,18.1,0.0,0.0,3.0,0,1
STU-003543,2027,computer_science,6.63,60.8,35.1,52.9,7.4,2.0,1.0,0.0,0,0
STU-003544,2025,information_technology,10.0,100.0,83.1,82.7,19.1,4.0,0.0,2.0,1,1
STU-003545,2025,mechanical,4.78,21.0,46.4,82.2,16.1,2.0,1.0,0.0,0,0
STU-003546,2026,computer_science,6.2,59.9,48.7,57.3,17.2,2.0,0.0,2.0,1,0
STU-003547,2026,information_technology,7.33,50.5,73.6,23.8,5.4,4.0,1.0,2.0,4,0
STU-003548,2027,information_technology,7.73,53.1,53.5,71.2,35.0,3.0,0.0,2.0,1,0
STU-003549,2024,electronics,6.89,56.2,,78.3,15.8,1.0,1.0,2.0,1,1
STU-003550,2027,electronics,6.53,51.9,55.8,,4.3,2.0,0.0,1.0,0,0
STU-003551,2027,electronics,9.63,,100.0,69.6,7.4,2.0,1.0,4.0,1,1
STU-003552,2026,information_technology,6.47,53.3,50.6,67.7,11.9,3.0,0.0,1.0,0,1
STU-003553,2025,electronics,5.93,23.4,66.6,59.2,12.1,5.0,1.0,3.0,1,1
STU-003554,2026,electronics,9.04,81.3,,53.3,15.7,1.0,0.0,2.0,0,0
STU-003555,2025,electronics,8.08,77.1,67.0,64.5,14.0,2.0,0.0,2.0,1,0
STU-003556,2027,electronics,8.36,51.6,57.1,60.5,5.9,0.0,1.0,4.0,0,1
STU-003557,2026,mechanical,7.33,59.4,69.8,73.4,20.9,4.0,1.0,1.0,0,0
STU-003558,2027,computer_science,5.52,73.3,47.4,51.8,21.8,4.0,0.0,1.0,1,0
STU-003559,2026,computer_science,7.2,73.9,64.3,57.7,14.7,2.0,0.0,0.0,0,0
STU-003560,2026,civil,5.36,75.1,35.6,64.8,17.5,2.0,0.0,2.0,0,0
STU-003561,2026,computer_science,7.38,64.4,,52.9,7.7,2.0,0.0,2.0,1,0
STU-003562,2026,civil,7.85,71.2,26.4,44.0,6.2,2.0,0.0,1.0,0,0
STU-003563,2027,electronics,8.34,81.8,66.6,72.5,7.4,3.0,0.0,3.0,1,1
STU-003564,2025,civil,6.99,52.8,43.9,45.2,24.5,1.0,1.0,1.0,0,0
STU-003565,2027,electronics,7.96,66.5,96.2,66.1,7.9,2.0,1.0,3.0,1,0
STU-003566,2027,mechanical,6.06,23.9,43.2,70.9,10.8,4.0,0.0,5.0,1,0
STU-003567,2027,electronics,8.21,36.7,81.0,83.3,6.6,3.0,0.0,1.0,0,0
STU-003568,2026,information_technology,7.88,67.3,78.0,95.7,3.0,2.0,0.0,3.0,1,1
STU-003569,2027,information_technology,6.18,66.1,47.5,81.9,5.6,1.0,3.0,1.0,0,1
STU-003570,2025,computer_science,7.71,53.6,45.3,53.5,8.6,4.0,1.0,0.0,0,1
STU-003571,2027,computer_science,,51.6,58.1,59.2,13.0,3.0,0.0,3.0,0,0
STU-003572,2024,civil,7.19,53.0,75.1,67.6,16.8,0.0,1.0,1.0,1,0
STU-003573,2025,computer_science,6.15,59.2,90.5,62.5,2.9,1.0,0.0,3.0,1,0
STU-003574,2026,electronics,7.3,23.9,35.2,65.6,12.4,0.0,1.0,,3,0
STU-003575,2025,information_technology,7.74,66.5,58.2,80.8,3.5,5.0,1.0,1.0,0,0
STU-003576,2025,computer_science,6.15,56.8,41.3,65.2,4.6,3.0,1.0,0.0,0,1
STU-003577,2027,civil,5.94,59.6,44.6,76.2,15.3,5.0,1.0,2.0,0,0
STU-003578,2025,computer_science,7.7,57.5,86.8,47.5,4.4,3.0,0.0,1.0,1,0
STU-003579,2027,electronics,8.05,39.3,46.1,70.1,9.1,0.0,0.0,1.0,0,0
STU-003580,2024,information_technology,9.57,,38.0,39.9,6.1,3.0,1.0,1.0,0,0
STU-003581,2027,computer_science,7.87,82.6,61.9,79.0,15.4,2.0,0.0,0.0,0,1
STU-003582,2027,computer_science,5.71,45.8,56.3,60.7,13.2,1.0,0.0,0.0,0,0
STU-003583,2025,electronics,9.45,75.0,57.6,44.0,12.3,0.0,1.0,0.0,0,0
STU-003584,2027,computer_science,8.31,44.4,48.7,59.4,4.9,3.0,1.0,1.0,0,0
STU-003585,2027,mechanical,4.79,53.4,48.9,69.9,10.7,2.0,1.0,2.0,0,0
STU-003586,2027,electronics,5.92,49.2,27.7,,13.8,2.0,0.0,,0,0
STU-003587,2025,computer_science,6.53,52.8,60.3,51.0,7.9,2.0,1.0,,1,0
STU-003588,2026,computer_science,8.06,55.0,53.3,57.7,4.7,3.0,0.0,2.0,2,0
STU-003589,2027,computer_science,4.36,74.4,68.0,74.9,9.3,1.0,0.0,4.0,1,0
STU-003590,2025,mechanical,6.96,86.8,60.3,35.1,9.3,0.0,0.0,1.0,1,0
STU-003591,2027,information_technology,8.0,63.6,56.4,69.7,22.9,1.0,0.0,4.0,0,1
STU-003592,2025,computer_science,4.0,45.8,39.1,59.7,10.3,,1.0,5.0,0,0
STU-003593,2027,information_technology,7.96,40.0,26.0,78.3,7.7,3.0,0.0,3.0,0,0
STU-003594,2024,information_technology,8.1,39.2,57.3,68.9,9.1,3.0,0.0,2.0,0,1
STU-003595,2024,electronics,6.13,78.0,48.1,82.3,6.4,5.0,1.0,3.0,1,1
STU-003596,2027,computer_science,5.77,33.5,51.0,69.0,5.7,1.0,0.0,3.0,0,0
STU-003597,2027,computer_science,6.11,49.6,48.2,46.3,7.7,1.0,0.0,4.0,0,0
STU-003598,2027,information_technology,,54.4,67.4,69.3,8.3,5.0,,3.0,1,0
STU-003599,2027,electronics,6.72,18.4,49.3,70.1,7.3,,1.0,2.0,2,0
STU-003600,2026,electronics,7.35,39.9,42.1,53.5,,1.0,0.0,2.0,2,0
STU-003601,2025,computer_science,5.7,35.3,21.5,55.6,24.6,4.0,1.0,,2,0
STU-003602,2024,computer_science,8.22,50.5,52.3,29.4,6.1,1.0,1.0,1.0,2,0
STU-003603,2026,electronics,7.22,62.3,38.1,73.4,20.3,4.0,0.0,1.0,0,1
STU-003604,2025,computer_science,7.4,74.2,34.5,61.1,7.9,3.0,0.0,1.0,0,0
STU-003605,2027,information_technology,6.64,47.3,48.3,55.0,5.4,0.0,0.0,0.0,0,0
STU-003606,2024,information_technology,7.95,53.0,78.2,48.9,6.8,2.0,0.0,1.0,2,0
STU-003607,2024,computer_science,8.58,59.4,77.2,56.0,2.7,1.0,2.0,2.0,0,1
STU-003608,2025,information_technology,6.63,45.2,31.7,69.1,11.2,2.0,0.0,1.0,0,0
STU-003609,2025,computer_science,7.98,66.2,59.5,65.5,17.2,1.0,0.0,2.0,0,0
STU-003610,2025,electronics,7.99,66.7,66.1,58.2,12.2,1.0,0.0,1.0,0,1
STU-003611,2026,computer_science,7.58,18.3,67.3,45.7,10.1,1.0,1.0,3.0,0,1
STU-003612,2025,information_technology,9.03,71.6,90.4,58.1,,1.0,1.0,1.0,1,1
STU-003613,2026,information_technology,6.26,58.4,32.2,51.1,5.0,2.0,0.0,1.0,1,0
STU-003614,2027,computer_science,6.62,61.1,38.4,59.7,18.9,2.0,1.0,0.0,1,0
STU-003615,2026,electronics,6.21,74.1,40.6,71.4,12.8,2.0,1.0,4.0,1,1
STU-003616,2026,electronics,7.93,33.1,65.0,55.2,3.1,4.0,1.0,2.0,2,0
STU-003617,2025,civil,6.79,38.7,7.9,86.1,5.9,2.0,1.0,1.0,0,0
STU-003618,2024,computer_science,6.3,55.5,48.3,54.7,5.0,0.0,1.0,2.0,0,0
STU-003619,2025,computer_science,9.01,27.2,32.7,38.6,14.9,1.0,1.0,3.0,0,0
STU-003620,2027,computer_science,9.18,59.2,63.7,59.5,10.3,2.0,0.0,1.0,0,1
STU-003621,2026,mechanical,6.72,70.1,89.1,54.2,8.4,2.0,0.0,0.0,1,0
STU-003622,2025,information_technology,5.53,61.0,64.4,100.0,6.8,0.0,0.0,2.0,1,0
STU-003623,2026,computer_science,9.24,63.7,43.1,56.1,1.6,2.0,0.0,1.0,0,0
STU-003624,2027,electronics,7.64,55.8,50.4,41.2,14.3,1.0,0.0,3.0,0,0
STU-003625,2026,computer_science,7.58,52.7,42.2,62.6,29.6,2.0,,2.0,0,0
STU-003626,2026,information_technology,7.22,51.2,77.9,59.7,20.4,1.0,0.0,2.0,0,0
STU-003627,2027,information_technology,6.18,59.8,14.3,45.7,9.8,3.0,0.0,2.0,1,0
STU-003628,2026,electronics,6.62,34.0,46.0,67.0,19.6,4.0,1.0,,1,0
STU-003629,2026,electronics,7.88,,46.7,69.9,13.6,1.0,1.0,2.0,0,1
STU-003630,2025,computer_science,6.59,46.1,33.4,63.1,25.2,4.0,2.0,1.0,1,1
STU-003631,2024,electronics,7.6,67.6,85.6,58.3,2.4,3.0,2.0,1.0,0,0
STU-003632,2027,information_technology,7.12,59.4,28.8,56.8,8.9,4.0,0.0,5.0,1,0
STU-003633,2026,computer_science,5.88,38.5,30.2,53.3,26.7,3.0,1.0,1.0,0,0
STU-003634,2025,mechanical,8.96,81.3,90.0,44.1,3.7,3.0,0.0,2.0,1,0
STU-003635,2026,electronics,7.78,,56.4,82.8,9.8,3.0,0.0,1.0,1,1
STU-003636,2024,civil,7.48,35.4,53.9,96.1,7.9,2.0,0.0,2.0,1,0
STU-003637,2027,electronics,7.74,58.4,47.3,47.6,5.3,2.0,1.0,3.0,1,0
STU-003638,2025,computer_science,5.04,57.2,47.1,53.6,25.5,4.0,1.0,2.0,0,0
STU-003639,2027,information_technology,6.53,26.0,45.8,46.9,5.3,1.0,0.0,2.0,2,0
STU-003640,2026,information_technology,5.34,22.9,35.9,74.5,8.0,1.0,2.0,,0,0
STU-003641,2025,computer_science,7.24,46.0,32.1,47.8,8.1,2.0,1.0,0.0,1,0
STU-003642,2024,information_technology,7.47,39.3,57.6,71.8,7.1,2.0,1.0,2.0,0,0
STU-003643,2027,information_technology,7.26,42.9,45.9,68.0,7.1,5.0,,3.0,0,0
STU-003644,2024,computer_science,8.46,41.2,52.8,59.9,4.3,1.0,0.0,3.0,2,0
STU-003645,2024,mechanical,5.38,52.9,59.7,81.0,6.6,0.0,0.0,2.0,1,0
STU-003646,2027,computer_science,6.18,43.0,43.1,57.1,24.8,1.0,0.0,2.0,1,0
STU-003647,2025,information_technology,7.58,75.9,55.4,62.0,10.3,2.0,0.0,4.0,0,0
STU-003648,2025,mechanical,7.4,61.5,85.1,45.0,9.0,4.0,1.0,0.0,1,1
STU-003649,2025,electronics,5.59,67.1,55.9,27.8,17.4,5.0,2.0,1.0,0,1
STU-003650,2027,computer_science,8.48,,51.7,76.8,7.2,4.0,1.0,3.0,2,0
STU-003651,2025,electronics,8.87,52.3,43.8,53.3,2.2,2.0,0.0,2.0,0,0
STU-003652,2025,electronics,7.59,,55.1,78.2,16.0,4.0,0.0,4.0,0,1
STU-003653,2025,mechanical,5.36,61.5,,57.1,4.1,1.0,1.0,0.0,0,0
STU-003654,2025,computer_science,7.28,48.9,46.1,60.5,6.8,0.0,0.0,3.0,0,0
STU-003655,2025,computer_science,7.49,51.5,56.2,64.9,2.7,1.0,0.0,1.0,1,0
STU-003656,2024,electronics,6.79,51.7,43.7,54.4,4.8,,0.0,0.0,0,0
STU-003657,2024,computer_science,8.65,56.8,54.7,39.4,4.8,1.0,1.0,1.0,0,1
STU-003658,2025,mechanical,6.97,90.4,33.2,49.8,11.2,3.0,1.0,2.0,2,0
STU-003659,2027,electronics,9.52,67.7,68.7,48.7,2.3,2.0,1.0,0.0,0,1
STU-003660,2024,mechanical,8.0,60.6,60.4,61.5,17.6,4.0,0.0,2.0,0,0
STU-003661,2025,civil,7.42,39.9,80.7,77.6,7.2,3.0,1.0,2.0,0,0
STU-003662,2027,electronics,8.16,41.8,60.4,51.8,7.8,1.0,0.0,1.0,2,0
STU-003663,2027,civil,8.86,58.5,,60.6,8.9,4.0,1.0,2.0,0,1
STU-003664,2026,electronics,8.13,77.2,83.1,,2.9,0.0,0.0,3.0,0,0
STU-003665,2025,computer_science,7.01,55.0,60.1,50.9,13.9,3.0,0.0,0.0,0,0
STU-003666,2025,mechanical,6.34,54.3,54.5,67.4,13.5,1.0,1.0,1.0,1,0
STU-003667,2025,electronics,5.81,44.5,48.9,77.4,13.4,2.0,0.0,2.0,0,1
STU-003668,2024,civil,4.29,26.5,,67.5,3.6,0.0,1.0,1.0,0,0
STU-003669,2025,computer_science,7.3,65.2,40.4,,3.9,2.0,0.0,,0,0
STU-003670,2026,computer_science,6.65,53.5,51.0,50.2,9.7,1.0,1.0,2.0,0,0
STU-003671,2025,mechanical,6.72,64.1,48.9,60.3,6.2,3.0,1.0,0.0,0,0
STU-003672,2026,computer_science,8.28,62.9,65.0,51.5,7.9,1.0,2.0,4.0,3,0
STU-003673,2025,electronics,6.97,43.5,72.7,53.8,,4.0,0.0,3.0,1,0
STU-003674,2025,information_technology,9.28,65.9,79.3,60.3,23.7,2.0,0.0,3.0,0,1
STU-003675,2027,computer_science,6.44,,60.2,59.1,,3.0,1.0,1.0,2,0
STU-003676,2027,computer_science,5.98,59.2,20.4,76.5,4.7,2.0,0.0,1.0,0,0
STU-003677,2025,mechanical,5.65,54.4,,53.8,8.1,1.0,3.0,2.0,1,0
STU-003678,2026,computer_science,7.93,83.0,26.5,67.4,4.1,3.0,3.0,1.0,0,1
STU-003679,2025,electronics,8.42,47.8,77.9,55.5,6.5,2.0,,3.0,0,0
STU-003680,2024,electronics,6.42,36.9,49.4,49.2,7.3,2.0,0.0,2.0,0,0
STU-003681,2027,electronics,5.88,49.6,46.8,70.5,5.6,4.0,2.0,,0,1
STU-003682,2024,information_technology,8.86,70.9,49.6,67.9,,3.0,2.0,1.0,1,1
STU-003683,2026,computer_science,5.43,12.9,69.0,53.6,12.2,1.0,2.0,4.0,1,0
STU-003684,2026,mechanical,8.26,73.7,60.6,18.2,,3.0,0.0,0.0,0,0
STU-003685,2025,computer_science,6.44,53.8,49.6,77.7,4.0,1.0,4.0,6.0,2,0
STU-003686,2024,computer_science,7.56,42.0,58.1,72.9,8.1,1.0,0.0,3.0,0,0
STU-003687,2025,civil,8.34,55.2,62.6,78.2,8.6,3.0,2.0,1.0,0,0
STU-003688,2027,computer_science,7.65,48.2,54.1,78.9,28.9,2.0,0.0,2.0,0,1
STU-003689,2026,computer_science,6.76,39.1,74.3,62.2,12.4,2.0,0.0,4.0,0,0
STU-003690,2025,civil,8.71,32.3,81.9,56.2,2.1,1.0,0.0,3.0,0,0
STU-003691,2024,computer_science,7.43,69.8,57.1,36.9,9.1,1.0,0.0,4.0,1,1
STU-003692,2026,computer_science,10.0,55.6,52.6,63.9,17.1,3.0,1.0,0.0,2,0
STU-003693,2024,information_technology,5.14,48.4,51.9,55.7,11.8,1.0,1.0,3.0,0,0
STU-003694,2026,mechanical,5.12,66.9,36.2,51.0,9.5,1.0,0.0,7.0,1,0
STU-003695,2027,mechanical,8.24,61.3,83.0,43.0,5.0,5.0,0.0,2.0,0,1
STU-003696,2026,electronics,7.06,34.7,80.8,47.6,11.9,1.0,0.0,2.0,1,0
STU-003697,2025,civil,8.01,70.1,70.1,43.2,6.6,1.0,1.0,0.0,1,1
STU-003698,2024,computer_science,5.84,77.9,29.4,75.9,12.5,0.0,0.0,1.0,0,1
STU-003699,2024,electronics,7.16,65.9,46.5,77.6,15.7,3.0,0.0,1.0,0,1
STU-003700,2026,computer_science,7.63,46.3,52.9,51.6,18.8,5.0,0.0,2.0,1,0
STU-003701,2027,civil,6.47,34.9,37.4,79.1,15.8,1.0,1.0,3.0,0,0
STU-003702,2025,civil,7.37,45.2,50.1,63.4,10.5,1.0,0.0,2.0,1,0
STU-003703,2026,computer_science,5.53,56.6,51.9,82.6,3.4,1.0,1.0,4.0,4,0
STU-003704,2026,mechanical,7.55,80.5,65.0,70.4,4.4,0.0,0.0,0.0,2,0
STU-003705,2024,electronics,8.76,50.1,82.8,70.9,8.3,3.0,0.0,3.0,1,1
STU-003706,2024,computer_science,5.68,45.6,48.2,65.4,14.4,1.0,1.0,,0,0
STU-003707,2025,electronics,5.61,70.5,43.2,51.9,9.4,3.0,1.0,4.0,1,0
STU-003708,2026,civil,8.47,54.4,37.8,43.5,11.7,5.0,0.0,3.0,0,0
STU-003709,2026,computer_science,5.59,80.9,54.1,64.9,17.7,3.0,2.0,2.0,0,0
STU-003710,2027,,8.07,57.9,50.4,60.7,12.3,2.0,0.0,2.0,1,0
STU-003711,2027,civil,7.16,75.8,50.9,98.4,,0.0,0.0,4.0,1,0
STU-003712,2027,information_technology,6.62,63.0,42.7,72.5,26.1,4.0,2.0,1.0,0,0
STU-003713,2027,information_technology,8.79,72.2,51.8,50.2,14.2,3.0,1.0,4.0,2,1
STU-003714,2027,electronics,8.17,57.7,70.7,60.8,15.1,1.0,2.0,3.0,2,1
STU-003715,2027,electronics,7.42,57.2,54.6,56.8,11.3,1.0,1.0,1.0,0,1
STU-003716,2027,computer_science,4.62,59.5,70.9,61.4,22.3,4.0,1.0,1.0,0,0
STU-003717,2027,computer_science,7.92,71.8,38.5,43.6,25.9,1.0,0.0,2.0,1,1
STU-003718,2027,mechanical,5.87,63.6,70.6,,14.1,0.0,2.0,3.0,1,0
STU-003719,2027,information_technology,6.85,31.2,44.9,56.5,19.4,1.0,0.0,3.0,1,0
STU-003720,2026,electronics,7.11,62.1,53.3,71.2,8.1,2.0,1.0,1.0,0,1
STU-003721,2026,mechanical,9.28,52.7,71.4,53.5,18.6,3.0,0.0,1.0,0,0
STU-003722,2026,computer_science,,49.4,70.5,56.4,16.5,1.0,0.0,6.0,0,1
STU-003723,2027,mechanical,5.46,61.8,65.8,70.3,3.7,2.0,0.0,1.0,1,0
STU-003724,2026,electronics,8.79,87.0,78.8,33.0,15.5,1.0,1.0,2.0,0,1
STU-003725,2027,civil,7.93,56.4,,75.8,1.6,0.0,2.0,0.0,0,0
STU-003726,2027,computer_science,7.98,89.5,88.6,82.6,4.0,0.0,1.0,3.0,0,0
STU-003727,2027,computer_science,8.81,45.2,71.6,82.3,17.3,4.0,2.0,6.0,0,1
STU-003728,2025,electronics,9.08,80.6,12.2,52.2,2.7,4.0,1.0,2.0,0,1
STU-003729,2026,civil,6.07,62.6,51.2,66.2,4.2,1.0,1.0,2.0,0,0
STU-003730,2027,civil,5.5,58.1,41.8,55.8,16.3,3.0,3.0,3.0,0,1
STU-003731,2027,information_technology,8.07,80.9,53.3,41.2,10.2,2.0,0.0,1.0,1,0
STU-003732,2027,information_technology,6.8,48.0,64.3,63.2,4.9,0.0,0.0,4.0,1,1
STU-003733,2026,computer_science,6.9,77.0,59.1,41.6,8.0,3.0,3.0,0.0,3,1
STU-003734,2026,electronics,5.81,52.5,38.1,70.4,12.1,4.0,0.0,2.0,0,0
STU-003735,2024,mechanical,7.77,49.9,83.0,73.5,7.5,3.0,3.0,2.0,0,1
STU-003736,2027,mechanical,7.56,39.2,34.7,80.1,33.9,0.0,0.0,1.0,0,1
STU-003737,2025,information_technology,6.92,81.6,31.0,69.2,21.6,4.0,3.0,1.0,1,0
STU-003738,2027,civil,5.5,72.1,29.9,56.2,3.8,5.0,1.0,2.0,1,0
STU-003739,2027,computer_science,8.49,53.8,67.8,59.4,18.6,1.0,0.0,2.0,0,0
STU-003740,2026,information_technology,7.39,67.0,62.1,63.7,10.0,1.0,0.0,6.0,0,1
STU-003741,2025,information_technology,8.39,62.7,46.1,82.5,0.3,3.0,1.0,1.0,0,0
STU-003742,2025,information_technology,4.68,48.1,34.9,82.6,20.3,2.0,0.0,3.0,0,1
STU-003743,2027,electronics,7.17,72.8,54.9,60.8,16.8,2.0,1.0,2.0,1,1
STU-003744,2026,electronics,6.28,47.2,33.3,75.8,3.8,1.0,2.0,2.0,1,0
STU-003745,2024,computer_science,7.14,25.4,68.5,54.8,9.7,3.0,0.0,2.0,1,0
STU-003746,2026,computer_science,8.18,64.3,85.7,68.1,6.4,1.0,1.0,3.0,0,1
STU-003747,2025,information_technology,7.53,60.1,53.4,57.1,9.6,1.0,0.0,3.0,1,0
STU-003748,2027,electronics,7.12,49.3,60.7,65.4,7.6,3.0,0.0,0.0,0,0
STU-003749,2025,information_technology,7.11,44.8,56.6,50.5,18.1,2.0,1.0,1.0,0,0
STU-003750,2025,information_technology,5.31,31.2,70.8,42.1,7.7,2.0,0.0,0.0,0,0
STU-003751,2024,computer_science,,50.7,83.5,44.6,24.5,1.0,2.0,2.0,2,0
STU-003752,2026,mechanical,8.39,47.7,53.8,70.2,11.4,3.0,4.0,5.0,0,1
STU-003753,2026,information_technology,6.52,71.5,,46.4,7.1,2.0,1.0,1.0,1,0
STU-003754,2027,information_technology,8.41,68.6,74.6,57.2,9.8,1.0,0.0,4.0,0,1
STU-003755,2026,information_technology,8.05,52.8,64.4,74.5,7.3,3.0,0.0,3.0,1,0
STU-003756,2025,computer_science,8.11,68.1,43.3,77.7,4.7,1.0,1.0,2.0,2,0
STU-003757,2025,computer_science,7.48,57.4,25.5,48.3,6.1,2.0,1.0,1.0,1,1
STU-003758,2025,computer_science,6.6,53.2,42.6,28.4,11.3,4.0,0.0,4.0,0,0
STU-003759,2027,electronics,6.93,57.0,59.6,50.7,10.0,5.0,1.0,3.0,1,0
STU-003760,2024,computer_science,7.84,86.2,51.0,64.8,12.3,3.0,0.0,3.0,0,0
STU-003761,2027,computer_science,,63.0,27.0,71.4,,2.0,0.0,2.0,0,0
STU-003762,2025,civil,8.53,56.6,50.6,45.5,7.2,2.0,0.0,1.0,1,0
STU-003763,2024,information_technology,6.52,70.5,,37.3,4.7,1.0,1.0,3.0,1,1
STU-003764,2025,information_technology,7.0,70.9,35.1,,7.5,5.0,1.0,0.0,0,0
STU-003765,2024,information_technology,,61.9,49.0,54.7,12.4,0.0,,3.0,0,0
STU-003766,2027,computer_science,7.05,53.2,45.8,,4.8,1.0,0.0,3.0,1,0
STU-003767,2026,computer_science,5.59,49.3,81.9,63.5,6.0,3.0,0.0,2.0,0,0
STU-003768,2025,mechanical,7.27,42.4,30.4,71.1,11.3,,0.0,0.0,0,0
STU-003769,2026,information_technology,7.78,62.3,44.1,77.4,11.1,3.0,0.0,3.0,0,0
STU-003770,2026,electronics,4.75,44.3,46.4,55.7,4.7,3.0,0.0,3.0,1,0
STU-003771,2027,civil,5.6,48.7,51.6,63.4,,3.0,1.0,3.0,0,0
STU-003772,2027,computer_science,8.13,,77.9,65.5,11.4,1.0,0.0,1.0,0,0
STU-003773,2026,electronics,7.92,85.1,75.3,,29.7,4.0,0.0,0.0,1,1
STU-003774,2027,computer_science,7.44,64.5,44.2,60.2,4.5,5.0,,3.0,1,1
STU-003775,2027,information_technology,6.32,55.1,56.9,76.6,26.3,3.0,0.0,2.0,0,1
STU-003776,2026,mechanical,7.92,59.6,,77.4,11.3,3.0,3.0,5.0,1,1
STU-003777,2026,computer_science,5.72,72.5,41.4,,2.5,0.0,0.0,6.0,2,0
STU-003778,2024,civil,6.94,63.7,71.4,72.6,7.8,1.0,1.0,1.0,1,0
STU-003779,2027,electronics,5.6,58.1,,67.4,7.6,2.0,2.0,0.0,0,0
STU-003780,2027,information_technology,6.91,61.8,81.1,99.3,18.4,2.0,0.0,1.0,0,0
STU-003781,2024,computer_science,5.92,34.4,58.1,74.5,6.1,6.0,1.0,1.0,1,0
STU-003782,2027,electronics,7.97,65.8,74.0,67.4,3.4,0.0,3.0,0.0,1,1
STU-003783,2027,information_technology,7.6,46.1,,54.0,12.5,5.0,2.0,2.0,1,0
STU-003784,2025,computer_science,6.44,62.8,,47.5,10.9,3.0,0.0,6.0,0,0
STU-003785,2026,information_technology,8.35,49.7,67.1,69.4,15.2,2.0,1.0,1.0,2,0
STU-003786,2027,computer_science,6.0,64.9,59.3,38.1,21.7,4.0,2.0,3.0,0,1
STU-003787,2027,civil,7.06,55.8,,84.7,20.3,3.0,1.0,2.0,0,1
STU-003788,2024,computer_science,6.39,39.6,,33.2,34.5,2.0,0.0,4.0,0,0
STU-003789,2025,information_technology,7.95,55.5,37.6,47.6,26.1,2.0,,1.0,0,0
STU-003790,2026,mechanical,7.84,92.8,67.0,76.0,14.2,3.0,1.0,5.0,0,1
STU-003791,2025,electronics,8.6,27.1,75.1,61.5,10.0,3.0,1.0,1.0,1,1
STU-003792,2025,mechanical,7.2,60.9,44.9,64.6,10.8,2.0,2.0,3.0,0,0
STU-003793,2024,civil,4.0,36.8,35.5,52.4,17.6,4.0,1.0,5.0,3,0
STU-003794,2024,computer_science,6.6,77.9,66.3,60.2,6.5,0.0,0.0,3.0,0,0
STU-003795,2026,information_technology,8.9,74.0,62.1,71.6,7.8,5.0,0.0,0.0,0,1
STU-003796,2026,electronics,6.73,60.2,72.0,50.3,14.4,0.0,1.0,1.0,0,1
STU-003797,2026,computer_science,4.89,67.6,49.2,58.3,3.3,3.0,1.0,0.0,1,0
STU-003798,2027,electronics,7.62,62.9,19.9,62.1,6.3,6.0,2.0,3.0,0,1
STU-003799,2025,computer_science,7.7,59.5,58.3,58.2,4.9,5.0,0.0,1.0,0,0
STU-003800,2025,civil,6.26,47.5,44.8,72.5,22.0,0.0,0.0,0.0,1,0
STU-003801,2024,electronics,6.82,52.2,64.3,68.4,3.9,4.0,0.0,0.0,2,0
STU-003802,2025,electronics,6.13,49.3,58.3,60.5,7.2,2.0,2.0,3.0,1,0
STU-003803,2025,information_technology,7.7,59.6,41.3,38.1,6.0,4.0,0.0,3.0,0,0
STU-003804,2024,civil,7.17,29.9,58.6,78.5,7.9,2.0,2.0,2.0,0,0
STU-003805,2024,electronics,5.76,71.0,58.7,49.1,13.5,5.0,1.0,1.0,1,0
STU-003806,2024,mechanical,7.09,87.4,62.5,86.9,,1.0,0.0,0.0,1,0
STU-003807,2026,mechanical,6.26,50.0,68.2,50.2,11.2,3.0,2.0,1.0,0,0
STU-003808,2026,computer_science,8.78,79.2,44.3,65.6,14.2,0.0,0.0,1.0,2,0
STU-003809,2027,computer_science,8.13,58.2,56.4,70.9,12.2,3.0,0.0,4.0,0,1
STU-003810,2027,computer_science,6.96,48.9,16.5,59.2,0.9,1.0,0.0,2.0,0,0
STU-003811,2026,electronics,7.19,52.7,75.4,66.4,14.7,0.0,0.0,1.0,1,0
STU-003812,2024,electronics,8.27,61.8,61.7,58.0,11.1,3.0,0.0,2.0,0,0
STU-003813,2026,computer_science,6.9,47.0,,88.4,22.9,1.0,2.0,3.0,0,1
STU-003814,2024,civil,7.97,69.0,56.7,,4.6,1.0,1.0,1.0,0,0
STU-003815,2026,computer_science,8.8,53.8,70.4,60.4,9.8,3.0,0.0,1.0,0,0
STU-003816,2025,mechanical,6.54,41.0,70.8,65.4,12.2,3.0,0.0,1.0,0,0
STU-003817,2026,information_technology,8.99,61.7,58.0,77.9,26.7,1.0,1.0,2.0,1,0
STU-003818,2025,information_technology,8.66,50.9,68.6,67.5,3.4,6.0,0.0,0.0,0,1
STU-003819,2026,computer_science,7.39,53.9,63.3,64.6,10.8,3.0,1.0,1.0,1,0
STU-003820,2027,electronics,6.59,56.4,16.0,41.9,11.2,2.0,0.0,3.0,0,0
STU-003821,2027,,7.37,38.6,44.4,78.2,4.8,2.0,0.0,2.0,1,0
STU-003822,2026,,6.82,79.5,61.7,66.9,,1.0,1.0,1.0,2,0
STU-003823,2026,information_technology,6.19,68.6,72.7,55.8,8.0,,0.0,5.0,1,1
STU-003824,2024,electronics,7.71,50.0,81.0,66.6,5.4,2.0,0.0,1.0,1,0
STU-003825,2027,information_technology,5.92,,29.9,81.5,11.4,4.0,1.0,5.0,0,0
STU-003826,2026,electronics,6.71,67.0,70.8,72.0,12.3,1.0,0.0,2.0,0,0
STU-003827,2025,information_technology,6.73,60.6,71.5,89.6,11.4,1.0,0.0,4.0,0,1
STU-003828,2025,mechanical,5.53,83.3,56.1,74.2,3.0,3.0,2.0,0.0,0,1
STU-003829,2027,electronics,7.86,56.1,24.1,35.0,6.3,3.0,0.0,2.0,0,1
STU-003830,2026,computer_science,6.84,75.5,45.2,79.7,28.6,1.0,1.0,1.0,1,0
STU-003831,2026,mechanical,8.59,41.2,63.2,37.6,6.0,1.0,0.0,5.0,0,0
STU-003832,2026,computer_science,6.82,39.9,50.3,80.9,3.3,1.0,0.0,1.0,0,0
STU-003833,2025,civil,6.63,82.5,16.7,74.4,7.9,2.0,3.0,5.0,0,0
STU-003834,2026,electronics,6.06,49.6,46.8,85.5,1.4,0.0,0.0,3.0,1,0
STU-003835,2025,computer_science,7.14,40.8,39.8,68.2,39.1,2.0,0.0,2.0,0,0
STU-003836,2026,electronics,7.15,57.6,65.6,66.0,2.8,1.0,0.0,1.0,0,0
STU-003837,2026,computer_science,7.95,,67.0,79.3,4.9,3.0,2.0,1.0,0,1
STU-003838,2024,mechanical,7.18,46.9,64.6,,5.6,2.0,1.0,2.0,0,1
STU-003839,2027,civil,9.51,,58.8,62.6,12.2,2.0,1.0,2.0,0,1
STU-003840,2025,electronics,7.62,31.4,,58.8,2.3,0.0,0.0,0.0,1,1
STU-003841,2026,information_technology,5.97,48.9,49.4,56.0,40.0,2.0,0.0,4.0,0,0
STU-003842,2026,electronics,5.87,70.7,66.0,54.0,9.6,1.0,0.0,1.0,0,0
STU-003843,2026,information_technology,7.72,47.7,,64.2,1.9,4.0,1.0,1.0,1,0
STU-003844,2026,computer_science,5.93,36.8,37.8,72.1,29.1,4.0,1.0,1.0,0,0
STU-003845,2027,civil,7.78,47.9,74.5,82.8,12.1,1.0,0.0,2.0,1,1
STU-003846,2026,computer_science,8.13,51.1,73.5,58.0,7.6,3.0,1.0,5.0,0,1
STU-003847,2027,computer_science,8.16,71.8,67.6,56.9,1.9,5.0,3.0,2.0,0,1
STU-003848,2026,computer_science,6.1,61.9,78.3,22.5,10.1,3.0,0.0,7.0,1,1
STU-003849,2025,civil,8.16,68.9,95.1,82.5,7.5,2.0,1.0,1.0,0,1
STU-003850,2025,civil,7.47,59.4,77.8,43.0,2.7,3.0,0.0,1.0,2,0
STU-003851,2026,information_technology,6.4,47.5,39.9,68.7,10.5,1.0,0.0,1.0,1,0
STU-003852,2025,computer_science,6.92,,68.8,,7.1,0.0,1.0,2.0,1,0
STU-003853,2025,mechanical,7.64,65.8,59.4,75.9,6.8,2.0,0.0,2.0,1,0
STU-003854,2025,information_technology,6.33,80.5,42.7,49.7,19.1,4.0,1.0,1.0,0,0
STU-003855,2026,,7.45,44.8,44.2,70.0,22.6,2.0,0.0,2.0,0,0
STU-003856,2025,civil,8.76,46.3,66.6,84.8,16.1,1.0,0.0,0.0,0,0
STU-003857,2027,electronics,8.21,43.4,73.7,65.3,14.3,1.0,1.0,2.0,1,1
STU-003858,2026,computer_science,7.19,70.9,79.2,49.7,15.7,1.0,0.0,3.0,2,0
STU-003859,2026,electronics,7.37,58.1,67.9,41.5,4.9,2.0,3.0,0.0,1,0
STU-003860,2024,civil,6.48,65.3,62.7,82.8,7.9,2.0,0.0,1.0,0,0
STU-003861,2026,information_technology,6.51,49.4,49.6,55.9,15.5,3.0,2.0,0.0,0,1
STU-003862,2024,mechanical,5.33,63.9,52.0,58.6,13.8,2.0,0.0,5.0,1,1
STU-003863,2026,information_technology,7.39,54.5,31.1,97.4,4.6,0.0,0.0,2.0,0,0
STU-003864,2025,civil,7.88,36.6,68.1,74.9,11.0,0.0,0.0,1.0,0,0
STU-003865,2027,electronics,7.02,71.9,62.4,78.0,4.2,4.0,1.0,2.0,0,1
STU-003866,2025,computer_science,6.09,55.6,83.9,85.0,5.1,1.0,0.0,2.0,2,0
STU-003867,2026,information_technology,7.18,53.7,55.0,40.2,15.9,3.0,0.0,1.0,1,0
STU-003868,2025,computer_science,8.64,65.5,,83.5,12.3,3.0,0.0,0.0,0,0
STU-003869,2026,information_technology,8.13,38.6,51.5,85.4,11.9,1.0,,2.0,0,0
STU-003870,2026,civil,7.07,64.6,84.1,55.8,8.4,2.0,0.0,2.0,0,1
STU-003871,2025,computer_science,9.45,54.0,89.5,72.5,12.0,3.0,0.0,0.0,1,0
STU-003872,2025,civil,10.0,61.7,86.2,75.5,9.2,3.0,,3.0,0,1
STU-003873,2024,computer_science,6.55,74.2,54.2,52.1,5.9,,0.0,3.0,1,0
STU-003874,2024,electronics,6.82,67.3,50.5,74.8,15.7,3.0,0.0,3.0,1,0
STU-003875,2027,civil,7.9,57.1,52.3,53.1,1.7,1.0,0.0,0.0,1,0
STU-003876,2025,electronics,6.05,54.6,34.7,,7.5,3.0,0.0,1.0,0,0
STU-003877,2024,mechanical,8.08,21.7,67.3,64.3,22.3,2.0,0.0,2.0,2,1
STU-003878,2027,civil,7.22,46.1,51.6,69.9,7.1,1.0,1.0,3.0,0,0
STU-003879,2024,electronics,7.53,61.6,63.6,39.2,6.2,2.0,0.0,2.0,2,0
STU-003880,2025,mechanical,6.44,45.4,55.6,67.5,2.1,3.0,1.0,3.0,1,0
STU-003881,2026,computer_science,6.19,36.5,33.5,79.1,6.8,3.0,3.0,0.0,2,0
STU-003882,2027,information_technology,4.82,60.8,64.3,49.5,17.3,2.0,0.0,2.0,1,0
STU-003883,2026,computer_science,8.81,81.2,63.9,54.7,25.3,2.0,1.0,1.0,2,1
STU-003884,2026,mechanical,,49.5,74.4,52.0,12.3,0.0,1.0,1.0,1,1
STU-003885,2027,electronics,7.87,72.9,38.7,45.8,6.1,0.0,0.0,4.0,0,1
STU-003886,2024,electronics,7.5,,44.0,43.9,22.0,1.0,1.0,4.0,0,0
STU-003887,2027,civil,4.45,38.2,38.1,76.4,21.6,1.0,0.0,2.0,2,0
STU-003888,2027,computer_science,6.24,,56.1,44.3,13.1,1.0,0.0,2.0,1,0
STU-003889,2027,civil,6.81,84.7,52.5,37.0,3.9,1.0,0.0,1.0,1,0
STU-003890,2025,computer_science,5.86,39.0,73.6,54.5,6.6,,1.0,0.0,2,1
STU-003891,2024,information_technology,5.15,45.2,65.2,62.7,7.6,2.0,0.0,0.0,0,0
STU-003892,2026,electronics,5.98,85.4,38.5,70.1,4.9,3.0,0.0,3.0,0,0
STU-003893,2026,information_technology,7.16,49.8,100.0,49.6,14.0,3.0,2.0,0.0,3,0
STU-003894,2026,electronics,7.16,78.6,54.2,53.8,9.0,1.0,0.0,6.0,0,0
STU-003895,2027,mechanical,8.14,45.0,81.5,69.6,7.0,1.0,1.0,3.0,2,0
STU-003896,2026,mechanical,9.47,65.0,60.1,74.7,8.9,5.0,1.0,1.0,0,0
STU-003897,2025,computer_science,7.89,76.1,69.2,79.4,3.3,3.0,0.0,1.0,0,0
STU-003898,2025,computer_science,6.9,50.8,70.7,68.7,8.1,5.0,2.0,0.0,0,1
STU-003899,2024,computer_science,9.17,63.8,,38.8,22.5,1.0,0.0,2.0,0,0
STU-003900,2025,information_technology,5.28,65.7,77.8,49.7,9.7,4.0,0.0,1.0,0,0
STU-003901,2024,computer_science,4.71,39.9,32.6,79.6,5.7,3.0,0.0,1.0,2,0
STU-003902,2027,computer_science,6.08,89.8,45.4,86.8,6.0,3.0,0.0,2.0,1,0
STU-003903,2026,mechanical,8.03,75.6,48.8,60.8,3.9,0.0,0.0,0.0,0,0
STU-003904,2026,civil,7.29,53.2,46.5,59.5,12.3,2.0,2.0,2.0,1,0
STU-003905,2025,mechanical,5.8,,41.4,48.0,6.8,2.0,0.0,1.0,0,0
STU-003906,2026,computer_science,6.26,85.2,31.8,81.9,24.0,5.0,1.0,0.0,0,0
STU-003907,2027,electronics,5.67,50.0,62.6,47.2,30.3,0.0,,3.0,0,0
STU-003908,2027,computer_science,5.67,48.3,51.6,89.5,0.6,3.0,1.0,2.0,0,0
STU-003909,2026,information_technology,8.88,79.0,60.2,60.9,13.3,4.0,1.0,3.0,2,0
STU-003910,2027,information_technology,6.94,36.9,72.0,50.0,8.0,1.0,1.0,2.0,0,0
STU-003911,2026,civil,9.14,61.1,,37.0,7.2,3.0,1.0,1.0,0,1
STU-003912,2026,electronics,6.08,57.4,24.8,58.2,17.8,1.0,0.0,2.0,0,1
STU-003913,2027,computer_science,7.66,48.8,85.3,60.2,15.6,3.0,1.0,1.0,0,1
STU-003914,2025,electronics,7.36,35.2,56.1,57.5,29.0,1.0,2.0,3.0,0,0
STU-003915,2025,civil,8.11,61.3,36.5,62.1,8.3,2.0,0.0,2.0,0,0
STU-003916,2025,computer_science,7.39,69.1,63.6,81.4,,2.0,0.0,6.0,0,0
STU-003917,2026,mechanical,8.23,50.3,57.9,70.7,8.4,1.0,1.0,1.0,2,0
STU-003918,2026,computer_science,7.74,41.8,72.6,64.7,13.6,1.0,1.0,4.0,1,1
STU-003919,2026,computer_science,5.85,74.5,52.9,78.0,4.2,0.0,0.0,2.0,0,0
STU-003920,2026,mechanical,7.94,67.8,64.8,49.2,4.8,4.0,1.0,1.0,1,1
STU-003921,2025,computer_science,6.98,52.5,47.5,72.0,6.1,2.0,0.0,2.0,2,1
STU-003922,2027,electronics,6.21,70.2,34.3,71.7,8.8,1.0,0.0,1.0,0,0
STU-003923,2025,computer_science,7.9,63.4,71.2,83.0,4.5,1.0,2.0,3.0,1,1
STU-003924,2027,electronics,8.16,87.2,50.7,42.8,21.4,0.0,0.0,2.0,0,0
STU-003925,2025,electronics,6.54,67.1,60.0,49.9,16.0,3.0,0.0,,0,1
STU-003926,2026,mechanical,6.7,36.5,79.0,,6.3,0.0,0.0,3.0,0,0
STU-003927,2026,mechanical,5.5,45.1,46.3,68.7,2.9,3.0,2.0,3.0,0,0
STU-003928,2027,electronics,5.02,44.9,59.0,65.1,35.9,1.0,0.0,4.0,0,0
STU-003929,2024,information_technology,6.82,62.3,,69.9,25.0,2.0,2.0,3.0,0,0
STU-003930,2027,computer_science,8.01,55.5,52.8,32.5,4.6,1.0,0.0,3.0,3,0
STU-003931,2026,electronics,6.44,40.0,26.2,82.6,7.3,1.0,1.0,2.0,0,0
STU-003932,2026,information_technology,8.74,70.3,61.3,65.3,13.5,5.0,0.0,1.0,1,0
STU-003933,2026,computer_science,6.86,72.7,51.7,69.7,11.4,2.0,0.0,2.0,2,0
STU-003934,2024,civil,6.87,56.2,39.7,67.2,6.0,1.0,0.0,,0,0
STU-003935,2026,computer_science,6.77,60.7,19.5,53.2,15.3,1.0,1.0,2.0,0,0
STU-003936,2025,,8.23,45.9,31.5,69.3,14.2,1.0,0.0,2.0,0,0
STU-003937,2025,civil,6.0,48.2,81.3,63.1,12.4,3.0,0.0,2.0,1,1
STU-003938,2026,electronics,6.95,50.7,55.4,62.9,18.9,2.0,0.0,4.0,1,0
STU-003939,2026,electronics,6.47,65.3,,68.9,6.2,2.0,0.0,1.0,0,0
STU-003940,2024,,6.45,60.7,42.6,60.6,12.8,2.0,0.0,4.0,1,0
STU-003941,2024,information_technology,7.14,53.3,55.7,43.0,4.4,0.0,0.0,4.0,0,0
STU-003942,2025,electronics,6.97,52.4,62.5,59.5,12.3,3.0,0.0,2.0,0,0
STU-003943,2025,computer_science,8.31,31.1,56.3,84.8,16.0,4.0,1.0,1.0,2,1
STU-003944,2026,electronics,7.09,82.3,89.7,54.3,1.1,3.0,,0.0,2,0
STU-003945,2024,computer_science,7.74,28.2,93.1,63.3,18.3,2.0,2.0,3.0,1,1
STU-003946,2027,computer_science,7.3,,62.7,73.7,38.4,1.0,3.0,0.0,0,1
STU-003947,2025,computer_science,8.71,62.0,55.6,91.7,35.3,6.0,1.0,2.0,1,1
STU-003948,2024,computer_science,6.75,53.5,60.5,58.4,3.6,2.0,1.0,2.0,2,0
STU-003949,2027,computer_science,6.76,57.4,31.4,44.8,3.4,1.0,1.0,0.0,0,0
STU-003950,2025,mechanical,7.96,50.0,75.8,71.4,25.7,0.0,0.0,3.0,2,0
STU-003951,2026,electronics,6.74,67.3,56.9,50.6,2.4,2.0,0.0,2.0,0,1
STU-003952,2027,computer_science,7.67,39.6,37.2,66.1,,1.0,0.0,1.0,1,0
STU-003953,2027,electronics,9.79,68.5,56.2,70.5,3.1,2.0,0.0,0.0,0,1
STU-003954,2026,computer_science,5.97,45.8,60.6,55.3,3.6,4.0,0.0,2.0,0,0
STU-003955,2024,information_technology,8.86,55.3,34.1,58.2,23.8,1.0,2.0,1.0,1,1
STU-003956,2026,mechanical,6.53,51.1,37.9,73.5,13.4,3.0,0.0,1.0,0,1
STU-003957,2027,electronics,8.64,58.8,53.6,77.3,5.3,5.0,1.0,1.0,1,0
STU-003958,2027,electronics,7.89,67.3,75.1,62.6,18.6,0.0,,0.0,2,0
STU-003959,2024,computer_science,7.79,59.0,87.3,64.4,11.4,2.0,0.0,3.0,0,1
STU-003960,2025,computer_science,6.93,71.8,61.1,46.3,9.0,3.0,0.0,2.0,0,1
STU-003961,2025,electronics,6.81,73.3,,63.7,3.9,1.0,1.0,3.0,0,0
STU-003962,2024,electronics,6.27,61.2,33.1,56.5,4.3,1.0,0.0,2.0,0,0
STU-003963,2026,electronics,7.11,68.5,100.0,63.1,14.8,4.0,1.0,3.0,1,1
STU-003964,2025,civil,6.89,88.2,57.2,81.9,4.1,1.0,2.0,3.0,0,1
STU-003965,2025,information_technology,7.32,37.4,12.0,46.2,6.9,2.0,1.0,3.0,0,0
STU-003966,2024,mechanical,5.48,71.1,89.2,78.5,5.9,1.0,0.0,1.0,1,0
STU-003967,2026,information_technology,7.13,81.4,32.8,64.7,25.1,3.0,0.0,2.0,0,1
STU-003968,2024,computer_science,8.55,67.6,71.0,61.6,7.3,1.0,0.0,3.0,0,1
STU-003969,2026,computer_science,8.19,88.9,,49.8,9.7,3.0,0.0,2.0,2,1
STU-003970,2024,electronics,7.13,84.9,92.9,65.9,2.3,7.0,0.0,1.0,0,1
STU-003971,2027,computer_science,10.0,58.9,42.9,92.4,7.9,2.0,1.0,2.0,1,1
STU-003972,2024,electronics,6.44,53.0,42.8,26.3,4.8,2.0,0.0,0.0,0,0
STU-003973,2026,electronics,7.0,66.0,72.8,34.6,8.7,1.0,1.0,1.0,2,0
STU-003974,2025,information_technology,5.43,45.5,39.3,59.5,6.7,0.0,2.0,2.0,0,0
STU-003975,2024,information_technology,6.64,97.9,61.8,66.6,3.4,2.0,0.0,4.0,1,0
STU-003976,2025,electronics,9.16,74.1,77.7,75.2,7.0,0.0,2.0,2.0,0,1
STU-003977,2024,information_technology,6.68,58.1,56.7,,1.1,2.0,0.0,1.0,2,0
STU-003978,2024,mechanical,5.34,33.5,29.5,39.1,6.1,2.0,0.0,1.0,0,0
STU-003979,2026,computer_science,8.1,64.0,46.0,70.6,40.0,0.0,0.0,2.0,0,0
STU-003980,2026,civil,7.55,41.3,50.7,59.6,13.5,2.0,2.0,2.0,1,0
STU-003981,2024,computer_science,8.06,71.5,69.2,74.4,11.1,2.0,0.0,3.0,1,1
STU-003982,2026,computer_science,6.76,20.0,67.8,52.0,5.1,1.0,0.0,3.0,0,0
STU-003983,2026,electronics,,76.6,54.3,40.6,13.5,3.0,0.0,1.0,0,0
STU-003984,2025,computer_science,6.89,,66.5,55.7,4.6,0.0,0.0,4.0,0,1
STU-003985,2025,computer_science,7.74,34.1,30.9,68.9,24.9,1.0,0.0,4.0,0,1
STU-003986,2024,computer_science,7.02,57.8,60.1,67.4,19.3,2.0,0.0,1.0,0,0
STU-003987,2025,electronics,,59.3,56.1,62.2,4.6,4.0,1.0,4.0,1,1
STU-003988,2026,electronics,6.48,56.0,61.3,53.4,6.7,4.0,0.0,0.0,0,0
STU-003989,2027,computer_science,7.59,79.9,70.1,,,1.0,0.0,1.0,0,0
STU-003990,2027,information_technology,7.1,63.9,37.5,82.7,7.1,1.0,1.0,2.0,1,0
STU-003991,2027,computer_science,6.29,68.5,50.3,97.7,11.6,6.0,0.0,1.0,0,0
STU-003992,2026,civil,7.26,54.8,78.7,68.0,23.1,,0.0,2.0,0,0
STU-003993,2024,computer_science,6.66,63.7,58.8,76.4,,0.0,0.0,2.0,1,0
STU-003994,2025,,7.81,40.0,56.5,51.8,6.5,1.0,3.0,0.0,0,1
STU-003995,2025,information_technology,8.1,64.1,38.7,80.9,12.3,,0.0,3.0,0,0
STU-003996,2024,electronics,7.68,48.0,66.9,57.1,,5.0,1.0,1.0,0,1
STU-003997,2024,civil,,74.2,24.2,44.3,4.8,1.0,,1.0,0,0
STU-003998,2026,information_technology,5.99,57.1,47.9,78.1,13.2,1.0,0.0,0.0,1,0
STU-003999,2025,electronics,6.37,66.7,44.1,63.3,10.0,0.0,,2.0,0,0
STU-004000,2025,information_technology,6.18,60.3,58.4,81.5,6.7,0.0,3.0,2.0,1,1
STU-004001,2026,electronics,6.48,84.0,42.7,73.6,4.8,1.0,0.0,2.0,0,1
STU-004002,2025,information_technology,8.16,36.9,54.1,43.9,7.4,3.0,0.0,0.0,1,0
STU-004003,2027,computer_science,7.9,58.1,43.1,64.6,31.0,2.0,0.0,0.0,0,1
STU-004004,2025,computer_science,6.61,42.8,49.2,49.4,11.0,2.0,1.0,1.0,2,0
STU-004005,2026,computer_science,7.78,28.8,61.8,79.7,5.8,2.0,0.0,2.0,0,1
STU-004006,2025,civil,7.48,43.6,51.0,63.2,3.7,1.0,0.0,1.0,0,0
STU-004007,2026,mechanical,7.06,75.7,49.9,52.8,5.8,2.0,2.0,2.0,0,1
STU-004008,2024,computer_science,8.42,60.4,63.5,33.6,5.1,4.0,0.0,3.0,1,0
STU-004009,2024,information_technology,6.34,53.4,69.4,78.3,2.9,1.0,2.0,0.0,0,1
STU-004010,2026,electronics,7.16,69.9,68.3,57.2,,6.0,0.0,2.0,0,0
STU-004011,2025,information_technology,5.89,57.5,28.6,58.3,9.7,0.0,0.0,1.0,0,0
STU-004012,2024,information_technology,5.95,65.1,63.8,68.8,2.8,2.0,0.0,1.0,0,0
STU-004013,2027,electronics,5.54,59.9,72.4,49.6,19.7,5.0,0.0,0.0,0,0
STU-004014,2024,computer_science,5.97,64.1,62.9,40.7,6.2,5.0,0.0,1.0,2,0
STU-004015,2026,information_technology,7.2,51.6,14.8,64.7,7.7,1.0,1.0,1.0,1,0
STU-004016,2026,computer_science,6.75,73.2,58.5,49.0,12.9,1.0,0.0,3.0,2,0
STU-004017,2025,computer_science,6.79,39.4,77.7,60.9,9.3,3.0,0.0,0.0,0,0
STU-004018,2026,electronics,6.76,56.2,46.4,49.9,3.9,4.0,1.0,3.0,0,0
STU-004019,2024,electronics,9.14,78.7,100.0,43.0,7.0,1.0,0.0,1.0,1,1
STU-004020,2027,civil,,53.3,13.1,39.0,2.2,2.0,1.0,2.0,0,0
STU-004021,2025,computer_science,5.67,48.9,52.2,63.4,19.5,6.0,2.0,6.0,0,0
STU-004022,2025,electronics,6.13,90.6,63.8,77.4,5.1,3.0,0.0,2.0,1,0
STU-004023,2025,civil,7.02,79.3,58.0,75.7,5.9,1.0,2.0,1.0,0,0
STU-004024,2027,electronics,7.69,61.5,60.4,,5.9,1.0,1.0,1.0,0,1
STU-004025,2027,civil,7.81,45.1,40.6,81.9,15.1,3.0,0.0,1.0,0,0
STU-004026,2027,civil,8.19,29.8,50.0,54.5,3.4,2.0,0.0,3.0,0,0
STU-004027,2026,mechanical,6.98,68.6,64.7,73.5,4.4,1.0,0.0,0.0,1,0
STU-004028,2026,civil,6.64,76.3,17.6,55.1,9.9,1.0,1.0,3.0,1,0
STU-004029,2026,electronics,8.98,67.9,78.3,51.8,17.6,2.0,0.0,4.0,2,0
STU-004030,2027,information_technology,4.0,26.3,41.1,73.3,9.7,3.0,0.0,2.0,1,0
STU-004031,2026,civil,7.17,60.7,65.1,68.1,12.3,2.0,0.0,1.0,2,0
STU-004032,2025,,7.59,51.9,71.8,70.8,9.4,1.0,1.0,1.0,0,0
STU-004033,2026,computer_science,9.25,64.9,100.0,,8.6,3.0,0.0,4.0,1,0
STU-004034,2026,computer_science,5.19,83.5,71.5,76.4,15.1,2.0,2.0,1.0,1,0
STU-004035,2024,computer_science,6.62,69.1,33.0,71.5,10.1,3.0,0.0,2.0,0,0
STU-004036,2025,mechanical,5.54,63.7,85.9,56.4,25.3,1.0,0.0,0.0,1,0
STU-004037,2025,computer_science,5.03,53.4,1.0,70.2,6.0,7.0,0.0,3.0,1,0
STU-004038,2027,computer_science,,63.9,46.9,77.3,22.9,3.0,0.0,3.0,2,1
STU-004039,2025,information_technology,8.06,49.3,62.2,51.7,5.0,4.0,1.0,3.0,1,1
STU-004040,2027,computer_science,8.49,69.3,55.4,51.8,8.5,1.0,1.0,3.0,1,0
STU-004041,2026,civil,6.49,54.1,57.7,58.0,4.2,0.0,0.0,2.0,1,0
STU-004042,2027,information_technology,7.87,47.4,55.6,30.9,,3.0,0.0,0.0,2,0
STU-004043,2024,computer_science,6.87,70.0,76.3,66.6,5.0,1.0,1.0,1.0,0,1
STU-004044,2027,computer_science,7.74,26.0,49.8,74.8,4.9,4.0,0.0,4.0,1,0
STU-004045,2026,mechanical,8.43,52.7,58.7,70.0,3.4,1.0,1.0,1.0,0,0
STU-004046,2025,electronics,6.88,67.0,,68.7,8.3,1.0,1.0,1.0,2,0
STU-004047,2025,information_technology,8.34,79.0,76.8,76.3,11.6,3.0,0.0,4.0,0,0
STU-004048,2025,computer_science,5.71,62.5,46.9,60.6,40.0,2.0,0.0,1.0,0,1
STU-004049,2025,civil,7.85,49.6,66.4,40.0,11.9,1.0,0.0,2.0,0,0
STU-004050,2026,mechanical,8.29,59.8,92.0,63.8,10.1,4.0,1.0,1.0,0,1
STU-004051,2027,electronics,8.17,64.7,36.1,80.2,5.8,0.0,0.0,1.0,3,0
STU-004052,2026,information_technology,5.74,78.9,31.5,67.1,,0.0,0.0,3.0,0,1
STU-004053,2026,civil,6.86,71.5,44.7,56.8,3.1,2.0,1.0,2.0,0,0
STU-004054,2026,electronics,7.45,72.8,60.5,73.0,8.2,2.0,0.0,2.0,0,0
STU-004055,2027,information_technology,7.61,60.2,73.9,67.4,2.1,1.0,,2.0,0,0
STU-004056,2027,civil,7.23,42.4,42.9,59.0,7.7,4.0,0.0,3.0,1,0
STU-004057,2025,mechanical,8.74,40.4,46.0,63.7,40.0,2.0,1.0,4.0,2,0
STU-004058,2027,electronics,5.61,50.7,27.1,57.6,9.5,1.0,0.0,2.0,0,0
STU-004059,2025,mechanical,6.82,68.1,38.3,70.6,26.1,5.0,1.0,0.0,0,0
STU-004060,2027,information_technology,5.16,46.8,36.5,49.4,38.7,2.0,0.0,1.0,0,0
STU-004061,2027,information_technology,7.81,68.2,21.5,66.6,3.3,0.0,3.0,1.0,0,1
STU-004062,2026,computer_science,7.74,47.6,48.4,74.2,11.6,3.0,0.0,1.0,1,0
STU-004063,2024,electronics,10.0,54.4,49.2,65.3,3.5,4.0,0.0,3.0,1,1
STU-004064,2026,information_technology,8.28,81.7,57.3,65.5,4.2,2.0,0.0,3.0,0,1
STU-004065,2024,information_technology,7.48,70.5,85.8,63.0,6.6,0.0,0.0,,1,1
STU-004066,2027,civil,7.39,54.2,29.5,69.5,10.4,2.0,2.0,2.0,1,0
STU-004067,2025,computer_science,6.74,45.0,71.2,57.0,4.8,4.0,0.0,,1,1
STU-004068,2026,mechanical,7.25,72.7,84.4,,11.0,5.0,1.0,4.0,0,1
STU-004069,2027,computer_science,7.42,72.0,73.1,49.4,,0.0,1.0,0.0,0,0
STU-004070,2025,computer_science,4.84,63.3,52.2,58.2,13.2,2.0,2.0,2.0,0,0
STU-004071,2025,computer_science,7.33,56.0,78.6,33.9,30.5,2.0,0.0,4.0,1,1
STU-004072,2026,information_technology,7.22,42.0,66.6,62.4,6.4,2.0,1.0,0.0,0,0
STU-004073,2025,information_technology,9.12,62.0,82.4,70.6,6.0,2.0,0.0,2.0,0,1
STU-004074,2024,computer_science,6.95,79.0,56.8,61.1,4.9,3.0,0.0,1.0,0,0
STU-004075,2024,electronics,6.22,42.8,33.9,74.9,13.8,5.0,0.0,2.0,2,0
STU-004076,2025,information_technology,7.41,59.5,76.4,80.7,4.4,2.0,2.0,1.0,1,0
STU-004077,2026,computer_science,7.19,82.9,100.0,61.8,,1.0,0.0,1.0,0,1
STU-004078,2026,information_technology,,53.3,49.0,48.0,3.1,0.0,1.0,4.0,0,0
STU-004079,2024,computer_science,5.63,,49.9,77.3,4.9,0.0,3.0,0.0,0,0
STU-004080,2026,computer_science,6.92,37.6,56.6,74.4,6.7,,0.0,3.0,2,0
STU-004081,2025,computer_science,6.43,66.2,27.8,68.3,3.8,1.0,1.0,1.0,1,0
STU-004082,2025,electronics,6.85,46.6,40.0,54.7,6.1,2.0,1.0,5.0,1,1
STU-004083,2027,electronics,7.94,36.6,63.9,67.3,17.3,4.0,0.0,2.0,0,0
STU-004084,2025,mechanical,6.32,42.3,50.7,57.6,9.3,1.0,2.0,3.0,0,1
STU-004085,2026,electronics,6.85,60.8,54.7,51.7,16.8,1.0,0.0,6.0,1,0
STU-004086,2027,information_technology,7.72,35.7,58.3,67.0,20.9,0.0,2.0,5.0,0,1
STU-004087,2026,computer_science,6.79,36.8,,48.4,6.2,3.0,0.0,2.0,2,0
STU-004088,2026,computer_science,10.0,72.4,54.0,72.6,12.8,5.0,,1.0,1,0
STU-004089,2024,electronics,7.39,57.7,63.9,65.9,7.5,1.0,1.0,0.0,0,0
STU-004090,2024,computer_science,5.67,41.6,55.3,60.4,5.5,2.0,1.0,4.0,0,0
STU-004091,2024,computer_science,6.13,51.5,36.6,61.4,7.2,2.0,0.0,3.0,0,0
STU-004092,2027,civil,6.02,82.1,58.1,47.0,25.0,3.0,0.0,2.0,0,1
STU-004093,2027,computer_science,6.15,75.5,41.0,47.8,16.4,2.0,1.0,1.0,2,1
STU-004094,2025,computer_science,7.72,57.8,69.0,86.3,20.3,1.0,1.0,1.0,2,0
STU-004095,2025,civil,5.83,67.9,49.6,59.9,6.7,1.0,3.0,1.0,2,0
STU-004096,2025,computer_science,6.72,,60.6,42.1,3.4,0.0,0.0,3.0,2,0
STU-004097,2026,information_technology,8.41,34.2,63.6,74.9,12.2,1.0,0.0,0.0,0,0
STU-004098,2026,computer_science,,27.7,52.1,47.7,25.9,2.0,1.0,,1,0
STU-004099,2026,information_technology,7.87,46.1,64.0,70.1,7.5,1.0,2.0,1.0,1,0
STU-004100,2027,civil,5.16,30.7,62.0,82.6,,5.0,0.0,3.0,0,0
STU-004101,2025,electronics,6.67,61.4,55.7,59.0,21.8,5.0,1.0,1.0,3,1
STU-004102,2026,information_technology,6.08,47.9,53.1,78.2,22.9,4.0,1.0,2.0,0,1
STU-004103,2026,computer_science,7.44,65.3,50.8,72.3,12.5,5.0,0.0,5.0,0,0
STU-004104,2025,information_technology,5.91,62.4,19.7,84.0,10.5,2.0,2.0,1.0,0,0
STU-004105,2027,electronics,9.48,73.3,65.5,70.1,15.2,1.0,0.0,1.0,0,1
STU-004106,2024,computer_science,5.21,40.5,26.3,54.6,21.6,3.0,0.0,4.0,0,0
STU-004107,2026,computer_science,8.41,,51.0,32.8,14.5,2.0,0.0,2.0,0,0
STU-004108,2027,electronics,8.11,45.9,44.7,50.9,13.7,1.0,0.0,4.0,0,0
STU-004109,2027,mechanical,7.46,69.6,44.6,55.0,6.0,2.0,0.0,1.0,1,0
STU-004110,2026,civil,7.16,76.7,44.5,75.9,13.3,0.0,1.0,2.0,0,0
STU-004111,2025,mechanical,9.23,73.3,72.2,79.0,11.9,5.0,0.0,5.0,0,0
STU-004112,2027,information_technology,9.94,61.2,72.4,46.7,32.8,2.0,1.0,2.0,1,1
STU-004113,2027,mechanical,6.86,66.2,56.3,79.1,16.0,2.0,0.0,0.0,0,1
STU-004114,2026,civil,7.28,35.6,,51.2,12.4,0.0,0.0,4.0,0,0
STU-004115,2027,computer_science,6.46,30.5,,50.3,6.4,3.0,0.0,2.0,0,0
STU-004116,2025,information_technology,5.76,62.5,58.6,42.6,3.0,2.0,0.0,0.0,0,0
STU-004117,2026,computer_science,7.63,78.9,73.0,66.7,4.9,1.0,0.0,1.0,0,0
STU-004118,2027,civil,7.39,40.3,61.3,53.8,32.8,2.0,2.0,1.0,0,1
STU-004119,2025,civil,5.25,54.7,59.0,80.4,8.1,0.0,0.0,1.0,0,0
STU-004120,2026,mechanical,7.62,65.8,29.9,49.3,13.2,3.0,0.0,1.0,1,0
STU-004121,2027,computer_science,7.43,49.6,10.7,72.3,5.7,0.0,3.0,5.0,0,0
STU-004122,2027,civil,6.41,51.7,16.7,45.0,2.6,2.0,2.0,4.0,2,1
STU-004123,2027,computer_science,6.33,65.9,41.7,76.4,,4.0,0.0,1.0,0,0
STU-004124,2025,computer_science,7.59,60.8,80.6,63.6,20.1,5.0,0.0,1.0,0,0
STU-004125,2027,electronics,8.95,63.6,67.1,66.1,3.9,1.0,0.0,1.0,1,0
STU-004126,2024,mechanical,7.56,44.4,50.6,57.0,2.6,2.0,1.0,1.0,0,0
STU-004127,2026,mechanical,8.0,59.5,68.7,56.2,2.8,1.0,1.0,1.0,0,0
STU-004128,2026,computer_science,6.14,50.3,57.6,69.0,4.9,2.0,0.0,1.0,0,0
STU-004129,2027,information_technology,6.62,,30.5,,9.9,1.0,1.0,,0,0
STU-004130,2027,information_technology,7.8,51.5,66.2,47.3,5.3,3.0,0.0,1.0,1,1
STU-004131,2027,computer_science,5.54,54.7,63.3,57.2,12.6,2.0,0.0,4.0,1,0
STU-004132,2026,mechanical,7.34,45.7,92.1,53.4,8.9,0.0,1.0,1.0,0,0
STU-004133,2026,computer_science,7.67,59.5,56.3,40.8,4.8,2.0,0.0,4.0,1,0
STU-004134,2026,computer_science,7.06,52.6,84.0,,36.2,2.0,0.0,3.0,1,1
STU-004135,2026,information_technology,7.47,45.0,50.0,51.7,7.0,1.0,0.0,1.0,2,0
STU-004136,2024,electronics,7.17,29.1,95.2,56.5,6.8,1.0,1.0,1.0,0,0
STU-004137,2026,mechanical,6.38,71.0,,81.8,9.1,3.0,0.0,0.0,0,0
STU-004138,2027,computer_science,5.75,66.7,60.9,75.9,9.1,1.0,0.0,4.0,0,0
STU-004139,2026,computer_science,,45.9,59.9,,9.4,1.0,1.0,,0,1
STU-004140,2027,civil,8.6,71.4,86.7,72.8,10.5,0.0,1.0,3.0,1,0
STU-004141,2025,information_technology,8.28,45.2,83.1,50.8,23.3,2.0,1.0,0.0,0,1
STU-004142,2026,information_technology,6.7,52.8,36.1,60.8,15.9,1.0,1.0,3.0,0,0
STU-004143,2024,computer_science,6.68,49.4,48.0,66.5,8.2,2.0,0.0,0.0,2,0
STU-004144,2025,civil,6.59,,89.5,91.5,22.5,2.0,0.0,2.0,1,0
STU-004145,2026,electronics,6.59,66.9,55.1,65.8,5.2,2.0,0.0,1.0,0,0
STU-004146,2025,computer_science,,52.8,70.6,41.3,5.8,3.0,1.0,1.0,1,0
STU-004147,2024,computer_science,8.32,55.5,42.1,72.4,24.3,2.0,0.0,1.0,1,0
STU-004148,2026,computer_science,9.7,74.6,61.6,77.9,33.2,2.0,0.0,,2,1
STU-004149,2026,computer_science,6.15,57.2,39.5,74.4,6.7,4.0,0.0,1.0,0,0
STU-004150,2025,computer_science,7.85,50.8,74.1,48.1,11.3,3.0,0.0,3.0,0,0
STU-004151,2025,computer_science,7.72,63.1,70.4,63.7,3.7,0.0,0.0,1.0,0,0
STU-004152,2026,computer_science,6.72,72.3,74.7,61.7,2.5,5.0,2.0,3.0,0,1
STU-004153,2026,information_technology,5.92,71.7,32.2,86.8,10.8,2.0,0.0,2.0,1,0
STU-004154,2026,information_technology,7.42,39.0,66.0,70.6,5.8,1.0,2.0,,1,0
STU-004155,2026,information_technology,9.54,44.0,65.5,86.0,2.7,0.0,0.0,1.0,0,0
STU-004156,2024,mechanical,7.41,73.8,15.1,52.1,16.3,3.0,0.0,3.0,0,0
STU-004157,2027,computer_science,6.19,52.1,59.7,59.0,16.5,2.0,1.0,,1,1
STU-004158,2024,mechanical,6.92,24.8,76.6,54.5,20.5,4.0,0.0,2.0,1,1
STU-004159,2026,civil,5.79,44.6,76.9,75.7,3.1,1.0,1.0,1.0,1,0
STU-004160,2025,civil,7.12,51.7,54.9,78.0,9.9,4.0,3.0,2.0,2,1
STU-004161,2026,computer_science,7.89,55.1,72.6,67.5,5.6,1.0,1.0,2.0,0,0
STU-004162,2025,computer_science,6.3,68.1,61.5,63.3,4.3,2.0,0.0,4.0,0,0
STU-004163,2027,electronics,4.0,38.1,30.1,67.8,17.1,4.0,0.0,1.0,1,0
STU-004164,2025,computer_science,7.42,72.9,41.4,42.6,10.6,3.0,0.0,1.0,0,0
STU-004165,2026,computer_science,6.52,61.3,52.3,56.2,9.0,0.0,3.0,1.0,2,0
STU-004166,2025,computer_science,6.24,37.2,,57.4,18.3,1.0,2.0,0.0,1,0
STU-004167,2024,electronics,6.23,51.7,53.4,61.8,9.2,3.0,4.0,1.0,1,0
STU-004168,2025,mechanical,7.56,66.5,50.1,52.9,4.3,3.0,1.0,2.0,0,0
STU-004169,2026,computer_science,6.63,57.9,57.1,50.1,2.1,3.0,2.0,2.0,0,1
STU-004170,2026,civil,8.17,66.0,41.6,39.6,10.7,2.0,0.0,2.0,0,0
STU-004171,2027,mechanical,8.2,51.6,85.7,68.0,3.6,1.0,0.0,3.0,1,1
STU-004172,2026,computer_science,6.79,65.9,23.2,42.8,7.9,,1.0,1.0,0,0
STU-004173,2027,information_technology,6.5,51.0,51.6,76.0,8.5,0.0,0.0,0.0,0,0
STU-004174,2025,computer_science,7.25,96.7,52.5,66.5,19.6,1.0,1.0,2.0,1,1
STU-004175,2027,civil,6.93,38.1,52.4,74.4,3.7,1.0,2.0,3.0,1,0
STU-004176,2026,electronics,,94.6,33.0,49.5,13.0,1.0,2.0,0.0,0,1
STU-004177,2026,electronics,9.3,48.3,38.5,88.1,11.6,2.0,1.0,5.0,2,0
STU-004178,2027,electronics,7.92,78.9,62.8,93.1,11.6,1.0,0.0,1.0,0,0
STU-004179,2026,computer_science,6.57,69.5,49.8,62.4,12.7,1.0,1.0,2.0,0,0
STU-004180,2027,civil,4.9,40.1,53.1,67.5,8.8,1.0,3.0,3.0,1,0
STU-004181,2027,civil,6.89,66.8,26.5,61.8,,5.0,0.0,3.0,2,0
STU-004182,2024,electronics,6.42,49.4,81.9,76.1,1.0,2.0,0.0,2.0,0,0
STU-004183,2026,information_technology,7.03,62.2,53.8,73.1,14.2,4.0,0.0,1.0,1,1
STU-004184,2026,computer_science,4.61,55.4,0.0,37.1,20.7,3.0,1.0,2.0,1,0
STU-004185,2027,computer_science,6.56,51.9,56.4,50.4,40.0,1.0,0.0,1.0,0,1
STU-004186,2027,computer_science,6.63,50.8,45.5,67.5,32.7,1.0,2.0,2.0,2,0
STU-004187,2024,electronics,6.88,62.9,35.3,72.8,4.4,1.0,0.0,4.0,0,0
STU-004188,2024,mechanical,6.83,44.1,75.3,64.1,,1.0,0.0,1.0,0,0
STU-004189,2024,civil,7.16,45.3,71.4,38.2,8.1,3.0,,5.0,0,0
STU-004190,2026,computer_science,8.85,76.0,68.2,69.8,30.3,1.0,0.0,3.0,0,1
STU-004191,2024,computer_science,6.51,63.4,54.3,87.5,31.0,0.0,0.0,1.0,0,1
STU-004192,2027,computer_science,6.05,36.5,59.8,29.9,19.4,3.0,1.0,3.0,0,0
STU-004193,2026,civil,5.11,39.2,20.6,75.2,9.3,3.0,0.0,2.0,0,1
STU-004194,2027,mechanical,6.51,25.0,56.3,87.6,9.2,2.0,0.0,1.0,1,0
STU-004195,2025,information_technology,5.49,68.6,70.0,75.2,21.9,3.0,0.0,2.0,1,0
STU-004196,2026,electronics,8.2,70.7,77.5,60.9,5.7,4.0,1.0,1.0,2,1
STU-004197,2024,electronics,6.99,41.6,37.1,74.6,18.6,3.0,0.0,2.0,0,0
STU-004198,2027,computer_science,8.18,70.1,62.9,60.8,3.3,3.0,0.0,4.0,1,0
STU-004199,2024,computer_science,8.79,91.4,43.1,69.6,5.2,2.0,0.0,4.0,1,0
STU-004200,2024,computer_science,6.11,33.1,54.1,63.2,27.5,,0.0,6.0,2,0
STU-004201,2025,computer_science,6.7,48.2,41.0,63.6,14.9,4.0,0.0,3.0,0,0
STU-004202,2027,information_technology,8.63,37.8,,51.3,9.0,2.0,1.0,2.0,1,0
STU-004203,2024,computer_science,7.32,72.9,62.4,55.5,8.6,4.0,2.0,0.0,1,1
STU-004204,2026,electronics,7.7,58.0,45.5,84.7,3.1,3.0,0.0,3.0,1,1
STU-004205,2027,electronics,8.29,54.6,,53.3,10.1,2.0,0.0,3.0,0,1
STU-004206,2027,information_technology,8.13,63.7,65.5,34.6,30.1,2.0,1.0,1.0,0,1
STU-004207,2025,civil,7.57,50.8,32.1,100.0,9.4,5.0,1.0,1.0,0,0
STU-004208,2024,computer_science,8.71,55.4,56.3,55.9,3.8,1.0,2.0,2.0,0,1
STU-004209,2026,electronics,7.02,62.2,29.0,58.2,1.9,2.0,,1.0,1,0
STU-004210,2025,computer_science,7.7,50.2,34.8,56.4,5.2,,1.0,1.0,0,0
STU-004211,2026,electronics,6.9,50.8,74.5,62.2,13.1,2.0,1.0,1.0,2,1
STU-004212,2025,information_technology,8.27,58.2,53.0,51.4,5.5,3.0,0.0,2.0,1,0
STU-004213,2026,computer_science,6.29,58.0,40.0,82.9,8.2,1.0,0.0,3.0,1,0
STU-004214,2024,computer_science,5.16,63.4,62.1,59.2,20.4,2.0,1.0,1.0,0,0
STU-004215,2026,electronics,7.85,68.5,85.9,47.4,7.1,1.0,0.0,2.0,0,1
STU-004216,2025,electronics,5.93,33.4,55.0,21.8,23.2,4.0,0.0,2.0,0,0
STU-004217,2026,electronics,5.81,76.7,67.6,77.3,5.0,,1.0,1.0,1,0
STU-004218,2024,information_technology,8.55,62.0,51.8,55.8,11.6,0.0,0.0,1.0,1,0
STU-004219,2027,electronics,8.21,55.4,60.8,67.3,10.1,3.0,0.0,0.0,0,1
STU-004220,2026,electronics,6.71,43.9,53.9,49.0,6.1,5.0,1.0,,0,1
STU-004221,2025,computer_science,4.0,81.8,48.5,63.3,10.5,0.0,1.0,2.0,0,0
STU-004222,2024,information_technology,7.71,94.8,74.3,61.6,27.0,0.0,0.0,1.0,1,0
STU-004223,2025,information_technology,7.86,87.7,33.5,74.9,10.1,2.0,2.0,2.0,0,0
STU-004224,2024,mechanical,7.69,61.2,42.6,,18.3,2.0,1.0,4.0,0,0
STU-004225,2025,information_technology,7.64,64.4,49.3,46.3,10.9,2.0,1.0,1.0,1,0
STU-004226,2027,information_technology,6.89,80.1,38.1,95.6,2.0,1.0,1.0,2.0,0,0
STU-004227,2026,civil,6.63,53.6,57.4,68.1,6.0,2.0,1.0,2.0,1,0
STU-004228,2024,mechanical,5.83,63.8,54.0,48.8,5.0,1.0,2.0,1.0,0,0
STU-004229,2026,computer_science,6.3,60.0,53.2,64.6,1.4,1.0,3.0,2.0,0,0
STU-004230,2025,civil,7.47,87.7,50.0,67.5,13.5,2.0,,1.0,0,1
STU-004231,2027,computer_science,7.49,80.5,79.9,68.8,7.1,2.0,1.0,1.0,0,0
STU-004232,2024,,8.01,57.9,62.7,67.1,1.7,0.0,0.0,1.0,0,0
STU-004233,2027,computer_science,5.48,77.8,,65.4,2.7,4.0,0.0,3.0,0,0
STU-004234,2027,information_technology,5.19,54.3,48.9,74.8,16.4,0.0,0.0,0.0,0,0
STU-004235,2024,civil,6.66,49.1,66.3,72.2,4.8,1.0,1.0,3.0,0,0
STU-004236,2024,computer_science,5.93,51.6,54.3,72.5,7.2,3.0,0.0,4.0,0,1
STU-004237,2025,mechanical,7.31,60.8,41.6,37.1,10.5,2.0,0.0,4.0,0,0
STU-004238,2027,information_technology,5.59,43.4,79.3,37.7,28.5,2.0,0.0,,0,0
STU-004239,2026,computer_science,8.46,53.2,68.7,50.9,,2.0,0.0,0.0,1,0
STU-004240,2026,civil,6.15,34.7,,58.5,11.9,2.0,3.0,3.0,0,0
STU-004241,2027,information_technology,8.93,49.5,31.9,51.4,12.4,2.0,2.0,0.0,0,1
STU-004242,2027,mechanical,7.7,62.9,69.5,47.8,8.3,2.0,,3.0,0,1
STU-004243,2026,mechanical,5.89,71.4,72.5,65.3,17.3,1.0,0.0,4.0,0,0
STU-004244,2026,computer_science,9.51,76.7,,49.8,2.1,3.0,1.0,4.0,1,1
STU-004245,2026,computer_science,7.41,65.3,67.0,28.4,8.0,5.0,1.0,2.0,0,1
STU-004246,2025,computer_science,,35.6,67.0,43.0,10.9,3.0,0.0,0.0,0,0
STU-004247,2027,information_technology,7.03,45.1,55.2,53.5,13.6,2.0,2.0,3.0,0,1
STU-004248,2024,computer_science,7.64,,29.0,58.4,7.9,2.0,0.0,4.0,0,0
STU-004249,2025,information_technology,7.7,73.9,45.9,74.6,28.0,0.0,0.0,1.0,1,0
STU-004250,2027,mechanical,6.11,47.9,64.9,68.1,15.2,2.0,0.0,3.0,0,0
STU-004251,2025,computer_science,6.85,,64.4,33.9,13.2,3.0,1.0,3.0,1,0
STU-004252,2024,electronics,7.23,80.2,52.6,82.3,7.4,3.0,0.0,2.0,0,0
STU-004253,2025,information_technology,7.77,48.5,48.8,59.2,5.9,4.0,0.0,2.0,0,1
STU-004254,2026,computer_science,7.79,42.7,61.1,63.0,25.0,3.0,1.0,1.0,1,1
STU-004255,2027,computer_science,7.29,62.0,50.3,63.7,3.6,3.0,0.0,2.0,1,0
STU-004256,2024,computer_science,6.47,56.2,51.5,50.1,10.3,2.0,0.0,2.0,0,0
STU-004257,2024,electronics,6.41,49.3,54.9,69.9,2.5,2.0,0.0,2.0,0,0
STU-004258,2026,computer_science,5.73,55.5,36.7,34.7,10.4,3.0,0.0,3.0,0,1
STU-004259,2027,mechanical,7.78,,71.7,80.8,14.8,1.0,2.0,4.0,0,1
STU-004260,2025,mechanical,6.39,49.1,49.8,64.6,18.3,1.0,1.0,,0,0
STU-004261,2027,computer_science,6.88,57.2,62.8,67.1,35.1,1.0,1.0,1.0,0,0
STU-004262,2027,mechanical,7.37,28.2,57.6,69.4,5.8,,1.0,1.0,0,0
STU-004263,2025,civil,7.1,72.5,81.6,55.8,,1.0,0.0,1.0,0,0
STU-004264,2027,computer_science,7.09,37.6,64.6,79.8,9.9,2.0,1.0,3.0,1,0
STU-004265,2026,,6.06,42.0,58.2,51.8,22.4,3.0,3.0,1.0,0,0
STU-004266,2026,computer_science,7.41,73.8,62.9,48.0,8.8,0.0,0.0,3.0,2,1
STU-004267,2026,electronics,6.74,66.0,89.4,64.1,6.1,3.0,0.0,1.0,3,0
STU-004268,2027,computer_science,,59.3,,42.7,29.7,2.0,0.0,5.0,0,0
STU-004269,2027,mechanical,8.43,35.2,63.5,54.1,21.1,1.0,0.0,3.0,1,0
STU-004270,2027,mechanical,7.68,50.3,59.5,65.7,9.0,6.0,0.0,3.0,0,1
STU-004271,2027,civil,6.44,53.6,19.4,72.3,6.4,3.0,0.0,1.0,0,0
STU-004272,2026,civil,6.93,55.7,56.3,,5.6,2.0,0.0,1.0,1,0
STU-004273,2027,computer_science,8.94,79.0,80.0,49.3,,0.0,0.0,2.0,0,1
STU-004274,2027,electronics,6.75,,62.7,57.3,23.2,0.0,1.0,0.0,0,0
STU-004275,2025,computer_science,7.15,67.5,81.3,52.6,15.3,1.0,0.0,0.0,2,1
STU-004276,2024,computer_science,7.86,51.7,71.8,60.6,13.1,4.0,2.0,2.0,1,1
STU-004277,2025,computer_science,7.35,,64.9,53.3,5.0,5.0,2.0,3.0,1,0
STU-004278,2027,civil,6.67,48.5,68.8,48.3,3.2,2.0,0.0,2.0,0,0
STU-004279,2025,electronics,6.25,17.1,58.2,46.6,,1.0,0.0,2.0,1,0
STU-004280,2026,computer_science,7.09,39.4,50.6,,15.4,5.0,2.0,5.0,0,1
STU-004281,2024,civil,7.86,24.1,56.2,77.1,6.7,2.0,2.0,1.0,1,0
STU-004282,2025,mechanical,8.62,55.5,21.0,72.0,5.6,1.0,0.0,4.0,1,1
STU-004283,2026,computer_science,5.41,52.2,75.8,44.8,9.8,1.0,1.0,1.0,0,0
STU-004284,2024,information_technology,9.13,38.4,60.1,71.1,24.9,4.0,0.0,0.0,2,1
STU-004285,2027,electronics,6.77,44.7,36.3,62.6,2.9,2.0,1.0,1.0,0,0
STU-004286,2024,electronics,8.16,38.9,53.4,43.9,8.2,3.0,2.0,2.0,0,0
STU-004287,2027,information_technology,6.25,54.6,81.9,47.3,13.2,,1.0,1.0,2,0
STU-004288,2025,information_technology,5.25,41.7,49.2,59.9,1.9,1.0,1.0,3.0,1,0
STU-004289,2027,computer_science,5.59,70.3,53.7,72.4,18.2,4.0,2.0,0.0,3,0
STU-004290,2026,information_technology,6.72,60.0,89.3,70.3,17.5,1.0,1.0,1.0,1,1
STU-004291,2024,information_technology,7.7,83.5,72.0,54.5,10.1,1.0,2.0,0.0,1,0
STU-004292,2024,computer_science,7.14,51.5,50.6,68.4,5.6,1.0,0.0,3.0,1,0
STU-004293,2024,computer_science,6.81,89.8,25.4,59.7,40.0,2.0,2.0,2.0,1,0
STU-004294,2026,electronics,8.39,60.8,71.4,51.7,10.8,2.0,1.0,0.0,1,0
STU-004295,2027,information_technology,,50.3,43.9,75.4,2.1,1.0,0.0,1.0,0,0
STU-004296,2025,information_technology,7.42,95.0,67.9,64.2,6.1,2.0,1.0,0.0,0,0
STU-004297,2026,computer_science,10.0,36.6,66.2,69.2,10.1,3.0,0.0,0.0,0,0
STU-004298,2026,civil,7.09,49.9,62.3,46.6,1.9,2.0,0.0,3.0,0,0
STU-004299,2026,computer_science,6.3,31.6,67.4,54.7,4.7,0.0,1.0,1.0,1,1
STU-004300,2026,information_technology,7.65,31.7,28.2,73.5,4.5,0.0,0.0,2.0,1,0
STU-004301,2026,computer_science,7.94,28.9,,58.1,8.8,1.0,0.0,1.0,0,0
STU-004302,2026,electronics,7.45,68.1,56.5,58.9,4.1,1.0,0.0,2.0,2,0
STU-004303,2027,information_technology,7.28,38.6,61.0,47.1,9.1,3.0,1.0,2.0,0,0
STU-004304,2025,information_technology,8.8,57.8,70.8,64.8,16.6,3.0,0.0,1.0,1,0
STU-004305,2024,mechanical,8.66,74.7,,46.9,36.9,3.0,1.0,2.0,1,1
STU-004306,2024,electronics,6.97,64.9,43.8,67.1,5.0,0.0,0.0,1.0,0,0
STU-004307,2026,information_technology,6.36,62.9,33.2,48.1,10.1,3.0,2.0,1.0,0,0
STU-004308,2025,information_technology,7.59,77.4,30.4,59.1,8.0,3.0,0.0,2.0,2,0
STU-004309,2027,civil,6.35,80.8,54.4,84.1,12.0,1.0,0.0,2.0,0,0
STU-004310,2026,civil,8.12,41.5,68.4,67.1,3.7,0.0,,1.0,0,0
STU-004311,2026,,7.59,66.4,51.5,57.1,18.3,2.0,0.0,2.0,0,0
STU-004312,2027,mechanical,,59.9,81.1,74.0,0.6,3.0,0.0,3.0,0,0
STU-004313,2025,mechanical,8.79,59.4,,51.9,21.5,2.0,0.0,1.0,1,0
STU-004314,2027,civil,5.86,33.0,49.0,48.2,14.4,1.0,0.0,2.0,0,0
STU-004315,2024,computer_science,6.5,49.0,28.6,56.9,4.6,2.0,0.0,2.0,2,0
STU-004316,2026,civil,4.9,47.5,39.1,77.4,25.6,3.0,1.0,3.0,1,1
STU-004317,2027,electronics,4.64,74.7,61.2,76.6,9.0,0.0,0.0,0.0,0,0
STU-004318,2027,electronics,7.23,41.1,79.7,55.0,1.9,2.0,2.0,1.0,1,1
STU-004319,2027,information_technology,5.73,19.7,46.7,58.0,25.9,4.0,0.0,0.0,0,0
STU-004320,2025,computer_science,8.99,61.9,77.7,,8.4,2.0,0.0,3.0,0,1
STU-004321,2027,mechanical,8.43,42.0,84.8,96.0,7.0,2.0,0.0,0.0,0,0
STU-004322,2026,electronics,6.79,55.5,38.2,58.7,5.1,3.0,0.0,2.0,1,0
STU-004323,2026,computer_science,6.72,67.4,59.3,81.4,2.9,0.0,2.0,3.0,1,0
STU-004324,2024,electronics,8.81,60.1,65.5,65.5,18.8,1.0,1.0,2.0,0,1
STU-004325,2025,computer_science,9.07,55.7,81.6,73.9,5.8,0.0,0.0,1.0,0,0
STU-004326,2026,information_technology,6.03,53.7,,,17.0,2.0,1.0,1.0,0,0
STU-004327,2024,electronics,5.88,,55.9,64.5,1.6,4.0,1.0,0.0,0,1
STU-004328,2027,electronics,6.75,40.2,49.6,61.6,3.0,1.0,0.0,0.0,0,0
STU-004329,2027,computer_science,7.6,70.1,64.6,59.1,19.4,1.0,0.0,3.0,0,1
STU-004330,2027,computer_science,6.51,42.0,73.8,66.9,8.2,1.0,0.0,1.0,1,0
STU-004331,2024,computer_science,7.62,,82.6,78.6,13.1,3.0,0.0,1.0,2,1
STU-004332,2027,electronics,9.34,,85.3,80.5,10.6,,2.0,2.0,0,0
STU-004333,2024,civil,5.48,,32.1,78.9,4.2,0.0,0.0,2.0,1,0
STU-004334,2026,mechanical,6.59,55.6,45.3,55.5,13.9,3.0,0.0,2.0,0,0
STU-004335,2027,electronics,5.5,56.5,66.1,54.0,4.1,5.0,0.0,0.0,2,0
STU-004336,2024,computer_science,6.14,70.7,61.8,50.4,27.4,2.0,1.0,2.0,1,1
STU-004337,2024,computer_science,,45.2,49.6,64.2,15.0,3.0,1.0,5.0,0,0
STU-004338,2024,mechanical,6.26,56.2,36.5,75.1,21.8,3.0,2.0,6.0,0,0
STU-004339,2026,information_technology,7.7,63.9,0.0,54.1,4.3,0.0,2.0,2.0,1,0
STU-004340,2027,computer_science,7.27,54.1,29.0,59.4,6.7,4.0,1.0,1.0,0,0
STU-004341,2024,information_technology,7.44,69.6,51.6,71.1,20.2,6.0,0.0,1.0,0,1
STU-004342,2024,electronics,6.75,62.4,49.1,57.5,5.1,0.0,,4.0,1,0
STU-004343,2026,computer_science,,49.0,61.4,59.3,14.3,1.0,1.0,0.0,0,0
STU-004344,2025,computer_science,6.7,76.3,64.0,77.6,7.6,0.0,2.0,3.0,0,0
STU-004345,2027,electronics,6.81,66.1,92.7,62.3,26.6,4.0,0.0,2.0,0,0
STU-004346,2027,computer_science,7.58,46.5,44.2,51.9,1.4,2.0,2.0,0.0,0,1
STU-004347,2027,information_technology,4.89,41.0,13.4,63.3,33.4,2.0,0.0,6.0,1,0
STU-004348,2027,mechanical,7.43,55.6,40.9,68.1,7.6,0.0,0.0,1.0,1,0
STU-004349,2026,civil,6.1,62.9,79.9,97.1,4.7,3.0,0.0,2.0,0,0
STU-004350,2027,information_technology,6.71,24.2,54.1,83.3,6.3,2.0,0.0,,0,0
STU-004351,2025,computer_science,5.3,42.6,65.4,100.0,9.2,5.0,0.0,0.0,0,0
STU-004352,2024,information_technology,6.69,48.7,44.2,47.1,15.9,2.0,0.0,1.0,0,0
STU-004353,2026,computer_science,7.42,37.3,48.2,81.5,40.0,0.0,0.0,2.0,0,0
STU-004354,2024,mechanical,7.63,43.9,28.4,83.7,7.6,3.0,0.0,3.0,0,0
STU-004355,2027,electronics,5.74,57.5,44.3,62.4,7.8,3.0,0.0,1.0,1,0
STU-004356,2026,information_technology,7.57,51.8,57.5,56.5,8.1,1.0,1.0,1.0,0,0
STU-004357,2027,mechanical,8.41,54.7,75.4,72.3,5.1,0.0,1.0,1.0,1,0
STU-004358,2025,information_technology,6.53,36.4,62.7,57.4,23.4,0.0,2.0,4.0,1,1
STU-004359,2026,information_technology,7.1,55.0,89.2,46.0,9.5,1.0,0.0,1.0,0,0
STU-004360,2027,civil,4.72,30.9,43.3,42.2,6.5,1.0,0.0,2.0,1,0
STU-004361,2025,computer_science,6.07,78.0,55.4,41.0,20.9,1.0,3.0,0.0,0,1
STU-004362,2026,computer_science,7.41,85.0,56.4,65.3,3.7,2.0,1.0,2.0,0,0
STU-004363,2026,mechanical,8.2,53.3,48.0,71.4,6.6,3.0,0.0,2.0,1,1
STU-004364,2027,information_technology,,40.0,59.6,48.4,22.1,3.0,1.0,2.0,0,1
STU-004365,2027,computer_science,10.0,76.8,62.3,68.8,17.7,0.0,0.0,1.0,0,1
STU-004366,2024,computer_science,7.46,67.8,85.1,68.7,12.3,2.0,1.0,0.0,0,1
STU-004367,2026,information_technology,5.64,83.4,36.1,66.9,25.9,,1.0,,3,0
STU-004368,2026,information_technology,8.58,93.3,55.5,71.5,24.1,2.0,0.0,0.0,0,1
STU-004369,2024,information_technology,5.66,24.9,28.5,65.0,2.9,3.0,0.0,2.0,1,0
STU-004370,2026,computer_science,7.48,76.3,62.7,,26.5,5.0,2.0,0.0,1,0
STU-004371,2025,information_technology,6.03,52.7,28.6,70.7,8.8,1.0,0.0,1.0,0,0
STU-004372,2024,electronics,5.54,63.3,49.0,44.4,,0.0,0.0,1.0,0,0
STU-004373,2026,mechanical,8.21,72.1,40.0,87.8,3.3,2.0,0.0,1.0,0,0
STU-004374,2024,electronics,6.8,68.6,37.5,48.5,18.1,0.0,0.0,2.0,2,0
STU-004375,2026,electronics,9.08,77.2,50.3,61.8,10.6,2.0,2.0,0.0,3,0
STU-004376,2024,mechanical,5.93,47.5,63.1,97.7,9.3,4.0,0.0,2.0,1,1
STU-004377,2027,computer_science,5.31,40.3,46.6,68.9,18.2,2.0,1.0,1.0,1,0
STU-004378,2025,computer_science,6.55,74.9,51.1,50.5,30.4,1.0,0.0,0.0,1,0
STU-004379,2027,computer_science,10.0,50.9,76.6,66.7,37.1,1.0,2.0,0.0,0,1
STU-004380,2024,information_technology,8.06,88.0,48.0,69.3,10.6,1.0,2.0,0.0,0,0
STU-004381,2026,civil,7.74,48.0,24.5,64.8,3.7,0.0,0.0,1.0,0,0
STU-004382,2025,computer_science,7.77,53.8,39.4,54.9,9.1,,0.0,5.0,1,0
STU-004383,2025,mechanical,6.54,54.2,48.3,44.1,20.0,3.0,0.0,2.0,0,0
STU-004384,2026,computer_science,10.0,40.9,66.2,45.7,25.1,2.0,0.0,1.0,0,0
STU-004385,2027,information_technology,7.63,36.2,67.0,51.1,30.0,3.0,2.0,2.0,1,1
STU-004386,2027,information_technology,7.52,72.7,54.6,80.1,16.3,3.0,0.0,1.0,1,0
STU-004387,2025,computer_science,8.23,34.7,77.2,,3.5,3.0,1.0,1.0,0,0
STU-004388,2024,information_technology,5.64,93.1,55.7,64.2,17.0,0.0,1.0,1.0,0,0
STU-004389,2027,electronics,6.09,54.8,27.4,81.6,11.0,3.0,1.0,1.0,0,0
STU-004390,2026,information_technology,6.82,42.2,11.0,71.1,5.9,1.0,0.0,2.0,1,0
STU-004391,2025,mechanical,8.24,66.8,42.8,81.9,10.0,3.0,0.0,0.0,0,0
STU-004392,2027,civil,5.61,18.3,51.8,53.8,17.0,0.0,1.0,1.0,0,0
STU-004393,2026,information_technology,7.02,53.0,,70.8,9.7,3.0,0.0,3.0,1,0
STU-004394,2026,civil,6.86,54.6,52.6,78.1,1.3,0.0,1.0,2.0,1,0
STU-004395,2025,computer_science,5.29,35.6,50.2,75.2,8.7,4.0,0.0,0.0,0,0
STU-004396,2026,computer_science,6.51,47.6,75.5,74.5,25.1,3.0,2.0,1.0,0,1
STU-004397,2025,,7.72,82.3,58.1,45.3,5.3,2.0,0.0,2.0,0,0
STU-004398,2027,,5.39,57.5,54.5,71.3,9.9,2.0,1.0,4.0,0,0
STU-004399,2024,information_technology,8.72,67.4,89.0,68.8,1.3,4.0,1.0,3.0,0,0
STU-004400,2027,electronics,7.64,47.5,26.8,59.9,11.6,1.0,2.0,1.0,2,0
STU-004401,2027,mechanical,7.5,39.1,86.1,53.5,7.4,4.0,1.0,1.0,0,0
STU-004402,2027,computer_science,7.11,54.6,11.9,68.3,30.1,2.0,1.0,1.0,0,0
STU-004403,2024,mechanical,5.84,18.8,36.3,48.2,12.1,1.0,0.0,,1,0
STU-004404,2025,information_technology,6.35,40.3,42.9,56.0,1.7,2.0,1.0,4.0,0,0
STU-004405,2026,information_technology,7.52,40.2,29.3,75.2,2.7,3.0,1.0,0.0,0,0
STU-004406,2026,computer_science,6.35,26.1,49.6,76.6,20.4,1.0,0.0,0.0,0,0
STU-004407,2027,computer_science,7.32,68.4,55.4,68.7,20.2,1.0,1.0,5.0,0,1
STU-004408,2025,information_technology,6.07,54.2,63.8,55.6,12.4,3.0,0.0,3.0,0,0
STU-004409,2027,mechanical,7.62,49.9,69.5,46.4,0.5,0.0,0.0,2.0,0,0
STU-004410,2024,information_technology,7.7,69.5,60.8,51.1,13.9,,0.0,3.0,0,0
STU-004411,2025,computer_science,5.23,29.8,66.9,80.0,11.5,2.0,1.0,4.0,0,0
STU-004412,2024,electronics,7.18,38.2,66.7,64.7,6.8,0.0,1.0,4.0,0,0
STU-004413,2027,electronics,5.35,71.5,42.9,60.6,33.2,1.0,0.0,2.0,0,0
STU-004414,2024,civil,4.96,88.1,48.9,64.3,21.0,3.0,1.0,3.0,0,0
STU-004415,2025,information_technology,6.42,67.1,,71.6,0.7,1.0,2.0,4.0,0,1
STU-004416,2027,electronics,10.0,71.1,46.2,47.6,8.9,1.0,1.0,4.0,1,0
STU-004417,2026,information_technology,7.99,51.3,66.2,55.2,6.8,0.0,1.0,3.0,0,0
STU-004418,2024,electronics,8.7,53.0,36.3,71.0,11.7,1.0,0.0,0.0,0,0
STU-004419,2024,information_technology,7.8,63.0,55.0,65.4,1.1,1.0,0.0,1.0,1,0
STU-004420,2026,computer_science,7.34,79.3,17.3,77.5,9.1,1.0,0.0,3.0,0,0
STU-004421,2025,civil,8.13,66.7,60.7,72.5,6.7,2.0,0.0,2.0,0,0
STU-004422,2025,electronics,6.36,71.1,40.1,51.2,17.4,2.0,1.0,2.0,0,1
STU-004423,2026,electronics,7.64,45.5,67.2,15.3,15.6,0.0,1.0,3.0,0,1
STU-004424,2025,information_technology,8.45,70.2,57.0,64.9,19.9,3.0,0.0,2.0,0,1
STU-004425,2026,electronics,7.9,49.7,56.4,47.4,9.2,1.0,0.0,1.0,0,0
STU-004426,2025,computer_science,8.53,63.2,62.0,69.1,20.9,3.0,2.0,1.0,0,0
STU-004427,2025,computer_science,7.31,67.9,45.8,84.3,,4.0,1.0,1.0,0,0
STU-004428,2024,computer_science,9.05,54.1,53.6,47.6,4.4,1.0,0.0,2.0,3,0
STU-004429,2025,computer_science,6.86,42.5,44.8,71.1,2.4,4.0,0.0,1.0,0,0
STU-004430,2024,computer_science,9.54,68.5,63.0,74.2,4.4,1.0,3.0,5.0,2,0
STU-004431,2025,electronics,7.76,57.5,48.6,66.8,14.5,0.0,0.0,2.0,2,0
STU-004432,2027,computer_science,6.66,59.4,61.3,,6.4,5.0,0.0,1.0,2,0
STU-004433,2027,mechanical,5.74,65.3,19.9,32.9,7.0,2.0,0.0,5.0,0,0
STU-004434,2025,civil,6.17,76.0,26.2,62.9,3.8,1.0,0.0,2.0,0,0
STU-004435,2026,computer_science,6.0,65.9,83.1,,1.5,5.0,1.0,2.0,0,1
STU-004436,2026,electronics,7.0,66.0,47.6,76.7,21.0,1.0,1.0,1.0,0,1
STU-004437,2027,information_technology,5.63,47.8,32.3,75.4,20.2,1.0,0.0,2.0,0,0
STU-004438,2025,civil,8.59,56.0,,54.9,1.1,2.0,0.0,3.0,0,0
STU-004439,2025,information_technology,7.23,65.3,68.9,,22.8,1.0,1.0,1.0,0,0
STU-004440,2025,information_technology,7.18,52.9,66.6,39.7,14.4,1.0,0.0,1.0,2,0
STU-004441,2024,computer_science,5.76,62.3,37.3,81.7,9.4,1.0,0.0,3.0,0,0
STU-004442,2025,civil,6.22,44.2,43.1,60.9,13.6,1.0,1.0,4.0,0,0
STU-004443,2027,computer_science,4.55,82.0,39.5,41.7,18.5,0.0,0.0,3.0,0,0
STU-004444,2027,mechanical,8.96,64.8,68.1,43.5,13.8,0.0,0.0,5.0,0,0
STU-004445,2024,computer_science,5.47,56.9,49.7,65.2,5.5,1.0,0.0,0.0,1,0
STU-004446,2026,electronics,5.56,47.9,33.6,63.7,1.7,2.0,0.0,4.0,0,0
STU-004447,2025,information_technology,8.73,90.1,53.2,85.2,11.4,3.0,,1.0,1,0
STU-004448,2026,computer_science,7.55,40.3,52.7,60.9,15.3,1.0,1.0,1.0,0,1
STU-004449,2026,computer_science,7.24,47.9,81.2,67.4,7.0,1.0,0.0,4.0,1,0
STU-004450,2024,computer_science,7.49,71.8,,61.4,8.8,0.0,2.0,2.0,0,1
STU-004451,2027,mechanical,8.2,64.0,100.0,73.5,9.5,3.0,0.0,1.0,0,0
STU-004452,2027,electronics,7.21,,51.3,86.6,5.0,2.0,0.0,2.0,0,0
STU-004453,2026,computer_science,5.32,46.4,19.7,75.2,8.3,0.0,0.0,2.0,2,0
STU-004454,2026,information_technology,,55.5,64.7,89.6,16.0,2.0,0.0,2.0,1,0
STU-004455,2026,computer_science,7.59,60.7,75.1,69.6,12.5,1.0,1.0,2.0,0,1
STU-004456,2025,electronics,8.45,84.2,68.9,39.8,4.6,4.0,1.0,,1,1
STU-004457,2024,mechanical,5.66,64.4,53.0,50.5,17.6,1.0,1.0,2.0,0,0
STU-004458,2026,mechanical,6.26,71.9,45.6,73.5,23.0,5.0,0.0,3.0,0,0
STU-004459,2024,mechanical,7.55,52.6,52.4,58.6,2.7,4.0,0.0,2.0,1,1
STU-004460,2027,computer_science,6.01,63.8,11.5,62.0,5.2,1.0,0.0,2.0,0,0
STU-004461,2026,,4.39,29.5,59.2,50.7,3.9,2.0,1.0,2.0,0,0
STU-004462,2025,mechanical,7.33,61.4,49.9,82.2,9.0,1.0,1.0,4.0,0,0
STU-004463,2025,computer_science,8.13,62.0,79.0,83.4,15.4,1.0,0.0,1.0,0,0
STU-004464,2027,computer_science,6.95,85.2,45.8,58.8,7.1,3.0,1.0,5.0,0,1
STU-004465,2024,computer_science,,82.8,57.0,58.9,16.6,3.0,0.0,3.0,2,0
STU-004466,2024,mechanical,7.56,55.3,78.5,79.9,10.4,2.0,2.0,5.0,0,1
STU-004467,2024,electronics,7.11,46.0,78.2,76.6,8.4,2.0,0.0,4.0,0,0
STU-004468,2026,civil,7.26,46.7,70.3,39.2,7.3,3.0,1.0,5.0,2,0
STU-004469,2027,information_technology,8.65,56.9,29.8,71.5,15.2,1.0,0.0,1.0,0,0
STU-004470,2025,computer_science,5.99,75.5,29.3,68.9,4.7,5.0,3.0,4.0,2,0
STU-004471,2027,information_technology,7.99,66.2,70.9,64.6,5.6,0.0,1.0,0.0,0,1
STU-004472,2025,mechanical,5.74,63.3,,49.7,10.8,1.0,0.0,1.0,0,0
STU-004473,2026,computer_science,6.19,68.5,53.0,50.0,8.9,1.0,0.0,1.0,1,0
STU-004474,2024,civil,8.48,46.0,64.4,18.6,4.1,1.0,0.0,4.0,0,0
STU-004475,2026,information_technology,5.71,44.8,54.2,52.8,8.1,,1.0,2.0,0,0
STU-004476,2026,mechanical,6.82,65.4,36.3,34.4,5.3,1.0,0.0,1.0,0,0
STU-004477,2026,mechanical,9.82,,83.7,,13.0,2.0,1.0,1.0,1,0
STU-004478,2025,information_technology,8.28,37.7,51.2,67.6,,3.0,1.0,4.0,0,0
STU-004479,2027,electronics,6.25,40.3,62.0,45.7,4.7,3.0,0.0,3.0,0,1
STU-004480,2027,information_technology,6.45,72.7,49.3,80.6,6.3,1.0,1.0,1.0,1,0
STU-004481,2026,mechanical,6.9,52.2,87.3,89.4,1.9,1.0,0.0,1.0,1,0
STU-004482,2026,mechanical,8.61,64.6,86.1,65.3,3.9,3.0,0.0,3.0,0,0
STU-004483,2027,electronics,5.95,40.4,87.0,70.5,17.0,3.0,1.0,2.0,1,1
STU-004484,2025,computer_science,5.88,61.4,78.6,39.3,3.4,2.0,1.0,1.0,1,0
STU-004485,2027,civil,7.92,55.8,56.4,64.6,8.9,3.0,0.0,1.0,1,1
STU-004486,2025,civil,5.17,,38.6,42.3,9.7,2.0,0.0,2.0,1,0
STU-004487,2027,electronics,6.05,48.9,31.9,37.9,18.5,1.0,0.0,1.0,3,0
STU-004488,2024,civil,7.0,65.6,59.5,44.3,7.0,4.0,0.0,2.0,0,0
STU-004489,2025,information_technology,7.06,50.2,55.7,59.8,11.9,2.0,1.0,3.0,0,0
STU-004490,2026,information_technology,5.53,53.9,48.4,61.4,17.8,2.0,0.0,6.0,1,0
STU-004491,2026,information_technology,7.51,54.9,42.9,61.0,13.9,1.0,3.0,3.0,1,0
STU-004492,2027,computer_science,7.74,59.9,64.1,45.7,16.7,1.0,0.0,0.0,1,1
STU-004493,2027,information_technology,6.34,60.9,45.9,63.5,16.2,5.0,0.0,0.0,1,0
STU-004494,2024,electronics,9.01,,54.8,52.3,24.0,2.0,2.0,1.0,0,1
STU-004495,2025,computer_science,7.49,57.2,59.7,63.8,6.0,1.0,1.0,0.0,0,0
STU-004496,2025,computer_science,5.94,58.7,,58.7,25.0,0.0,0.0,,0,0
STU-004497,2026,electronics,8.96,69.5,38.6,36.8,4.7,2.0,0.0,2.0,0,1
STU-004498,2026,mechanical,6.5,55.9,39.6,,2.9,1.0,1.0,2.0,0,0
STU-004499,2027,civil,7.31,45.3,65.3,69.6,15.9,1.0,0.0,4.0,1,0
STU-004500,2027,computer_science,6.54,58.4,52.3,73.7,5.6,2.0,0.0,4.0,3,0
STU-004501,2024,mechanical,7.82,69.7,25.2,44.8,8.7,3.0,1.0,1.0,3,0
STU-004502,2026,computer_science,6.55,37.1,65.1,51.3,11.8,0.0,0.0,3.0,3,1
STU-004503,2026,computer_science,6.62,37.4,52.6,55.7,6.3,2.0,0.0,1.0,0,1
STU-004504,2026,electronics,6.92,,36.6,78.4,10.4,3.0,1.0,2.0,2,0
STU-004505,2024,information_technology,6.52,54.2,41.7,,10.7,0.0,2.0,2.0,1,0
STU-004506,2025,mechanical,8.33,27.7,63.1,44.1,3.4,2.0,1.0,1.0,1,1
STU-004507,2025,computer_science,5.65,63.9,12.1,68.9,3.7,2.0,0.0,3.0,0,0
STU-004508,2025,computer_science,7.06,55.4,62.4,79.8,27.6,3.0,1.0,2.0,1,0
STU-004509,2027,information_technology,7.2,23.1,72.6,65.0,14.8,3.0,2.0,4.0,1,0
STU-004510,2025,computer_science,6.96,41.2,70.0,51.1,15.5,3.0,2.0,0.0,0,1
STU-004511,2026,computer_science,8.21,55.9,79.5,73.9,7.4,2.0,0.0,4.0,1,1
STU-004512,2026,computer_science,5.37,28.2,35.2,64.6,2.2,0.0,0.0,2.0,0,0
STU-004513,2027,computer_science,7.75,74.1,75.6,58.5,,4.0,0.0,2.0,0,1
STU-004514,2024,mechanical,5.67,58.1,54.3,74.5,11.0,0.0,0.0,3.0,1,0
STU-004515,2024,computer_science,6.51,,38.9,61.9,16.4,5.0,0.0,1.0,1,0
STU-004516,2025,electronics,5.55,39.7,57.1,,11.0,0.0,2.0,3.0,0,0
STU-004517,2026,electronics,6.72,63.6,61.3,74.0,19.1,2.0,2.0,5.0,1,1
STU-004518,2025,information_technology,6.44,47.0,78.9,55.0,3.4,2.0,1.0,1.0,0,0
STU-004519,2027,information_technology,8.98,59.1,83.3,45.8,3.9,2.0,0.0,3.0,1,1
STU-004520,2025,electronics,7.38,64.0,44.8,66.6,10.8,2.0,0.0,0.0,0,0
STU-004521,2024,mechanical,7.61,58.2,63.2,83.8,14.5,3.0,2.0,4.0,2,1
STU-004522,2025,computer_science,5.83,67.8,55.9,30.2,7.0,0.0,2.0,1.0,1,1
STU-004523,2027,mechanical,7.95,62.0,63.1,72.3,3.3,0.0,2.0,2.0,0,0
STU-004524,2027,computer_science,8.98,55.0,57.8,62.5,11.9,2.0,0.0,2.0,0,0
STU-004525,2027,information_technology,8.1,72.8,89.2,54.5,14.8,1.0,0.0,1.0,0,0
STU-004526,2026,information_technology,5.59,71.0,38.8,53.0,20.3,1.0,0.0,3.0,1,0
STU-004527,2027,computer_science,6.57,58.4,81.6,74.6,3.2,0.0,1.0,3.0,0,1
STU-004528,2026,computer_science,7.22,78.5,31.7,,17.0,1.0,0.0,1.0,0,0
STU-004529,2025,computer_science,6.44,,46.3,47.5,,0.0,0.0,3.0,1,0
STU-004530,2026,computer_science,10.0,62.1,80.0,66.3,17.8,4.0,1.0,1.0,2,1
STU-004531,2027,electronics,6.55,57.2,35.3,81.2,35.0,0.0,2.0,0.0,0,0
STU-004532,2025,computer_science,7.05,56.2,42.7,71.8,9.7,3.0,0.0,1.0,0,0
STU-004533,2026,mechanical,6.41,52.2,61.7,38.6,6.1,0.0,0.0,0.0,2,1
STU-004534,2026,mechanical,7.37,48.0,27.1,71.0,9.2,0.0,1.0,2.0,1,0
STU-004535,2026,computer_science,8.69,46.5,80.5,44.5,13.9,2.0,0.0,2.0,0,1
STU-004536,2024,computer_science,7.23,60.1,81.1,65.1,2.3,3.0,,0.0,1,0
STU-004537,2026,information_technology,6.85,75.7,80.3,51.5,9.4,2.0,2.0,1.0,3,0
STU-004538,2027,mechanical,5.87,67.9,56.0,67.6,6.3,1.0,0.0,1.0,1,0
STU-004539,2024,information_technology,8.49,66.8,53.7,52.6,3.5,4.0,0.0,2.0,0,0
STU-004540,2025,computer_science,6.93,76.6,48.6,47.4,10.8,2.0,1.0,1.0,0,1
STU-004541,2024,civil,6.89,58.1,59.4,66.4,20.6,0.0,0.0,1.0,1,1
STU-004542,2024,information_technology,4.41,38.0,46.8,63.6,5.7,1.0,1.0,0.0,1,0
STU-004543,2027,information_technology,6.95,52.7,48.4,73.5,13.2,4.0,1.0,0.0,1,1
STU-004544,2026,mechanical,6.64,56.4,80.5,54.6,14.2,1.0,0.0,2.0,0,1
STU-004545,2025,civil,5.0,46.3,42.8,40.8,11.4,0.0,2.0,,0,0
STU-004546,2025,information_technology,8.24,69.6,84.4,71.5,1.2,2.0,0.0,3.0,0,1
STU-004547,2027,computer_science,6.48,71.0,54.6,82.3,7.2,1.0,1.0,0.0,1,0
STU-004548,2025,information_technology,9.28,36.6,64.8,53.9,3.9,1.0,0.0,1.0,0,0
STU-004549,2027,computer_science,8.73,59.3,70.7,68.8,19.3,2.0,2.0,1.0,1,0
STU-004550,2025,information_technology,6.27,13.0,60.7,57.6,5.7,1.0,1.0,0.0,0,0
STU-004551,2024,computer_science,8.67,60.0,59.2,89.1,15.7,2.0,1.0,3.0,2,1
STU-004552,2026,electronics,8.95,60.4,72.4,54.6,7.6,3.0,0.0,0.0,0,0
STU-004553,2024,electronics,6.46,83.6,64.5,61.4,8.7,3.0,1.0,0.0,0,0
STU-004554,2026,,5.91,78.0,78.8,33.7,13.2,1.0,2.0,3.0,1,0
STU-004555,2025,mechanical,4.62,67.2,46.7,84.0,3.5,4.0,0.0,1.0,1,0
STU-004556,2027,computer_science,7.54,44.7,43.9,54.5,9.0,3.0,1.0,3.0,0,0
STU-004557,2027,computer_science,5.98,40.7,39.4,80.2,5.8,2.0,0.0,3.0,1,0
STU-004558,2027,information_technology,7.57,42.7,97.5,52.6,18.3,2.0,2.0,2.0,1,1
STU-004559,2024,computer_science,6.45,79.8,20.8,60.9,25.0,1.0,0.0,2.0,0,1
STU-004560,2026,computer_science,6.2,42.7,31.6,51.1,17.6,0.0,0.0,1.0,0,0
STU-004561,2027,electronics,6.45,51.1,53.3,48.9,24.7,1.0,1.0,0.0,0,0
STU-004562,2025,information_technology,5.61,41.7,39.0,57.9,2.8,,0.0,3.0,0,0
STU-004563,2025,computer_science,6.45,,66.7,60.1,8.1,2.0,1.0,2.0,0,0
STU-004564,2027,information_technology,6.25,61.5,64.4,56.9,10.4,2.0,0.0,1.0,0,0
STU-004565,2024,civil,7.08,60.5,46.2,40.7,4.5,1.0,0.0,4.0,1,0
STU-004566,2026,electronics,7.22,25.1,81.4,66.0,15.4,4.0,0.0,2.0,0,1
STU-004567,2027,computer_science,5.87,36.2,31.7,34.6,18.0,1.0,0.0,2.0,1,0
STU-004568,2024,information_technology,8.37,64.6,47.9,57.3,13.4,4.0,1.0,8.0,0,1
STU-004569,2026,civil,6.92,56.7,81.4,39.9,6.1,1.0,0.0,1.0,1,0
STU-004570,2026,computer_science,8.83,55.6,40.1,74.6,4.8,5.0,2.0,4.0,1,1
STU-004571,2025,electronics,7.38,67.8,62.4,79.2,19.0,2.0,1.0,0.0,1,1
STU-004572,2027,electronics,7.18,36.7,82.4,70.3,6.3,4.0,1.0,2.0,1,0
STU-004573,2024,electronics,6.54,48.1,9.0,55.3,23.6,1.0,0.0,1.0,0,1
STU-004574,2025,computer_science,7.81,67.4,52.5,51.6,4.1,2.0,1.0,0.0,1,0
STU-004575,2027,civil,7.14,48.5,71.7,58.4,20.7,3.0,0.0,,0,1
STU-004576,2025,computer_science,8.09,64.9,54.8,61.2,5.9,2.0,0.0,2.0,3,0
STU-004577,2027,computer_science,8.95,44.7,63.8,68.8,6.0,2.0,0.0,2.0,0,0
STU-004578,2024,computer_science,6.26,44.2,55.3,67.6,1.9,4.0,0.0,1.0,1,1
STU-004579,2026,information_technology,7.81,32.9,63.5,,3.5,0.0,1.0,4.0,0,0
STU-004580,2024,computer_science,7.77,28.7,44.4,71.3,13.9,0.0,0.0,0.0,0,0
STU-004581,2026,mechanical,7.63,52.1,70.5,67.4,15.6,3.0,,4.0,0,1
STU-004582,2027,mechanical,6.6,64.0,57.7,51.1,40.0,2.0,,4.0,1,1
STU-004583,2027,computer_science,6.63,55.5,34.0,48.5,14.7,4.0,0.0,1.0,1,0
STU-004584,2027,mechanical,6.43,74.3,44.8,62.9,17.5,2.0,1.0,3.0,0,0
STU-004585,2026,civil,6.41,50.9,28.6,64.5,5.8,3.0,0.0,,1,0
STU-004586,2027,computer_science,6.13,24.5,55.2,46.6,6.0,2.0,0.0,1.0,1,0
STU-004587,2026,electronics,6.98,63.1,63.3,62.8,,0.0,0.0,2.0,0,1
STU-004588,2027,civil,6.23,40.3,55.5,,9.2,3.0,0.0,1.0,1,1
STU-004589,2026,mechanical,7.6,61.1,66.8,74.0,12.0,3.0,1.0,4.0,0,0
STU-004590,2027,information_technology,7.17,24.0,57.9,60.4,2.5,2.0,0.0,3.0,1,0
STU-004591,2025,mechanical,7.29,54.5,69.1,33.6,1.9,4.0,1.0,,0,1
STU-004592,2026,electronics,6.79,68.1,52.0,65.5,24.4,3.0,1.0,0.0,1,0
STU-004593,2027,computer_science,7.18,,67.6,38.3,21.8,1.0,1.0,5.0,1,0
STU-004594,2025,computer_science,6.82,53.9,32.4,50.1,2.9,2.0,0.0,4.0,1,0
STU-004595,2025,information_technology,8.0,59.2,35.2,43.1,6.3,3.0,1.0,1.0,0,1
STU-004596,2027,information_technology,6.59,49.7,54.8,68.9,15.5,3.0,1.0,0.0,0,0
STU-004597,2026,computer_science,7.53,54.6,68.8,46.8,18.0,2.0,1.0,2.0,1,0
STU-004598,2025,computer_science,5.6,64.6,44.7,76.0,26.6,0.0,1.0,2.0,0,1
STU-004599,2025,mechanical,7.92,48.6,69.5,45.8,8.5,3.0,1.0,4.0,2,0
STU-004600,2025,electronics,6.46,47.1,58.1,33.8,5.5,2.0,1.0,1.0,0,0
STU-004601,2026,computer_science,,32.4,16.4,57.1,4.8,0.0,0.0,2.0,1,0
STU-004602,2027,computer_science,5.79,65.3,89.7,43.4,3.4,2.0,0.0,2.0,2,0
STU-004603,2027,computer_science,5.7,50.6,28.4,80.4,22.9,0.0,2.0,1.0,0,0
STU-004604,2026,computer_science,6.55,38.1,37.1,52.5,2.8,3.0,2.0,2.0,1,0
STU-004605,2026,electronics,8.82,74.0,81.8,78.2,22.9,0.0,1.0,2.0,1,0
STU-004606,2025,computer_science,6.36,55.2,52.8,,7.8,1.0,0.0,0.0,2,0
STU-004607,2027,civil,4.56,41.2,32.2,67.0,14.0,1.0,1.0,1.0,1,0
STU-004608,2025,computer_science,7.52,71.6,49.1,54.6,12.8,3.0,0.0,,0,0
STU-004609,2024,computer_science,5.82,49.7,35.3,95.3,3.3,3.0,0.0,1.0,0,0
STU-004610,2027,mechanical,8.04,35.7,45.5,45.9,5.0,3.0,0.0,1.0,1,0
STU-004611,2027,information_technology,6.62,70.8,66.9,19.3,21.3,0.0,0.0,1.0,0,0
STU-004612,2025,information_technology,6.78,44.2,45.7,65.6,9.2,3.0,0.0,4.0,1,0
STU-004613,2026,computer_science,8.48,100.0,,47.7,33.4,1.0,0.0,1.0,0,0
STU-004614,2026,electronics,7.81,52.1,45.3,64.9,5.9,3.0,1.0,1.0,1,1
STU-004615,2025,information_technology,5.67,,47.0,61.0,12.7,3.0,4.0,2.0,0,1
STU-004616,2025,mechanical,5.84,81.2,37.6,54.6,4.1,3.0,0.0,4.0,1,0
STU-004617,2024,electronics,5.05,52.4,42.0,56.3,17.0,1.0,0.0,0.0,0,0
STU-004618,2026,mechanical,10.0,67.0,72.9,67.7,10.9,3.0,1.0,1.0,0,1
STU-004619,2026,electronics,6.11,61.1,43.3,56.9,2.8,1.0,0.0,2.0,0,1
STU-004620,2026,mechanical,8.45,39.7,46.2,59.9,13.5,4.0,1.0,2.0,0,0
STU-004621,2025,electronics,,23.7,41.1,55.0,17.8,2.0,0.0,3.0,0,0
STU-004622,2027,information_technology,,84.2,74.1,84.8,10.6,2.0,0.0,1.0,1,0
STU-004623,2026,electronics,7.12,34.0,92.5,80.3,,1.0,2.0,3.0,0,1
STU-004624,2027,electronics,6.72,81.2,54.7,41.4,9.0,0.0,2.0,4.0,0,1
STU-004625,2024,computer_science,8.02,67.1,71.4,62.0,16.4,2.0,1.0,1.0,2,0
STU-004626,2026,electronics,8.04,61.9,43.2,50.6,17.5,4.0,1.0,0.0,1,1
STU-004627,2027,computer_science,6.42,49.0,42.7,44.6,9.0,4.0,2.0,,1,1
STU-004628,2025,information_technology,5.44,88.7,56.4,17.2,4.1,1.0,0.0,5.0,1,0
STU-004629,2025,computer_science,5.72,44.2,9.7,57.4,19.4,4.0,0.0,2.0,1,0
STU-004630,2025,computer_science,4.48,42.2,58.0,58.5,13.9,1.0,0.0,2.0,0,0
STU-004631,2025,,6.78,66.9,44.5,81.0,4.1,1.0,2.0,0.0,1,1
STU-004632,2026,computer_science,7.09,47.3,,76.7,9.9,2.0,0.0,3.0,0,1
STU-004633,2025,computer_science,5.79,39.6,56.7,68.9,9.0,,1.0,2.0,1,0
STU-004634,2025,computer_science,,53.6,74.1,72.3,11.1,3.0,0.0,3.0,0,0
STU-004635,2026,information_technology,7.08,67.7,50.0,73.9,7.7,0.0,0.0,2.0,0,0
STU-004636,2024,information_technology,6.37,84.1,57.5,68.8,18.7,1.0,2.0,3.0,1,1
STU-004637,2025,civil,6.86,88.2,62.1,81.4,13.1,1.0,2.0,2.0,1,1
STU-004638,2026,mechanical,6.68,29.7,57.8,44.2,7.9,1.0,0.0,2.0,0,0
STU-004639,2024,computer_science,7.39,73.6,39.6,55.2,,3.0,2.0,4.0,0,0
STU-004640,2025,information_technology,6.45,41.3,56.6,53.2,8.9,3.0,0.0,3.0,1,0
STU-004641,2025,information_technology,6.54,42.3,56.3,54.3,18.1,0.0,0.0,1.0,0,0
STU-004642,2024,information_technology,4.94,45.0,0.3,59.9,20.2,1.0,0.0,3.0,1,0
STU-004643,2026,information_technology,7.04,48.2,69.7,84.9,7.6,4.0,0.0,3.0,0,0
STU-004644,2024,electronics,7.2,41.6,30.2,74.5,1.5,2.0,2.0,2.0,0,1
STU-004645,2025,electronics,6.9,22.1,56.8,79.1,11.1,1.0,0.0,3.0,0,1
STU-004646,2027,information_technology,9.3,83.5,90.0,60.9,13.9,2.0,1.0,2.0,0,0
STU-004647,2027,electronics,7.29,71.3,52.0,60.3,18.2,1.0,1.0,2.0,0,1
STU-004648,2025,computer_science,6.92,56.8,36.9,70.1,2.3,1.0,1.0,1.0,1,0
STU-004649,2025,mechanical,7.67,44.1,67.2,68.0,16.7,6.0,3.0,3.0,0,0
STU-004650,2026,civil,9.53,80.8,89.0,68.0,3.8,4.0,0.0,1.0,2,0
STU-004651,2027,computer_science,7.39,57.1,37.7,94.5,33.2,3.0,1.0,0.0,1,1
STU-004652,2027,mechanical,4.54,43.7,5.1,70.2,10.5,3.0,1.0,4.0,0,0
STU-004653,2024,mechanical,7.6,33.8,77.5,51.0,22.6,4.0,1.0,2.0,1,0
STU-004654,2024,information_technology,6.09,63.5,65.9,52.1,28.1,4.0,2.0,2.0,1,1
STU-004655,2025,computer_science,4.89,48.0,53.1,73.8,21.5,4.0,0.0,0.0,4,0
STU-004656,2027,mechanical,9.05,65.3,32.6,72.7,25.7,4.0,1.0,3.0,0,0
STU-004657,2027,information_technology,8.8,63.4,72.4,75.7,19.5,1.0,1.0,2.0,0,1
STU-004658,2024,computer_science,6.06,64.9,68.8,69.3,15.8,,0.0,4.0,1,0
STU-004659,2026,electronics,6.07,58.6,,47.4,13.7,2.0,0.0,4.0,0,0
STU-004660,2024,information_technology,7.28,53.2,51.4,83.5,29.8,1.0,2.0,3.0,0,1
STU-004661,2026,computer_science,6.08,63.7,54.0,80.8,11.7,2.0,2.0,1.0,1,0
STU-004662,2027,civil,6.94,71.4,18.2,56.6,25.9,2.0,0.0,5.0,0,0
STU-004663,2026,computer_science,6.28,79.0,68.6,67.1,10.7,2.0,0.0,2.0,0,0
STU-004664,2024,information_technology,,39.7,69.6,64.6,12.7,1.0,1.0,5.0,0,1
STU-004665,2026,electronics,5.48,70.9,55.8,56.8,19.1,3.0,0.0,1.0,0,0
STU-004666,2025,computer_science,8.05,35.5,79.4,45.8,22.0,2.0,1.0,1.0,1,1
STU-004667,2027,electronics,8.48,75.4,,,8.7,0.0,1.0,1.0,0,0
STU-004668,2025,electronics,6.98,48.4,51.2,41.1,16.7,6.0,2.0,0.0,0,1
STU-004669,2027,information_technology,7.06,70.0,52.2,53.7,16.2,4.0,1.0,1.0,1,0
STU-004670,2025,information_technology,7.82,81.3,77.0,86.0,4.6,2.0,2.0,3.0,0,1
STU-004671,2024,civil,7.1,60.9,74.5,67.8,16.3,2.0,0.0,1.0,1,0
STU-004672,2025,civil,9.09,61.5,68.8,67.4,25.6,1.0,1.0,1.0,1,1
STU-004673,2024,computer_science,5.59,53.7,53.9,57.9,4.5,1.0,1.0,1.0,2,0
STU-004674,2025,information_technology,8.09,53.1,68.7,40.1,6.6,1.0,1.0,1.0,1,1
STU-004675,2026,information_technology,6.97,74.8,49.2,67.8,10.6,1.0,1.0,1.0,0,0
STU-004676,2024,civil,5.81,54.0,73.4,69.0,3.4,3.0,1.0,2.0,0,1
STU-004677,2024,mechanical,9.68,30.7,58.1,73.1,15.9,2.0,2.0,,1,1
STU-004678,2024,information_technology,,76.9,73.7,56.5,5.2,4.0,0.0,2.0,1,1
STU-004679,2024,mechanical,6.86,70.2,44.3,56.3,3.5,1.0,2.0,2.0,2,0
STU-004680,2027,information_technology,7.61,59.9,73.5,70.0,17.5,4.0,0.0,2.0,1,0
STU-004681,2027,computer_science,6.56,45.3,51.5,44.4,10.6,0.0,1.0,1.0,0,0
STU-004682,2024,electronics,,40.1,89.1,73.4,5.0,,0.0,6.0,0,0
STU-004683,2027,information_technology,5.8,43.8,48.0,59.8,7.0,0.0,0.0,3.0,0,0
STU-004684,2027,electronics,5.63,58.2,65.4,66.1,22.3,1.0,1.0,2.0,1,1
STU-004685,2027,information_technology,9.22,34.8,53.2,94.3,11.8,2.0,0.0,4.0,2,1
STU-004686,2025,mechanical,7.06,64.5,50.0,58.2,13.0,1.0,0.0,4.0,0,0
STU-004687,2025,civil,7.16,59.4,54.9,64.0,3.8,0.0,1.0,0.0,1,1
STU-004688,2026,computer_science,6.17,75.6,57.6,62.4,9.5,0.0,1.0,1.0,0,1
STU-004689,2027,information_technology,7.32,69.2,43.6,34.3,16.5,2.0,0.0,1.0,0,0
STU-004690,2027,electronics,5.37,43.9,,70.6,4.1,0.0,0.0,5.0,2,0
STU-004691,2026,computer_science,6.21,31.1,53.4,29.3,4.3,3.0,0.0,2.0,0,0
STU-004692,2025,mechanical,,43.1,56.7,72.6,5.4,2.0,1.0,1.0,1,0
STU-004693,2027,electronics,8.59,81.9,60.7,52.3,17.8,2.0,0.0,0.0,0,1
STU-004694,2027,computer_science,5.2,58.8,44.8,51.7,,2.0,0.0,0.0,1,0
STU-004695,2025,mechanical,5.74,64.4,27.4,61.5,10.3,1.0,0.0,1.0,1,0
STU-004696,2026,information_technology,4.75,44.1,54.5,43.4,3.1,0.0,1.0,5.0,0,0
STU-004697,2025,computer_science,6.08,63.4,65.6,60.4,4.4,0.0,0.0,4.0,1,0
STU-004698,2026,computer_science,6.57,34.3,69.6,46.7,15.8,2.0,1.0,2.0,0,0
STU-004699,2026,mechanical,8.22,74.5,62.5,,,1.0,1.0,0.0,1,1
STU-004700,2027,civil,6.84,40.4,44.1,58.9,8.0,2.0,2.0,0.0,1,0
STU-004701,2027,information_technology,6.63,27.6,48.0,79.1,3.0,4.0,0.0,2.0,1,0
STU-004702,2026,computer_science,7.44,92.8,,72.1,,1.0,0.0,1.0,1,0
STU-004703,2025,computer_science,6.59,59.2,53.0,54.4,12.1,2.0,1.0,4.0,1,1
STU-004704,2025,electronics,9.87,65.4,52.1,59.7,4.6,2.0,1.0,4.0,0,1
STU-004705,2024,information_technology,6.42,28.8,24.1,54.4,8.6,5.0,0.0,4.0,0,0
STU-004706,2025,information_technology,7.58,68.5,47.9,45.3,3.9,2.0,0.0,2.0,1,0
STU-004707,2024,computer_science,8.05,73.4,54.5,47.3,3.2,3.0,0.0,4.0,1,0
STU-004708,2026,information_technology,6.39,53.8,57.8,65.7,8.4,2.0,1.0,2.0,0,0
STU-004709,2024,electronics,7.29,,49.2,51.8,,2.0,1.0,4.0,1,1
STU-004710,2025,,6.52,74.6,48.8,61.2,,,0.0,4.0,1,1
STU-004711,2027,computer_science,7.42,66.7,58.6,47.7,18.0,3.0,3.0,1.0,5,0
STU-004712,2025,information_technology,,25.9,82.5,73.1,10.5,2.0,0.0,1.0,0,0
STU-004713,2026,information_technology,6.94,40.6,51.9,70.9,4.7,2.0,0.0,3.0,0,0
STU-004714,2027,information_technology,5.77,80.8,23.8,83.8,20.1,4.0,1.0,1.0,1,1
STU-004715,2026,computer_science,9.24,63.7,52.3,81.1,12.3,4.0,0.0,4.0,1,1
STU-004716,2025,computer_science,7.77,60.9,88.8,49.1,12.5,3.0,0.0,5.0,2,0
STU-004717,2025,information_technology,5.27,42.1,72.5,50.0,7.9,4.0,0.0,2.0,0,0
STU-004718,2026,computer_science,6.62,47.7,69.4,66.9,18.2,4.0,1.0,3.0,1,1
STU-004719,2026,,5.3,72.5,60.1,49.6,7.5,1.0,1.0,1.0,2,0
STU-004720,2024,information_technology,7.98,82.4,71.0,65.3,2.2,1.0,2.0,1.0,2,0
STU-004721,2026,computer_science,7.07,,51.2,,3.5,6.0,2.0,3.0,0,1
STU-004722,2026,electronics,7.1,66.5,70.2,74.8,31.5,2.0,2.0,0.0,1,0
STU-004723,2025,,6.13,65.7,66.9,75.2,5.7,5.0,0.0,,0,0
STU-004724,2026,computer_science,6.74,56.4,68.3,57.7,24.9,2.0,0.0,0.0,1,1
STU-004725,2024,mechanical,8.01,42.0,48.8,36.4,5.9,2.0,0.0,4.0,1,0
STU-004726,2025,information_technology,8.31,39.3,54.7,76.1,10.6,1.0,1.0,5.0,0,1
STU-004727,2027,civil,8.07,79.9,48.4,53.4,,0.0,0.0,2.0,1,0
STU-004728,2025,computer_science,5.32,54.1,65.2,61.7,13.4,1.0,2.0,2.0,0,0
STU-004729,2026,mechanical,6.89,64.9,59.7,60.1,9.9,2.0,0.0,0.0,0,0
STU-004730,2025,mechanical,7.39,61.9,63.2,67.4,9.7,3.0,0.0,1.0,0,0
STU-004731,2025,computer_science,6.26,60.4,61.8,53.3,16.3,3.0,0.0,4.0,1,0
STU-004732,2027,information_technology,5.19,59.6,23.8,46.3,8.2,4.0,1.0,0.0,1,0
STU-004733,2025,electronics,5.62,65.7,64.5,64.1,30.8,2.0,0.0,3.0,0,1
STU-004734,2025,information_technology,8.82,50.1,53.1,73.6,2.7,2.0,0.0,1.0,0,0
STU-004735,2027,information_technology,5.73,73.2,42.3,60.3,6.1,1.0,0.0,3.0,0,0
STU-004736,2027,civil,7.15,47.2,41.4,60.2,5.5,2.0,0.0,1.0,1,0
STU-004737,2026,electronics,6.92,61.4,56.0,45.4,8.9,6.0,0.0,1.0,0,0
STU-004738,2024,civil,6.92,40.1,53.6,69.2,12.0,4.0,0.0,1.0,0,0
STU-004739,2024,mechanical,,55.0,30.3,70.2,36.6,2.0,1.0,3.0,1,1
STU-004740,2026,mechanical,8.01,50.1,28.6,60.5,7.1,2.0,0.0,3.0,0,0
STU-004741,2025,electronics,7.14,58.6,52.1,48.4,15.7,4.0,0.0,,0,0
STU-004742,2025,electronics,6.38,67.8,66.4,63.1,,2.0,0.0,2.0,0,0
STU-004743,2027,mechanical,7.16,59.5,67.8,64.3,3.7,2.0,1.0,3.0,0,0
STU-004744,2025,electronics,5.63,84.7,66.5,61.4,16.1,0.0,1.0,4.0,0,0
STU-004745,2024,computer_science,7.65,71.2,54.2,46.8,11.8,2.0,1.0,2.0,1,0
STU-004746,2024,electronics,6.32,53.2,46.3,65.6,5.1,3.0,0.0,3.0,0,1
STU-004747,2026,computer_science,6.38,55.5,50.6,64.3,10.9,1.0,1.0,0.0,1,0
STU-004748,2026,civil,7.69,65.0,71.4,67.9,5.7,1.0,1.0,1.0,1,1
STU-004749,2027,electronics,6.63,67.8,80.9,60.1,17.9,2.0,0.0,2.0,1,0
STU-004750,2024,information_technology,6.7,38.9,46.0,80.0,9.8,4.0,0.0,3.0,0,0
STU-004751,2025,computer_science,8.44,70.4,56.3,62.0,2.3,1.0,0.0,0.0,2,0
STU-004752,2026,information_technology,5.98,37.8,51.4,,23.2,3.0,0.0,2.0,0,1
STU-004753,2025,information_technology,7.67,67.4,53.2,65.1,21.4,2.0,0.0,1.0,1,0
STU-004754,2026,electronics,8.19,76.9,49.9,45.8,14.0,3.0,1.0,0.0,1,1
STU-004755,2027,electronics,8.44,65.4,58.6,73.7,5.1,3.0,1.0,2.0,0,1
STU-004756,2026,information_technology,9.6,28.3,52.0,56.9,1.4,2.0,0.0,1.0,2,0
STU-004757,2025,computer_science,6.36,30.0,64.8,55.8,13.5,2.0,1.0,2.0,2,1
STU-004758,2027,information_technology,6.1,64.6,76.5,76.5,17.7,3.0,1.0,1.0,0,1
STU-004759,2024,information_technology,8.04,23.3,54.3,44.5,3.9,2.0,1.0,1.0,3,0
STU-004760,2027,mechanical,8.18,69.5,88.0,37.5,14.2,3.0,0.0,1.0,2,0
STU-004761,2026,mechanical,6.19,71.2,49.9,58.9,5.8,2.0,2.0,3.0,0,0
STU-004762,2026,electronics,7.66,,45.8,66.2,15.2,0.0,1.0,1.0,1,0
STU-004763,2027,computer_science,10.0,60.4,78.7,74.1,4.0,1.0,0.0,1.0,0,1
STU-004764,2026,computer_science,7.22,65.0,40.2,64.0,16.4,4.0,1.0,0.0,0,0
STU-004765,2026,civil,8.16,63.5,70.3,30.5,10.5,2.0,0.0,1.0,0,0
STU-004766,2025,civil,8.91,39.7,67.0,48.4,3.2,2.0,0.0,1.0,0,1
STU-004767,2026,computer_science,9.98,75.1,60.1,44.4,4.6,0.0,0.0,1.0,0,1
STU-004768,2026,electronics,7.38,79.6,47.9,35.6,17.0,3.0,1.0,2.0,0,1
STU-004769,2025,information_technology,8.54,71.4,46.3,59.6,7.4,6.0,0.0,1.0,1,1
STU-004770,2026,computer_science,6.19,48.8,69.3,69.2,2.7,2.0,2.0,2.0,0,0
STU-004771,2026,civil,7.13,69.4,51.7,75.6,9.8,2.0,1.0,1.0,0,0
STU-004772,2025,civil,6.59,76.6,58.6,68.9,7.4,4.0,1.0,2.0,3,1
STU-004773,2024,civil,4.93,71.4,46.5,54.2,11.6,3.0,1.0,3.0,0,0
STU-004774,2026,computer_science,5.26,69.9,44.4,77.2,22.2,2.0,1.0,6.0,0,0
STU-004775,2024,information_technology,7.59,35.3,62.9,59.1,6.5,3.0,0.0,0.0,1,0
STU-004776,2024,mechanical,7.62,65.2,66.2,62.8,4.3,3.0,2.0,3.0,0,0
STU-004777,2026,electronics,5.9,65.5,,52.7,4.2,2.0,1.0,1.0,1,0
STU-004778,2024,information_technology,8.89,77.4,59.4,58.6,22.9,3.0,3.0,2.0,0,1
STU-004779,2025,information_technology,5.82,63.4,31.8,,2.0,5.0,1.0,3.0,0,0
STU-004780,2026,computer_science,7.4,82.1,46.3,42.7,11.8,1.0,0.0,1.0,2,0
STU-004781,2025,electronics,6.62,29.8,48.3,70.9,8.7,1.0,0.0,2.0,0,0
STU-004782,2027,mechanical,7.22,66.8,56.2,64.3,14.5,1.0,2.0,1.0,1,0
STU-004783,2027,computer_science,8.13,67.5,30.0,73.1,11.6,2.0,0.0,1.0,0,0
STU-004784,2026,computer_science,,73.5,69.4,52.1,10.2,2.0,0.0,3.0,1,1
STU-004785,2027,information_technology,7.91,83.0,64.1,71.9,18.8,1.0,0.0,6.0,0,0
STU-004786,2027,electronics,7.77,46.2,48.2,40.0,12.6,3.0,0.0,2.0,0,0
STU-004787,2025,,5.64,77.9,34.0,69.6,9.9,1.0,0.0,2.0,0,0
STU-004788,2027,computer_science,8.4,73.0,48.9,71.5,15.3,3.0,0.0,1.0,0,1
STU-004789,2024,electronics,5.88,53.0,28.0,47.5,9.2,5.0,1.0,1.0,0,0
STU-004790,2026,computer_science,6.98,44.3,49.1,77.6,10.3,3.0,0.0,1.0,1,1
STU-004791,2026,electronics,6.7,60.3,50.7,83.8,2.8,4.0,0.0,1.0,1,0
STU-004792,2024,information_technology,7.5,63.3,72.6,54.0,25.9,,0.0,2.0,2,1
STU-004793,2025,information_technology,6.54,62.2,61.2,82.3,14.1,0.0,2.0,0.0,2,0
STU-004794,2027,electronics,6.92,48.4,75.9,38.2,14.0,3.0,0.0,2.0,0,1
STU-004795,2025,electronics,8.96,71.1,64.8,60.1,11.4,1.0,1.0,2.0,0,1
STU-004796,2025,electronics,5.61,49.1,34.0,25.4,28.7,3.0,1.0,3.0,0,1
STU-004797,2025,information_technology,7.1,76.4,,75.0,17.2,2.0,1.0,2.0,0,1
STU-004798,2026,information_technology,5.82,81.3,44.9,40.6,1.5,2.0,1.0,2.0,0,0
STU-004799,2027,information_technology,7.88,47.6,32.2,34.7,11.2,3.0,1.0,1.0,1,1
STU-004800,2027,information_technology,6.26,57.4,55.8,65.7,15.5,4.0,1.0,1.0,1,0
STU-004801,2026,information_technology,,,28.5,76.5,29.4,3.0,0.0,2.0,1,1
STU-004802,2025,information_technology,5.58,59.3,47.9,56.3,6.2,1.0,3.0,4.0,0,0
STU-004803,2024,computer_science,8.59,40.9,53.3,63.9,7.3,3.0,0.0,0.0,0,0
STU-004804,2026,electronics,7.18,71.3,64.6,86.7,11.8,3.0,0.0,1.0,1,0
STU-004805,2027,computer_science,7.26,49.4,72.2,48.7,9.7,1.0,1.0,2.0,0,1
STU-004806,2027,civil,8.05,63.1,53.7,48.3,5.6,2.0,1.0,1.0,0,1
STU-004807,2025,electronics,5.66,40.4,42.9,77.2,4.0,0.0,1.0,0.0,0,0
STU-004808,2026,computer_science,6.39,68.7,65.5,65.1,16.0,4.0,0.0,2.0,0,1
STU-004809,2026,electronics,7.3,52.3,,81.9,6.5,0.0,1.0,1.0,1,0
STU-004810,2026,information_technology,5.07,67.7,48.4,43.9,15.5,3.0,1.0,3.0,0,0
STU-004811,2026,civil,5.2,51.2,57.0,37.0,8.4,3.0,0.0,0.0,1,0
STU-004812,2026,civil,6.16,49.1,38.2,41.9,7.2,3.0,2.0,2.0,2,0
STU-004813,2026,mechanical,5.79,61.8,45.0,71.9,15.9,1.0,2.0,3.0,0,0
STU-004814,2027,electronics,6.7,41.3,55.5,78.8,4.1,1.0,1.0,2.0,0,0
STU-004815,2026,civil,7.7,86.4,80.4,77.0,6.2,1.0,3.0,0.0,0,0
STU-004816,2024,electronics,7.96,62.7,38.3,69.8,11.3,1.0,1.0,2.0,1,1
STU-004817,2025,mechanical,9.18,53.9,61.2,79.5,11.3,2.0,1.0,5.0,1,0
STU-004818,2026,computer_science,7.07,52.2,78.3,53.5,15.7,5.0,2.0,1.0,0,0
STU-004819,2026,civil,7.28,58.8,72.6,34.2,13.6,0.0,1.0,0.0,1,0
STU-004820,2026,electronics,7.07,73.1,50.6,39.4,14.7,3.0,0.0,1.0,0,0
STU-004821,2026,computer_science,7.47,45.5,55.7,41.7,11.3,2.0,1.0,3.0,1,0
STU-004822,2025,civil,7.56,53.6,65.0,34.9,6.2,0.0,1.0,3.0,0,0
STU-004823,2026,electronics,8.16,59.6,67.8,43.0,11.3,0.0,0.0,1.0,0,0
STU-004824,2026,civil,8.16,,83.1,49.0,11.0,1.0,1.0,3.0,0,1
STU-004825,2025,computer_science,7.7,74.4,77.0,70.5,7.4,3.0,0.0,4.0,3,0
STU-004826,2025,information_technology,8.84,85.5,38.8,66.1,20.5,4.0,0.0,0.0,0,0
STU-004827,2024,electronics,7.13,58.7,28.4,83.1,12.7,0.0,0.0,3.0,1,0
STU-004828,2025,computer_science,6.4,78.3,43.3,44.6,2.6,1.0,0.0,3.0,0,0
STU-004829,2027,mechanical,6.58,76.2,21.8,67.2,1.1,2.0,0.0,5.0,0,0
STU-004830,2027,electronics,6.98,68.4,77.2,80.4,26.2,1.0,0.0,6.0,0,1
STU-004831,2026,computer_science,5.85,67.4,25.0,54.8,39.2,0.0,0.0,3.0,0,0
STU-004832,2025,electronics,6.39,47.9,47.5,55.8,3.7,4.0,1.0,3.0,2,0
STU-004833,2026,computer_science,5.79,,35.3,81.3,6.4,2.0,0.0,3.0,0,0
STU-004834,2027,mechanical,7.5,55.3,30.0,57.0,4.3,4.0,1.0,3.0,1,0
STU-004835,2025,,7.51,67.4,77.1,82.1,15.8,5.0,2.0,2.0,1,1
STU-004836,2027,information_technology,5.07,64.3,37.5,41.3,1.5,5.0,1.0,1.0,0,0
STU-004837,2024,information_technology,6.35,36.1,84.8,84.7,,1.0,2.0,1.0,1,1
STU-004838,2024,information_technology,9.2,61.6,87.7,79.6,5.4,2.0,0.0,3.0,0,0
STU-004839,2024,information_technology,7.82,62.7,58.2,,15.7,0.0,0.0,2.0,3,0
STU-004840,2024,mechanical,7.62,57.5,21.9,57.7,3.1,2.0,1.0,1.0,1,0
STU-004841,2027,computer_science,6.34,56.1,46.6,44.6,17.6,2.0,0.0,1.0,0,1
STU-004842,2026,information_technology,7.43,81.3,95.6,55.1,1.2,2.0,0.0,2.0,1,0
STU-004843,2025,computer_science,7.08,45.8,62.6,40.1,4.6,0.0,0.0,1.0,0,1
STU-004844,2026,electronics,6.18,37.3,48.9,37.1,2.8,4.0,0.0,0.0,2,0
STU-004845,2025,mechanical,6.53,48.3,42.7,44.4,14.7,2.0,0.0,2.0,0,0
STU-004846,2025,computer_science,6.56,68.3,68.3,76.5,7.1,1.0,1.0,0.0,0,0
STU-004847,2024,computer_science,5.39,67.4,54.8,36.0,13.7,2.0,2.0,2.0,1,0
STU-004848,2026,computer_science,5.58,64.2,54.1,81.2,5.0,2.0,3.0,2.0,0,1
STU-004849,2024,computer_science,6.87,71.4,73.8,74.8,5.0,1.0,0.0,1.0,2,0
STU-004850,2027,information_technology,6.12,60.1,69.9,80.4,5.6,1.0,0.0,2.0,0,0
STU-004851,2025,mechanical,6.75,49.7,61.4,66.8,17.4,5.0,0.0,1.0,0,0
STU-004852,2027,information_technology,5.25,40.3,21.0,85.1,8.1,1.0,0.0,0.0,0,0
STU-004853,2027,computer_science,8.02,41.1,42.4,41.9,17.6,1.0,2.0,5.0,0,0
STU-004854,2024,electronics,9.49,59.6,54.5,81.2,17.5,3.0,0.0,2.0,0,0
STU-004855,2024,mechanical,8.28,72.4,59.5,100.0,27.6,3.0,1.0,2.0,1,0
STU-004856,2027,information_technology,8.4,64.4,86.1,58.3,3.7,2.0,0.0,1.0,2,0
STU-004857,2026,computer_science,7.82,60.0,93.2,61.2,20.1,2.0,0.0,2.0,0,1
STU-004858,2026,mechanical,7.41,43.0,63.3,49.1,15.4,3.0,,1.0,0,0
STU-004859,2024,computer_science,7.2,97.1,65.2,62.9,7.2,4.0,1.0,2.0,0,1
STU-004860,2025,mechanical,6.05,43.7,25.5,64.6,12.4,1.0,1.0,,0,0
STU-004861,2026,mechanical,7.89,61.6,51.4,28.9,6.0,2.0,1.0,3.0,0,0
STU-004862,2027,mechanical,7.83,74.7,48.9,70.6,3.6,3.0,0.0,2.0,1,0
STU-004863,2025,computer_science,6.57,57.8,42.4,77.5,24.1,3.0,1.0,2.0,0,1
STU-004864,2027,,,47.3,67.7,49.7,3.3,1.0,0.0,1.0,0,0
STU-004865,2026,,6.3,68.7,44.5,56.1,4.2,1.0,0.0,1.0,0,0
STU-004866,2024,information_technology,6.38,36.7,20.3,73.9,10.3,0.0,1.0,2.0,0,0
STU-004867,2025,information_technology,7.99,86.1,73.3,49.0,14.4,1.0,1.0,1.0,0,0
STU-004868,2025,electronics,,63.4,77.8,72.4,18.2,5.0,0.0,1.0,2,0
STU-004869,2026,computer_science,6.83,53.9,59.2,66.0,1.1,0.0,0.0,2.0,0,0
STU-004870,2026,electronics,6.7,36.2,50.9,94.7,8.4,1.0,1.0,3.0,0,1
STU-004871,2026,civil,7.3,41.3,40.9,60.2,8.2,1.0,1.0,1.0,0,0
STU-004872,2025,electronics,4.99,53.2,32.7,54.5,13.4,2.0,2.0,1.0,2,0
STU-004873,2026,information_technology,6.23,84.8,70.1,65.5,1.7,4.0,0.0,2.0,0,0
STU-004874,2026,civil,5.65,58.8,36.9,63.6,18.0,4.0,0.0,4.0,0,1
STU-004875,2026,electronics,7.11,63.4,89.7,84.8,4.0,0.0,0.0,,0,0
STU-004876,2026,computer_science,8.35,66.5,76.6,84.1,10.8,1.0,0.0,4.0,0,0
STU-004877,2025,electronics,7.65,94.8,63.4,51.8,13.7,4.0,2.0,2.0,1,0
STU-004878,2026,computer_science,6.51,50.4,99.2,59.3,3.9,1.0,0.0,5.0,1,1
STU-004879,2025,computer_science,6.29,80.1,73.8,52.3,12.4,2.0,2.0,4.0,0,1
STU-004880,2025,electronics,6.23,50.5,44.6,49.8,15.1,3.0,1.0,0.0,0,0
STU-004881,2024,computer_science,,52.2,47.2,16.3,5.1,3.0,0.0,3.0,0,0
STU-004882,2026,computer_science,7.18,57.2,48.5,85.6,6.6,2.0,1.0,2.0,1,1
STU-004883,2026,electronics,7.33,57.4,54.6,52.6,5.6,3.0,2.0,1.0,0,1
STU-004884,2025,computer_science,4.67,61.8,32.8,55.8,13.0,,0.0,4.0,0,0
STU-004885,2027,information_technology,5.74,20.6,30.9,100.0,13.1,3.0,0.0,1.0,1,0
STU-004886,2027,computer_science,7.05,60.3,59.2,53.0,21.9,2.0,1.0,,2,1
STU-004887,2024,electronics,6.53,48.1,68.2,59.4,13.1,3.0,2.0,2.0,0,0
STU-004888,2026,mechanical,7.25,47.6,87.6,65.7,15.9,2.0,2.0,1.0,1,0
STU-004889,2025,computer_science,,39.0,57.3,66.7,11.4,4.0,0.0,2.0,1,1
STU-004890,2027,mechanical,7.79,54.1,68.4,53.3,2.5,1.0,0.0,3.0,0,0
STU-004891,2025,computer_science,4.95,46.2,15.3,77.7,20.7,2.0,1.0,,0,0
STU-004892,2025,computer_science,5.83,49.3,64.9,64.2,6.1,2.0,4.0,6.0,0,0
STU-004893,2026,information_technology,6.99,33.4,37.8,63.6,17.3,1.0,0.0,1.0,0,1
STU-004894,2025,computer_science,6.36,58.2,57.6,52.6,6.5,2.0,0.0,4.0,0,0
STU-004895,2026,computer_science,6.74,45.6,53.2,60.2,13.2,2.0,0.0,3.0,0,0
STU-004896,2026,mechanical,7.23,33.9,51.8,75.6,26.2,3.0,1.0,0.0,1,0
STU-004897,2025,mechanical,6.24,48.3,26.8,75.7,16.0,1.0,0.0,2.0,0,0
STU-004898,2026,civil,7.32,47.0,43.4,56.0,12.6,4.0,0.0,1.0,0,0
STU-004899,2027,civil,7.73,60.1,41.7,51.2,6.7,4.0,0.0,1.0,1,0
STU-004900,2027,information_technology,7.17,49.9,45.6,74.3,5.9,2.0,1.0,2.0,1,1
STU-004901,2026,computer_science,7.93,38.1,78.8,66.2,,4.0,0.0,4.0,0,1
STU-004902,2025,computer_science,4.6,39.9,39.4,74.3,2.1,1.0,,1.0,1,0
STU-004903,2024,information_technology,6.43,31.0,41.3,48.4,12.6,3.0,0.0,3.0,1,0
STU-004904,2027,mechanical,8.13,77.3,70.5,61.7,13.5,3.0,1.0,2.0,0,0
STU-004905,2026,computer_science,6.11,75.7,57.0,74.3,16.7,4.0,1.0,3.0,0,1
STU-004906,2026,computer_science,5.95,,,52.0,14.5,3.0,1.0,2.0,0,0
STU-004907,2027,information_technology,6.95,49.1,72.0,88.4,3.6,2.0,1.0,2.0,0,0
STU-004908,2024,mechanical,7.08,77.6,21.5,84.8,12.1,4.0,0.0,0.0,1,0
STU-004909,2026,information_technology,6.49,63.1,66.6,59.1,35.9,3.0,1.0,1.0,1,1
STU-004910,2025,electronics,,50.1,75.5,59.2,22.1,2.0,0.0,7.0,0,1
STU-004911,2024,information_technology,7.43,49.4,84.9,66.5,14.2,0.0,0.0,3.0,0,0
STU-004912,2026,information_technology,6.06,53.5,47.9,64.4,13.4,2.0,0.0,5.0,0,1
STU-004913,2025,information_technology,5.44,56.4,67.4,79.0,8.3,2.0,0.0,3.0,0,0
STU-004914,2027,mechanical,7.57,64.6,51.2,49.7,6.4,4.0,0.0,3.0,1,0
STU-004915,2025,electronics,6.03,56.0,56.1,49.8,18.2,1.0,1.0,1.0,1,0
STU-004916,2027,information_technology,9.58,57.9,47.4,65.8,7.8,2.0,0.0,4.0,0,0
STU-004917,2027,computer_science,7.59,79.5,34.0,68.9,14.5,2.0,0.0,1.0,0,0
STU-004918,2026,computer_science,7.74,57.8,72.8,61.5,5.9,2.0,0.0,1.0,0,0
STU-004919,2027,computer_science,7.39,,56.6,74.5,21.8,3.0,0.0,0.0,0,1
STU-004920,2025,computer_science,,57.5,38.8,81.1,13.0,0.0,0.0,1.0,0,0
STU-004921,2025,computer_science,4.35,51.0,58.2,72.5,11.8,2.0,0.0,5.0,0,0
STU-004922,2024,electronics,5.72,35.0,3.4,67.2,8.3,1.0,1.0,2.0,1,0
STU-004923,2025,mechanical,8.29,45.5,46.4,59.0,,1.0,3.0,1.0,1,1
STU-004924,2027,electronics,8.83,98.3,34.1,63.1,0.4,1.0,1.0,2.0,0,0
STU-004925,2026,electronics,5.68,30.6,70.1,42.9,16.6,3.0,1.0,1.0,1,1
STU-004926,2025,civil,5.01,58.1,39.7,45.3,13.4,3.0,1.0,4.0,1,0
STU-004927,2025,civil,7.29,63.7,57.5,79.6,10.5,0.0,1.0,,1,0
STU-004928,2026,computer_science,7.66,74.5,62.8,86.6,3.1,1.0,0.0,2.0,0,0
STU-004929,2026,computer_science,7.27,,69.8,42.9,13.8,3.0,1.0,1.0,0,0
STU-004930,2025,computer_science,7.03,86.4,66.9,69.7,7.4,2.0,0.0,3.0,0,0
STU-004931,2027,mechanical,4.97,57.5,60.5,40.7,12.5,2.0,1.0,3.0,1,0
STU-004932,2026,computer_science,6.67,77.6,49.2,85.1,2.4,1.0,0.0,4.0,0,0
STU-004933,2027,information_technology,6.84,73.3,68.9,61.8,2.3,2.0,1.0,,0,0
STU-004934,2025,information_technology,6.47,80.1,41.7,97.3,30.7,1.0,0.0,2.0,0,1
STU-004935,2026,electronics,4.89,54.2,39.7,53.1,12.3,3.0,1.0,4.0,0,0
STU-004936,2024,electronics,7.77,65.5,32.0,54.9,25.1,1.0,2.0,5.0,0,0
STU-004937,2025,mechanical,8.1,54.7,87.9,67.6,,5.0,1.0,3.0,1,0
STU-004938,2027,electronics,6.19,58.8,,74.7,11.9,1.0,0.0,3.0,1,0
STU-004939,2026,mechanical,6.89,61.0,78.5,73.4,19.5,3.0,0.0,5.0,0,1
STU-004940,2025,computer_science,6.53,,62.2,75.6,11.1,0.0,0.0,,1,0
STU-004941,2027,mechanical,6.54,54.9,56.5,58.8,11.0,3.0,0.0,1.0,0,0
STU-004942,2024,electronics,7.67,72.7,63.9,75.8,10.3,3.0,0.0,2.0,0,0
STU-004943,2026,computer_science,7.69,39.1,39.7,93.1,2.4,2.0,0.0,0.0,0,0
STU-004944,2027,civil,8.34,45.9,87.6,73.2,23.3,0.0,0.0,2.0,1,0
STU-004945,2026,civil,8.31,78.0,54.1,50.5,16.3,3.0,0.0,2.0,2,1
STU-004946,2027,mechanical,6.9,78.0,71.8,68.0,4.6,4.0,,2.0,0,0
STU-004947,2026,civil,10.0,54.7,57.8,34.6,7.1,4.0,0.0,3.0,1,1
STU-004948,2027,information_technology,8.88,64.4,38.2,71.8,5.3,2.0,0.0,3.0,0,1
STU-004949,2026,computer_science,6.34,55.5,86.1,38.7,25.1,3.0,2.0,3.0,0,1
STU-004950,2026,computer_science,7.25,76.1,45.7,72.1,38.8,,0.0,,2,0
STU-004951,2025,mechanical,4.82,45.6,54.1,61.4,3.6,2.0,0.0,4.0,0,0
STU-004952,2027,mechanical,7.13,52.6,4.1,76.1,1.8,1.0,0.0,1.0,0,0
STU-004953,2025,civil,9.02,82.2,61.9,62.7,6.8,2.0,0.0,5.0,0,1
STU-004954,2027,mechanical,10.0,49.0,77.3,81.8,7.5,2.0,1.0,2.0,0,0
STU-004955,2025,electronics,6.96,50.5,57.3,70.0,1.9,0.0,0.0,2.0,0,0
STU-004956,2025,computer_science,7.49,61.0,55.3,77.4,8.5,2.0,0.0,5.0,0,1
STU-004957,2027,computer_science,7.8,82.4,54.6,56.6,12.2,,0.0,,1,0
STU-004958,2025,information_technology,9.38,44.9,79.3,55.9,0.8,4.0,0.0,2.0,1,0
STU-004959,2025,mechanical,5.97,45.3,28.9,42.5,17.8,1.0,1.0,0.0,0,0
STU-004960,2026,,10.0,,63.0,46.1,3.1,0.0,1.0,3.0,0,0
STU-004961,2024,civil,6.74,68.7,78.3,63.4,1.2,0.0,0.0,0.0,0,0
STU-004962,2024,electronics,5.75,58.7,24.8,62.9,22.1,,0.0,2.0,0,0
STU-004963,2026,,6.74,55.7,52.1,67.6,9.0,4.0,0.0,1.0,1,0
STU-004964,2025,mechanical,6.17,58.3,32.9,52.4,18.5,0.0,0.0,5.0,2,0
STU-004965,2025,electronics,7.58,36.6,62.4,64.4,17.1,2.0,2.0,1.0,0,0
STU-004966,2024,electronics,5.2,55.9,48.4,80.9,3.2,2.0,1.0,2.0,1,0
STU-004967,2025,information_technology,7.26,80.8,40.0,68.1,4.3,1.0,0.0,6.0,0,0
STU-004968,2025,information_technology,7.86,39.9,58.9,62.6,4.3,0.0,0.0,0.0,2,0
STU-004969,2024,computer_science,8.81,49.8,63.3,66.0,14.7,1.0,1.0,1.0,1,0
STU-004970,2026,information_technology,7.88,53.8,48.2,79.4,3.7,1.0,1.0,0.0,0,0
STU-004971,2026,mechanical,8.73,56.5,54.9,64.4,4.7,,0.0,1.0,0,0
STU-004972,2024,civil,6.4,84.4,41.6,54.7,0.4,2.0,0.0,5.0,0,1
STU-004973,2025,mechanical,7.55,45.1,18.4,54.9,1.4,2.0,0.0,2.0,0,0
STU-004974,2027,computer_science,4.54,36.1,60.9,54.4,11.6,2.0,0.0,5.0,1,0
STU-004975,2026,civil,6.97,69.5,75.2,54.0,4.6,1.0,2.0,2.0,0,0
STU-004976,2025,computer_science,7.54,49.4,27.4,73.1,10.8,1.0,2.0,3.0,0,1
STU-004977,2026,computer_science,,71.1,78.1,85.8,13.8,2.0,0.0,1.0,2,0
STU-004978,2025,electronics,5.29,51.6,55.0,,5.6,2.0,0.0,3.0,0,0
STU-004979,2027,civil,6.65,64.2,34.9,49.4,6.3,2.0,1.0,2.0,0,0
STU-004980,2027,civil,6.81,34.1,50.7,44.2,16.7,3.0,0.0,1.0,1,1
STU-004981,2027,mechanical,6.61,64.0,41.4,86.2,1.1,4.0,1.0,3.0,0,0
STU-004982,2025,computer_science,7.93,63.1,74.4,75.5,12.1,3.0,0.0,2.0,0,0
STU-004983,2025,computer_science,6.85,53.9,38.8,52.5,,2.0,2.0,4.0,0,0
STU-004984,2024,computer_science,7.21,39.9,91.9,64.0,12.5,1.0,0.0,5.0,2,0
STU-004985,2025,electronics,6.54,60.3,72.8,81.6,1.3,0.0,0.0,2.0,1,0
STU-004986,2025,information_technology,8.32,71.5,39.5,61.1,,0.0,0.0,3.0,0,1
STU-004987,2026,computer_science,8.41,52.9,88.5,74.1,14.0,6.0,2.0,1.0,0,1
STU-004988,2025,information_technology,6.75,49.8,66.4,59.8,18.8,2.0,1.0,2.0,1,1
STU-004989,2027,electronics,10.0,75.9,64.4,,21.2,4.0,0.0,1.0,0,1
STU-004990,2024,electronics,6.22,82.1,63.4,24.9,29.4,1.0,0.0,1.0,0,0
STU-004991,2024,information_technology,8.26,74.6,75.8,56.3,,1.0,0.0,1.0,1,1
STU-004992,2027,computer_science,6.01,59.5,38.1,54.5,13.7,0.0,,3.0,0,0
STU-004993,2026,electronics,7.99,56.3,73.2,69.3,1.1,1.0,1.0,0.0,1,0
STU-004994,2025,electronics,7.9,59.4,51.2,65.5,6.7,3.0,1.0,0.0,1,0
STU-004995,2026,,5.94,36.0,64.6,64.8,,0.0,0.0,3.0,0,0
STU-004996,2025,computer_science,6.95,,,75.3,,1.0,1.0,4.0,1,0
STU-004997,2024,civil,9.25,79.3,46.9,29.3,1.8,3.0,1.0,,1,1
STU-004998,2026,electronics,6.16,56.9,62.4,61.3,22.4,5.0,1.0,2.0,1,0
STU-004999,2025,computer_science,7.56,49.7,50.8,45.6,8.0,3.0,0.0,1.0,0,0
STU-005000,2026,electronics,7.49,48.2,59.6,44.5,40.0,2.0,0.0,4.0,3,0
STU-005001,2025,electronics,7.05,57.6,62.2,57.9,6.2,3.0,0.0,2.0,0,0
STU-005002,2026,,5.11,35.7,72.4,62.3,5.3,,0.0,0.0,0,0
STU-005003,2027,computer_science,8.05,46.5,51.8,69.0,2.5,3.0,1.0,3.0,0,1
STU-005004,2024,civil,7.11,81.2,41.0,68.1,17.4,4.0,0.0,3.0,1,0
STU-005005,2024,information_technology,8.37,45.2,88.5,50.4,9.7,3.0,0.0,2.0,0,0
STU-005006,2026,computer_science,7.37,46.7,56.5,59.2,10.1,3.0,0.0,2.0,0,0
STU-005007,2027,mechanical,7.17,62.7,46.4,82.1,33.1,3.0,2.0,1.0,0,0
STU-005008,2026,,7.53,52.4,63.3,84.6,7.5,1.0,0.0,1.0,0,0
STU-005009,2026,electronics,5.96,57.3,45.0,57.7,18.0,3.0,1.0,2.0,0,0
STU-005010,2025,computer_science,8.89,74.7,58.0,63.3,11.7,2.0,0.0,1.0,1,1
STU-005011,2025,computer_science,6.67,34.1,97.4,49.5,3.8,1.0,0.0,1.0,0,0
STU-005012,2026,computer_science,6.68,68.7,36.9,76.4,6.8,3.0,1.0,1.0,0,1
STU-005013,2025,civil,8.59,,36.9,94.4,29.7,3.0,1.0,1.0,2,0
STU-005014,2027,electronics,7.38,54.5,77.4,54.5,12.5,0.0,0.0,1.0,0,1
STU-005015,2025,mechanical,6.83,86.5,47.9,78.5,9.4,2.0,0.0,1.0,1,0
STU-005016,2025,computer_science,7.58,,62.7,72.3,24.4,,0.0,0.0,2,1
STU-005017,2026,,7.82,,69.1,59.7,17.7,2.0,0.0,6.0,3,0
STU-005018,2026,information_technology,6.96,74.8,25.1,52.3,12.5,4.0,2.0,2.0,0,0
STU-005019,2026,electronics,8.16,50.1,79.0,96.7,10.5,2.0,1.0,1.0,1,0
STU-005020,2026,information_technology,5.64,45.3,40.0,72.7,16.5,5.0,0.0,2.0,0,0
STU-005021,2027,electronics,7.4,53.3,88.9,75.4,3.9,3.0,1.0,0.0,1,0
STU-005022,2027,computer_science,8.02,49.7,45.5,59.0,14.9,1.0,0.0,0.0,1,0
STU-005023,2027,computer_science,7.82,60.6,84.9,62.9,11.7,0.0,2.0,2.0,0,1
STU-005024,2026,mechanical,4.52,66.4,74.8,,21.3,7.0,2.0,0.0,0,1
STU-005025,2026,,6.95,52.5,46.5,72.7,7.4,0.0,1.0,2.0,1,0
STU-005026,2026,computer_science,5.7,69.3,,56.8,9.8,1.0,0.0,3.0,0,0
STU-005027,2026,civil,8.58,82.2,56.0,47.6,8.4,3.0,2.0,0.0,0,0
STU-005028,2025,computer_science,6.65,63.8,79.4,50.0,4.3,3.0,1.0,3.0,0,1
STU-005029,2026,electronics,8.45,68.8,63.9,95.7,5.7,0.0,1.0,3.0,0,1
STU-005030,2024,mechanical,5.7,46.5,58.9,57.8,7.9,2.0,0.0,2.0,1,0
STU-005031,2024,electronics,7.55,19.8,54.8,67.2,3.7,3.0,2.0,2.0,1,1
STU-005032,2027,computer_science,7.11,67.0,63.5,45.3,8.0,6.0,1.0,2.0,1,0
STU-005033,2024,electronics,,75.9,76.1,59.4,8.3,3.0,2.0,2.0,0,1
STU-005034,2026,information_technology,8.45,64.5,50.7,42.8,2.4,2.0,0.0,,0,1
STU-005035,2026,information_technology,8.38,74.4,90.7,67.2,3.8,3.0,0.0,3.0,1,0
STU-005036,2025,electronics,9.43,54.6,61.3,49.3,36.1,1.0,,1.0,0,1
STU-005037,2027,civil,7.43,66.6,74.2,73.2,13.5,2.0,2.0,2.0,0,1
STU-005038,2025,computer_science,6.99,80.1,33.5,36.9,11.7,1.0,2.0,2.0,0,1
STU-005039,2027,computer_science,6.85,67.7,66.0,53.2,13.0,6.0,0.0,,0,0
STU-005040,2027,electronics,7.48,79.1,75.0,78.5,6.8,2.0,0.0,1.0,0,0
STU-005041,2025,information_technology,4.0,72.2,,83.5,17.4,0.0,0.0,1.0,1,0
STU-005042,2024,mechanical,7.1,39.9,73.7,62.1,21.6,3.0,0.0,1.0,0,0
STU-005043,2025,computer_science,7.36,69.5,44.4,56.6,10.8,3.0,0.0,0.0,4,0
STU-005044,2025,computer_science,6.92,48.4,62.7,63.6,14.5,1.0,1.0,3.0,2,1
STU-005045,2025,electronics,5.34,38.1,22.5,,4.4,4.0,0.0,,0,0
STU-005046,2027,civil,6.93,53.6,57.2,58.2,20.4,3.0,2.0,3.0,1,0
STU-005047,2025,computer_science,5.34,81.0,34.9,62.0,13.5,4.0,0.0,0.0,0,0
STU-005048,2027,mechanical,9.14,54.1,62.4,47.3,16.7,2.0,1.0,2.0,1,0
STU-005049,2024,information_technology,6.8,31.2,77.7,52.5,9.2,2.0,0.0,0.0,0,0
STU-005050,2027,computer_science,4.73,31.8,75.5,68.2,11.1,3.0,0.0,2.0,0,0
STU-005051,2025,information_technology,6.86,64.9,32.6,74.5,13.1,2.0,1.0,1.0,1,0
STU-005052,2026,computer_science,8.13,48.9,80.7,,18.4,2.0,0.0,1.0,0,1
STU-005053,2026,electronics,7.3,28.0,80.0,73.6,3.7,1.0,0.0,3.0,0,0
STU-005054,2024,computer_science,6.05,35.0,56.7,48.0,19.8,1.0,3.0,2.0,1,0
STU-005055,2027,information_technology,6.32,59.1,75.4,46.6,26.1,2.0,0.0,1.0,1,1
STU-005056,2025,computer_science,6.77,,47.0,73.1,8.9,0.0,4.0,0.0,0,1
STU-005057,2026,mechanical,6.59,50.5,44.6,55.3,9.9,1.0,2.0,5.0,0,0
STU-005058,2026,civil,5.65,65.0,40.9,45.6,22.3,4.0,1.0,0.0,2,0
STU-005059,2026,information_technology,7.02,71.8,67.2,64.8,36.1,2.0,0.0,4.0,1,1
STU-005060,2024,information_technology,5.57,,47.6,63.2,4.3,,0.0,5.0,1,0
STU-005061,2024,civil,8.19,58.6,47.6,59.3,11.1,4.0,1.0,2.0,2,0
STU-005062,2024,computer_science,8.33,51.7,49.0,84.2,2.7,0.0,0.0,4.0,1,0
STU-005063,2025,mechanical,5.95,64.0,50.8,88.2,4.2,1.0,1.0,3.0,0,0
STU-005064,2024,electronics,6.28,47.4,37.7,75.4,16.0,4.0,3.0,3.0,0,0
STU-005065,2027,mechanical,6.61,39.0,64.8,68.0,10.4,2.0,2.0,1.0,0,0
STU-005066,2026,computer_science,7.06,58.9,75.6,81.3,15.2,2.0,1.0,3.0,1,0
STU-005067,2026,computer_science,7.4,75.4,73.1,64.2,12.3,3.0,2.0,1.0,0,1
STU-005068,2025,computer_science,7.63,66.9,100.0,59.3,10.1,5.0,0.0,1.0,0,1
STU-005069,2025,computer_science,7.61,74.3,64.4,53.8,20.4,2.0,0.0,5.0,1,1
STU-005070,2026,computer_science,8.89,75.6,91.4,51.0,,4.0,0.0,5.0,1,1
STU-005071,2025,civil,7.17,59.0,58.8,75.0,9.2,4.0,0.0,2.0,0,0
STU-005072,2025,computer_science,5.6,46.2,44.7,41.0,4.5,4.0,0.0,2.0,2,1
STU-005073,2026,computer_science,5.25,41.5,50.0,53.7,13.5,0.0,1.0,5.0,1,0
STU-005074,2026,computer_science,8.98,38.2,65.8,57.0,4.0,2.0,0.0,0.0,1,0
STU-005075,2027,information_technology,7.69,77.2,55.6,42.3,2.2,,0.0,1.0,1,0
STU-005076,2025,information_technology,7.34,53.7,37.9,56.5,5.1,5.0,0.0,1.0,1,0
STU-005077,2026,computer_science,7.62,33.7,40.8,63.3,4.9,2.0,1.0,5.0,0,1
STU-005078,2024,mechanical,7.28,77.1,75.4,,16.1,1.0,0.0,0.0,1,0
STU-005079,2025,mechanical,7.6,60.6,71.6,54.9,27.6,2.0,0.0,2.0,1,1
STU-005080,2026,computer_science,6.67,71.9,83.9,63.4,23.6,5.0,0.0,3.0,0,1
STU-005081,2024,mechanical,8.31,56.7,53.6,41.1,7.3,4.0,0.0,3.0,0,0
STU-005082,2026,information_technology,6.5,45.1,44.7,45.0,11.0,3.0,1.0,1.0,1,0
STU-005083,2025,information_technology,6.06,62.8,31.7,35.3,,2.0,2.0,1.0,1,1
STU-005084,2024,civil,5.16,62.2,65.6,75.7,20.6,0.0,0.0,0.0,2,0
STU-005085,2027,mechanical,6.83,53.5,39.1,57.4,13.3,1.0,0.0,1.0,0,1
STU-005086,2025,information_technology,8.56,80.8,,65.1,17.3,0.0,0.0,1.0,0,0
STU-005087,2027,information_technology,6.57,71.3,58.6,69.3,5.1,2.0,0.0,2.0,1,1
STU-005088,2025,computer_science,5.51,63.5,22.5,73.3,40.0,2.0,1.0,1.0,0,1
STU-005089,2027,,7.43,,69.9,90.1,2.8,4.0,0.0,3.0,0,0
STU-005090,2025,electronics,6.35,37.9,69.6,,4.1,2.0,0.0,1.0,1,0
STU-005091,2025,computer_science,8.88,79.7,67.2,52.0,,1.0,1.0,,0,1
STU-005092,2027,civil,8.34,27.8,,71.8,2.7,1.0,2.0,7.0,0,0
STU-005093,2025,electronics,5.64,53.9,49.0,95.1,27.7,3.0,1.0,2.0,1,1
STU-005094,2025,computer_science,6.9,60.0,78.4,54.5,23.1,0.0,2.0,2.0,0,1
STU-005095,2027,mechanical,6.23,49.1,52.8,50.9,15.7,1.0,1.0,0.0,0,1
STU-005096,2026,electronics,5.77,55.0,49.7,26.2,5.6,5.0,2.0,2.0,0,0
STU-005097,2026,computer_science,7.04,64.4,43.5,33.1,17.3,2.0,0.0,2.0,0,0
STU-005098,2026,information_technology,8.04,51.3,11.6,81.9,9.0,0.0,0.0,0.0,0,0
STU-005099,2027,mechanical,7.01,,73.7,59.6,4.8,2.0,0.0,1.0,1,0
STU-005100,2027,civil,6.51,65.7,53.0,46.1,9.2,1.0,0.0,3.0,1,0
STU-005101,2026,computer_science,4.56,50.4,30.4,62.0,9.0,8.0,0.0,2.0,0,1
STU-005102,2025,electronics,6.33,44.3,88.2,98.4,9.7,3.0,2.0,1.0,0,1
STU-005103,2024,mechanical,7.73,58.1,65.4,62.1,15.1,2.0,0.0,0.0,1,1
STU-005104,2026,civil,5.56,86.8,45.7,88.8,7.0,1.0,0.0,3.0,0,1
STU-005105,2027,computer_science,8.57,49.8,78.6,48.9,8.1,2.0,0.0,1.0,1,0
STU-005106,2026,information_technology,6.43,79.8,59.0,82.4,9.7,2.0,0.0,4.0,1,1
STU-005107,2024,mechanical,7.32,32.3,62.2,54.1,21.8,1.0,1.0,1.0,2,0
STU-005108,2025,computer_science,6.64,44.4,43.2,51.2,30.6,3.0,1.0,3.0,1,0
STU-005109,2026,information_technology,5.75,47.4,61.8,48.8,4.7,2.0,2.0,1.0,1,0
STU-005110,2027,electronics,7.61,73.4,73.4,57.5,8.4,4.0,1.0,1.0,2,0
STU-005111,2024,information_technology,6.41,57.7,42.4,75.7,12.6,2.0,0.0,2.0,0,0
STU-005112,2026,electronics,6.14,75.9,19.4,55.3,2.8,1.0,3.0,1.0,1,0
STU-005113,2027,computer_science,4.37,47.7,60.6,77.0,8.7,0.0,1.0,1.0,1,0
STU-005114,2027,mechanical,8.6,60.4,72.1,52.0,16.4,4.0,1.0,0.0,1,1
STU-005115,2024,computer_science,7.11,53.3,69.7,60.9,11.6,,0.0,1.0,0,0
STU-005116,2027,mechanical,8.37,91.1,,54.6,4.2,4.0,0.0,2.0,0,1
STU-005117,2026,information_technology,7.81,42.8,74.6,87.4,40.0,1.0,2.0,2.0,0,1
STU-005118,2027,computer_science,8.37,53.1,49.4,69.2,17.4,1.0,0.0,0.0,0,0
STU-005119,2024,civil,6.45,42.2,49.6,66.0,15.9,5.0,0.0,1.0,0,0
STU-005120,2026,mechanical,5.52,63.6,31.3,58.1,6.6,6.0,0.0,2.0,0,0
STU-005121,2026,information_technology,7.98,42.8,78.6,53.8,25.1,1.0,1.0,3.0,0,1
STU-005122,2025,computer_science,7.25,85.8,55.2,47.9,11.7,4.0,0.0,2.0,2,0
STU-005123,2026,electronics,6.56,58.3,57.2,80.5,3.8,0.0,0.0,2.0,0,0
STU-005124,2026,civil,7.95,66.1,66.2,39.4,11.7,3.0,1.0,2.0,2,1
STU-005125,2026,computer_science,7.45,65.9,52.8,56.9,14.7,4.0,0.0,3.0,0,1
STU-005126,2024,civil,7.83,59.4,72.3,74.4,1.3,2.0,1.0,1.0,1,0
STU-005127,2026,computer_science,5.92,57.7,78.9,38.5,3.3,2.0,2.0,2.0,2,0
STU-005128,2025,electronics,8.22,61.7,76.6,64.5,13.4,2.0,1.0,2.0,0,0
STU-005129,2027,information_technology,7.09,66.0,26.1,49.8,7.1,4.0,0.0,2.0,0,0
STU-005130,2027,computer_science,8.35,48.4,62.3,62.4,23.5,5.0,0.0,2.0,1,0
STU-005131,2025,civil,8.21,,62.5,59.6,12.8,2.0,1.0,3.0,0,0
STU-005132,2024,computer_science,7.89,72.1,79.7,30.4,11.2,2.0,1.0,2.0,0,1
STU-005133,2025,civil,6.97,57.9,45.6,70.9,9.6,2.0,1.0,0.0,0,0
STU-005134,2026,computer_science,7.92,29.7,41.0,48.2,21.4,2.0,2.0,0.0,0,0
STU-005135,2027,computer_science,8.38,53.6,74.7,54.3,,3.0,0.0,1.0,1,0
STU-005136,2026,civil,7.8,82.5,57.9,62.7,14.3,1.0,0.0,0.0,1,0
STU-005137,2024,electronics,7.33,56.3,45.7,67.3,22.3,3.0,0.0,2.0,0,1
STU-005138,2024,computer_science,7.92,51.9,54.3,68.3,24.6,5.0,1.0,4.0,2,0
STU-005139,2025,electronics,6.5,34.6,29.0,73.1,3.8,0.0,1.0,0.0,0,0
STU-005140,2027,computer_science,8.84,53.2,65.3,27.5,40.0,3.0,1.0,1.0,2,0
STU-005141,2026,mechanical,5.17,36.9,42.5,68.8,1.8,2.0,0.0,1.0,1,0
STU-005142,2026,computer_science,7.14,64.7,64.6,62.2,11.7,1.0,1.0,1.0,0,1
STU-005143,2025,information_technology,6.63,58.0,50.0,54.3,3.9,2.0,2.0,1.0,0,0
STU-005144,2027,computer_science,6.36,51.3,53.1,65.7,16.8,3.0,0.0,1.0,1,0
STU-005145,2025,electronics,7.45,47.5,49.1,74.9,18.3,2.0,0.0,1.0,0,0
STU-005146,2027,civil,5.81,78.5,45.9,,3.9,1.0,0.0,0.0,0,0
STU-005147,2027,mechanical,9.57,52.6,46.1,81.6,20.9,2.0,2.0,2.0,0,1
STU-005148,2026,information_technology,5.55,44.6,66.7,78.0,0.4,2.0,0.0,5.0,0,0
STU-005149,2027,computer_science,6.01,52.4,50.3,67.2,17.1,3.0,0.0,1.0,0,0
STU-005150,2025,computer_science,5.9,54.2,16.8,44.9,2.4,5.0,2.0,1.0,0,0
STU-005151,2026,mechanical,7.33,65.9,29.4,92.2,23.8,1.0,0.0,2.0,4,0
STU-005152,2024,computer_science,8.27,74.5,77.7,66.0,8.7,1.0,2.0,1.0,0,1
STU-005153,2026,electronics,7.7,72.2,57.1,64.1,5.8,1.0,0.0,3.0,2,0
STU-005154,2025,information_technology,8.79,98.0,61.8,63.6,25.7,2.0,1.0,2.0,1,1
STU-005155,2024,civil,6.15,30.9,51.5,69.7,17.1,0.0,0.0,1.0,0,0
STU-005156,2024,information_technology,7.86,63.2,66.7,75.0,8.7,5.0,1.0,0.0,1,0
STU-005157,2025,information_technology,6.75,,80.0,61.6,11.4,1.0,2.0,2.0,1,0
STU-005158,2026,civil,7.36,88.9,64.0,44.6,27.0,6.0,2.0,1.0,0,1
STU-005159,2026,civil,8.37,63.4,65.7,76.5,8.6,4.0,0.0,2.0,0,0
STU-005160,2025,electronics,5.15,23.9,37.9,50.6,3.9,0.0,0.0,2.0,1,0
STU-005161,2027,mechanical,9.39,69.3,38.3,47.9,12.0,2.0,1.0,1.0,0,0
STU-005162,2027,electronics,6.93,61.9,62.8,61.1,7.5,1.0,1.0,3.0,0,1
STU-005163,2024,information_technology,5.25,65.9,57.4,55.6,14.6,3.0,0.0,2.0,1,0
STU-005164,2025,computer_science,6.3,45.8,70.9,67.3,14.1,1.0,1.0,6.0,1,1
STU-005165,2026,electronics,7.22,63.4,85.0,,10.6,2.0,0.0,3.0,1,1
STU-005166,2027,electronics,6.3,52.5,32.5,55.4,5.6,1.0,1.0,1.0,1,0
STU-005167,2025,computer_science,4.74,43.4,35.5,63.7,9.6,0.0,1.0,3.0,0,0
STU-005168,2027,computer_science,7.21,63.6,67.2,55.2,13.1,5.0,0.0,0.0,1,1
STU-005169,2024,electronics,6.27,58.8,52.1,72.7,6.4,1.0,0.0,2.0,0,0
STU-005170,2025,computer_science,7.85,75.4,82.9,68.9,8.6,5.0,1.0,2.0,2,1
STU-005171,2026,electronics,5.87,56.1,47.2,72.0,18.5,4.0,0.0,2.0,1,0
STU-005172,2026,electronics,9.7,72.5,99.8,58.0,,2.0,1.0,1.0,0,1
STU-005173,2027,information_technology,7.69,41.3,58.7,65.6,7.7,1.0,2.0,2.0,0,0
STU-005174,2024,computer_science,7.33,79.6,84.0,69.1,6.0,2.0,1.0,4.0,1,1
STU-005175,2024,information_technology,7.82,48.0,17.3,72.5,8.0,4.0,1.0,1.0,0,0
STU-005176,2024,information_technology,5.01,67.6,55.3,71.3,3.7,0.0,1.0,1.0,1,0
STU-005177,2025,electronics,6.53,61.0,53.5,60.3,10.9,1.0,1.0,1.0,0,0
STU-005178,2024,electronics,9.15,64.3,28.0,45.9,8.0,3.0,0.0,1.0,0,0
STU-005179,2026,mechanical,6.73,68.9,53.7,69.0,13.8,1.0,1.0,1.0,0,0
STU-005180,2026,computer_science,7.03,26.0,34.1,68.3,10.7,2.0,0.0,3.0,0,0
STU-005181,2026,electronics,6.56,48.5,44.4,46.6,8.4,1.0,0.0,1.0,0,0
STU-005182,2025,computer_science,8.78,72.8,67.3,73.9,19.0,3.0,1.0,0.0,1,1
STU-005183,2024,mechanical,6.82,86.5,52.2,64.2,,4.0,0.0,1.0,2,1
STU-005184,2026,computer_science,5.66,55.0,55.7,60.2,8.0,4.0,2.0,3.0,0,0
STU-005185,2024,information_technology,10.0,,69.7,65.0,17.0,3.0,3.0,2.0,0,1
STU-005186,2027,information_technology,5.52,50.3,89.1,75.0,9.2,2.0,1.0,1.0,0,0
STU-005187,2024,computer_science,6.99,57.1,59.4,83.8,5.8,3.0,0.0,0.0,1,0
STU-005188,2026,civil,6.13,72.9,53.4,61.2,13.8,4.0,0.0,2.0,0,0
STU-005189,2027,computer_science,6.29,57.3,59.3,58.8,13.2,2.0,1.0,1.0,1,1
STU-005190,2026,computer_science,5.88,36.6,50.1,70.5,15.2,0.0,0.0,1.0,1,0
STU-005191,2026,electronics,6.48,71.4,26.0,43.2,11.2,3.0,0.0,0.0,0,1
STU-005192,2026,information_technology,8.23,69.0,71.7,74.1,9.9,1.0,1.0,1.0,2,1
STU-005193,2024,computer_science,4.91,43.3,68.6,43.0,9.7,3.0,1.0,3.0,1,0
STU-005194,2026,computer_science,8.55,71.9,87.6,42.8,18.0,4.0,1.0,3.0,0,1
STU-005195,2027,computer_science,8.35,52.5,72.1,83.7,13.6,2.0,0.0,1.0,1,0
STU-005196,2027,mechanical,7.69,54.9,53.2,32.8,12.7,2.0,0.0,3.0,1,0
STU-005197,2026,electronics,7.25,,60.5,80.3,11.4,2.0,2.0,4.0,0,0
STU-005198,2025,computer_science,7.42,54.2,87.0,83.8,7.1,1.0,0.0,3.0,0,1
STU-005199,2027,information_technology,8.74,75.1,,66.8,11.0,3.0,2.0,1.0,0,1
STU-005200,2026,civil,5.09,27.4,27.1,70.5,18.9,2.0,0.0,1.0,0,0
STU-005201,2025,mechanical,7.94,76.4,96.3,40.0,7.2,2.0,1.0,4.0,0,0
STU-005202,2024,computer_science,6.24,59.1,34.7,55.1,6.2,3.0,1.0,2.0,0,1
STU-005203,2024,electronics,8.05,54.2,32.5,67.0,3.7,4.0,0.0,2.0,0,0
STU-005204,2026,computer_science,6.39,57.1,58.0,66.6,17.0,4.0,2.0,0.0,0,1
STU-005205,2024,computer_science,7.91,46.2,65.6,68.2,33.4,1.0,0.0,1.0,0,1
STU-005206,2024,mechanical,5.32,30.2,56.1,66.6,31.1,3.0,0.0,1.0,0,1
STU-005207,2024,mechanical,5.15,41.1,62.5,62.3,2.4,1.0,0.0,1.0,0,0
STU-005208,2027,computer_science,6.97,29.5,52.1,44.9,6.6,6.0,0.0,1.0,0,0
STU-005209,2024,mechanical,8.75,41.2,59.5,66.9,11.9,3.0,0.0,2.0,2,0
STU-005210,2024,electronics,7.72,35.1,48.1,46.1,20.2,1.0,1.0,3.0,0,0
STU-005211,2026,mechanical,7.71,77.8,60.2,56.9,2.4,3.0,1.0,2.0,0,1
STU-005212,2025,,8.09,40.9,68.6,81.5,4.2,1.0,1.0,1.0,2,0
STU-005213,2027,information_technology,6.64,56.7,69.0,40.1,8.4,2.0,0.0,2.0,0,0
STU-005214,2027,civil,7.8,76.4,42.9,60.3,6.0,2.0,0.0,0.0,1,1
STU-005215,2025,computer_science,6.43,69.6,31.5,74.2,6.2,2.0,0.0,3.0,0,0
STU-005216,2026,information_technology,6.74,53.1,69.0,70.9,9.8,1.0,0.0,2.0,0,0
STU-005217,2025,computer_science,6.88,,45.5,66.3,13.9,1.0,1.0,1.0,0,0
STU-005218,2024,mechanical,,59.6,36.1,52.5,5.6,1.0,2.0,1.0,0,0
STU-005219,2025,computer_science,7.02,89.7,23.6,80.4,11.3,1.0,1.0,2.0,0,1
STU-005220,2024,information_technology,6.81,63.8,78.2,44.9,11.3,3.0,0.0,7.0,1,0
STU-005221,2024,mechanical,6.29,66.6,56.8,71.7,9.0,3.0,0.0,,1,0
STU-005222,2026,computer_science,6.94,91.9,64.0,64.1,4.1,3.0,1.0,2.0,0,1
STU-005223,2024,computer_science,7.28,62.7,63.6,51.0,4.4,4.0,1.0,4.0,0,1
STU-005224,2024,computer_science,5.84,72.9,54.0,56.6,7.6,1.0,0.0,1.0,1,0
STU-005225,2026,electronics,7.58,66.3,56.9,87.4,8.7,1.0,0.0,0.0,0,0
STU-005226,2026,computer_science,6.53,64.0,51.9,45.7,19.8,7.0,0.0,2.0,1,1
STU-005227,2024,,7.33,44.2,39.7,37.4,20.4,2.0,1.0,3.0,1,1
STU-005228,2024,information_technology,6.33,39.7,22.3,53.1,13.7,2.0,1.0,1.0,1,0
STU-005229,2025,civil,8.31,52.9,98.4,67.8,0.2,4.0,1.0,0.0,0,0
STU-005230,2025,,8.2,73.6,60.4,81.9,3.1,2.0,1.0,0.0,0,0
STU-005231,2027,computer_science,5.89,68.3,43.1,62.4,17.9,0.0,1.0,0.0,0,0
STU-005232,2027,mechanical,7.7,79.4,44.2,39.2,5.0,2.0,1.0,1.0,2,0
STU-005233,2025,mechanical,8.76,61.4,79.9,63.3,14.2,2.0,0.0,2.0,1,0
STU-005234,2025,electronics,6.01,64.1,53.5,74.0,4.7,1.0,1.0,5.0,0,0
STU-005235,2026,information_technology,,64.3,36.7,66.5,12.7,1.0,0.0,3.0,1,0
STU-005236,2026,computer_science,7.95,58.3,53.6,68.9,14.4,2.0,1.0,3.0,0,0
STU-005237,2025,electronics,5.6,50.4,54.7,35.8,8.8,3.0,1.0,1.0,0,0
STU-005238,2024,information_technology,6.21,34.1,45.3,43.2,7.8,3.0,2.0,2.0,0,0
STU-005239,2026,computer_science,5.93,53.6,64.6,60.1,8.3,2.0,0.0,1.0,0,0
STU-005240,2026,computer_science,7.96,58.4,94.9,77.9,15.8,1.0,2.0,1.0,0,0
STU-005241,2024,computer_science,6.3,73.6,45.0,50.9,10.5,2.0,0.0,1.0,0,0
STU-005242,2025,electronics,6.77,76.0,49.2,64.9,3.2,3.0,0.0,0.0,0,0
STU-005243,2025,computer_science,6.24,58.7,37.8,64.3,8.5,1.0,2.0,1.0,1,0
STU-005244,2025,,8.42,91.8,58.1,47.4,16.6,2.0,1.0,2.0,1,0
STU-005245,2026,mechanical,6.11,59.1,18.1,51.7,20.3,1.0,0.0,0.0,1,0
STU-005246,2026,computer_science,5.48,70.5,67.6,61.6,19.1,1.0,0.0,1.0,0,1
STU-005247,2026,computer_science,5.44,53.4,26.1,56.9,9.5,1.0,1.0,1.0,0,1
STU-005248,2025,computer_science,7.9,42.7,,73.5,4.2,1.0,2.0,1.0,0,1
STU-005249,2024,information_technology,7.98,53.6,60.3,56.1,9.5,3.0,1.0,3.0,1,1
STU-005250,2027,mechanical,8.54,,84.6,74.4,27.3,1.0,1.0,4.0,1,1
STU-005251,2026,electronics,5.65,51.3,,56.9,4.4,4.0,0.0,3.0,0,0
STU-005252,2024,,6.83,50.7,51.2,62.3,2.5,2.0,1.0,1.0,0,0
STU-005253,2025,civil,9.89,63.7,71.6,73.2,5.5,1.0,2.0,2.0,1,1
STU-005254,2027,computer_science,6.75,51.7,42.6,60.5,16.1,4.0,0.0,2.0,1,0
STU-005255,2027,electronics,6.45,74.8,50.8,56.0,6.6,0.0,3.0,4.0,3,0
STU-005256,2027,information_technology,7.08,86.4,28.3,61.0,16.1,2.0,1.0,3.0,0,0
STU-005257,2026,information_technology,7.71,59.5,48.9,74.5,33.3,,1.0,1.0,0,1
STU-005258,2026,computer_science,7.69,67.5,78.7,66.6,12.3,3.0,1.0,5.0,3,0
STU-005259,2026,information_technology,6.39,71.4,66.4,32.0,4.5,1.0,2.0,0.0,1,0
STU-005260,2025,electronics,6.43,58.5,45.2,51.9,17.2,3.0,2.0,2.0,0,0
STU-005261,2026,electronics,6.76,44.3,36.8,,40.0,4.0,0.0,5.0,0,0
STU-005262,2026,computer_science,6.26,50.4,48.4,70.2,5.4,3.0,1.0,3.0,0,0
STU-005263,2024,computer_science,5.68,61.5,24.8,,4.3,3.0,0.0,3.0,1,0
STU-005264,2027,electronics,9.18,68.3,60.4,,15.4,1.0,0.0,,1,1
STU-005265,2025,electronics,6.63,30.4,46.6,70.9,11.3,4.0,2.0,,1,0
STU-005266,2024,information_technology,6.7,50.8,46.2,70.9,18.0,0.0,0.0,2.0,1,0
STU-005267,2025,computer_science,6.73,46.4,51.5,60.8,40.0,5.0,1.0,3.0,1,1
STU-005268,2027,computer_science,7.01,71.2,64.2,39.4,3.2,3.0,0.0,4.0,0,0
STU-005269,2027,mechanical,7.6,48.7,39.7,58.4,10.6,1.0,1.0,3.0,0,0
STU-005270,2026,electronics,6.57,50.2,,82.6,2.4,2.0,1.0,4.0,0,0
STU-005271,2027,computer_science,8.41,53.4,79.8,53.7,5.3,0.0,0.0,2.0,0,0
STU-005272,2027,information_technology,7.79,71.4,95.5,92.5,1.3,1.0,1.0,1.0,2,1
STU-005273,2027,information_technology,6.88,72.3,59.6,,13.2,2.0,1.0,3.0,0,0
STU-005274,2027,electronics,6.33,64.1,77.4,60.0,7.1,1.0,1.0,2.0,1,0
STU-005275,2025,computer_science,8.35,77.3,77.0,65.2,10.5,4.0,0.0,0.0,0,1
STU-005276,2027,electronics,6.91,,57.9,67.2,11.4,1.0,1.0,2.0,0,1
STU-005277,2026,civil,5.67,28.2,29.0,53.9,9.0,2.0,0.0,4.0,0,0
STU-005278,2026,information_technology,8.27,69.4,75.3,,3.5,3.0,0.0,2.0,0,0
STU-005279,2024,computer_science,6.26,51.0,56.1,89.9,4.6,4.0,0.0,2.0,0,0
STU-005280,2027,computer_science,8.1,41.3,89.8,82.9,7.4,2.0,1.0,1.0,0,0
STU-005281,2027,computer_science,4.21,47.6,56.4,56.7,6.3,3.0,1.0,,0,0
STU-005282,2025,civil,6.68,68.3,71.7,51.1,19.4,3.0,0.0,1.0,0,0
STU-005283,2027,civil,8.43,82.7,50.9,39.7,4.7,3.0,1.0,0.0,2,1
STU-005284,2025,computer_science,7.11,38.0,59.6,92.2,2.2,3.0,2.0,2.0,0,1
STU-005285,2025,civil,7.79,68.9,25.5,76.3,13.3,2.0,0.0,6.0,0,0
STU-005286,2024,computer_science,6.06,85.6,60.7,79.5,13.0,2.0,2.0,2.0,0,1
STU-005287,2027,electronics,7.5,86.5,77.7,54.4,7.0,2.0,1.0,1.0,0,1
STU-005288,2026,electronics,7.1,6.4,79.1,53.5,7.5,4.0,0.0,0.0,0,0
STU-005289,2025,information_technology,7.38,91.4,50.5,49.1,15.0,2.0,2.0,3.0,0,0
STU-005290,2026,information_technology,9.45,77.3,33.9,17.8,4.3,4.0,0.0,4.0,0,1
STU-005291,2025,electronics,8.6,26.6,52.3,,11.2,2.0,0.0,1.0,2,0
STU-005292,2026,computer_science,8.01,48.5,57.7,66.5,11.6,1.0,0.0,0.0,1,0
STU-005293,2027,civil,8.03,78.9,66.1,65.5,13.2,1.0,2.0,2.0,0,0
STU-005294,2026,computer_science,6.05,61.5,16.7,53.4,17.1,4.0,0.0,3.0,0,0
STU-005295,2027,computer_science,6.56,48.5,51.5,71.2,6.5,0.0,1.0,1.0,1,0
STU-005296,2026,civil,5.34,55.7,,52.6,13.6,2.0,,1.0,0,0
STU-005297,2027,information_technology,5.64,63.5,74.2,72.7,10.7,2.0,0.0,0.0,1,0
STU-005298,2025,information_technology,6.08,47.5,11.6,72.6,4.3,2.0,1.0,,1,0
STU-005299,2025,computer_science,7.07,56.2,72.5,73.5,21.1,7.0,1.0,4.0,0,1
STU-005300,2024,computer_science,5.69,68.8,47.1,63.0,9.0,2.0,0.0,1.0,0,0
STU-005301,2026,computer_science,7.05,47.6,20.4,50.6,8.7,4.0,1.0,2.0,1,0
STU-005302,2026,information_technology,6.92,37.5,83.2,45.3,10.3,1.0,1.0,1.0,3,1
STU-005303,2027,information_technology,5.8,46.0,73.1,31.6,11.3,2.0,0.0,1.0,1,1
STU-005304,2025,information_technology,8.85,48.4,83.7,72.6,19.1,2.0,0.0,2.0,0,0
STU-005305,2024,mechanical,5.58,46.1,50.9,38.4,12.2,2.0,1.0,0.0,0,0
STU-005306,2026,civil,8.38,34.9,49.1,60.1,16.9,1.0,0.0,5.0,0,0
STU-005307,2027,computer_science,4.51,56.5,46.1,65.1,6.7,4.0,1.0,1.0,2,0
STU-005308,2025,civil,6.94,70.9,64.0,47.0,3.9,1.0,0.0,5.0,1,0
STU-005309,2025,mechanical,5.72,43.3,40.7,60.3,5.8,2.0,1.0,1.0,0,0
STU-005310,2025,civil,6.35,46.9,37.8,66.5,8.2,1.0,0.0,1.0,0,0
STU-005311,2026,electronics,9.18,59.6,72.1,58.2,5.1,3.0,,,0,1
STU-005312,2025,computer_science,6.7,43.7,57.1,68.4,11.2,1.0,0.0,1.0,0,0
STU-005313,2025,computer_science,5.83,,66.1,55.8,16.2,3.0,1.0,0.0,0,1
STU-005314,2026,civil,7.66,46.0,83.5,58.1,13.0,1.0,1.0,1.0,0,0
STU-005315,2025,information_technology,6.69,49.5,68.3,,19.8,1.0,0.0,5.0,0,0
STU-005316,2025,mechanical,7.27,47.1,36.5,60.1,7.2,1.0,1.0,1.0,0,0
STU-005317,2024,electronics,6.05,,51.0,62.1,19.1,1.0,0.0,2.0,2,0
STU-005318,2027,computer_science,6.11,52.7,58.0,49.1,14.9,0.0,1.0,3.0,0,1
STU-005319,2025,information_technology,6.19,86.3,65.5,68.0,10.5,0.0,2.0,3.0,1,0
STU-005320,2025,civil,8.02,65.3,73.7,27.5,4.0,1.0,2.0,0.0,0,0
STU-005321,2024,computer_science,6.84,75.1,53.4,77.1,10.1,3.0,1.0,2.0,0,1
STU-005322,2026,electronics,5.89,50.9,42.2,42.2,9.9,2.0,0.0,4.0,0,0
STU-005323,2027,civil,7.29,44.4,73.3,76.6,30.6,1.0,0.0,0.0,0,1
STU-005324,2024,computer_science,7.19,57.9,62.2,70.7,12.4,1.0,3.0,1.0,0,0
STU-005325,2024,computer_science,7.76,49.3,62.8,76.2,3.2,0.0,2.0,2.0,2,0
STU-005326,2024,information_technology,6.55,27.1,41.2,46.2,18.3,1.0,1.0,1.0,0,0
STU-005327,2026,mechanical,7.01,73.2,90.7,59.1,11.9,2.0,1.0,8.0,1,0
STU-005328,2027,information_technology,7.58,59.7,61.6,66.1,16.0,3.0,1.0,0.0,0,1
STU-005329,2026,computer_science,5.94,45.4,49.3,68.0,14.2,2.0,0.0,0.0,0,1
STU-005330,2025,computer_science,8.12,65.9,,73.8,18.5,3.0,0.0,0.0,0,0
STU-005331,2027,information_technology,7.12,58.9,,71.1,19.8,6.0,0.0,0.0,1,0
STU-005332,2027,computer_science,5.83,76.8,28.4,68.7,,,1.0,2.0,1,0
STU-005333,2025,computer_science,5.83,62.1,55.4,68.9,18.6,3.0,0.0,1.0,0,1
STU-005334,2024,mechanical,6.99,55.6,30.3,71.6,7.5,2.0,0.0,1.0,0,0
STU-005335,2025,computer_science,6.47,67.3,54.6,62.3,3.8,2.0,0.0,4.0,1,0
STU-005336,2027,mechanical,7.97,59.4,31.8,78.0,4.4,4.0,1.0,3.0,0,1
STU-005337,2026,civil,6.77,60.3,17.5,60.9,5.6,0.0,1.0,2.0,1,0
STU-005338,2026,electronics,7.45,77.3,67.2,38.3,7.8,2.0,0.0,3.0,0,0
STU-005339,2027,electronics,6.12,38.7,32.7,79.4,5.0,2.0,0.0,1.0,0,0
STU-005340,2025,computer_science,7.07,45.2,62.7,68.6,9.7,2.0,0.0,2.0,1,1
STU-005341,2025,electronics,8.61,54.9,64.3,59.9,5.6,2.0,3.0,3.0,1,0
STU-005342,2024,information_technology,6.93,53.8,57.2,63.6,11.6,3.0,2.0,0.0,0,1
STU-005343,2027,computer_science,6.46,74.3,42.2,83.1,11.7,2.0,0.0,2.0,2,0
STU-005344,2026,,6.11,35.0,49.2,63.4,7.8,4.0,1.0,1.0,1,0
STU-005345,2025,computer_science,7.08,57.7,44.2,83.3,31.1,0.0,0.0,,0,0
STU-005346,2024,,8.72,53.2,77.9,68.6,16.5,3.0,0.0,1.0,0,1
STU-005347,2027,electronics,5.53,80.6,40.9,56.9,12.8,3.0,2.0,3.0,1,0
STU-005348,2027,information_technology,7.04,71.3,50.9,43.7,23.3,0.0,3.0,6.0,1,0
STU-005349,2026,computer_science,5.13,57.8,,63.3,9.5,5.0,0.0,2.0,0,1
STU-005350,2025,computer_science,6.63,71.8,42.9,80.4,13.6,3.0,0.0,,0,0
STU-005351,2027,computer_science,7.4,39.0,26.2,54.0,21.5,1.0,0.0,2.0,0,0
STU-005352,2027,information_technology,5.28,85.0,30.1,67.1,38.9,4.0,0.0,3.0,1,0
STU-005353,2026,information_technology,6.59,44.5,71.3,83.5,5.3,3.0,0.0,2.0,1,0
STU-005354,2026,computer_science,7.43,77.7,58.1,37.2,5.6,2.0,0.0,2.0,2,0
STU-005355,2027,electronics,7.25,66.8,61.0,67.6,24.8,2.0,1.0,2.0,0,0
STU-005356,2027,civil,7.49,62.9,62.0,69.8,12.1,2.0,0.0,0.0,0,0
STU-005357,2026,electronics,5.98,74.2,81.3,67.0,9.9,2.0,0.0,6.0,0,1
STU-005358,2025,information_technology,7.43,73.8,21.5,38.1,12.6,5.0,0.0,0.0,0,0
STU-005359,2025,electronics,6.41,,50.5,51.4,26.0,3.0,0.0,2.0,1,0
STU-005360,2027,mechanical,7.92,53.5,59.2,32.8,16.7,3.0,2.0,1.0,1,0
STU-005361,2026,civil,4.44,54.7,44.4,43.6,12.7,6.0,2.0,0.0,0,0
STU-005362,2024,computer_science,6.77,56.0,67.7,73.8,5.4,1.0,1.0,2.0,1,0
STU-005363,2024,computer_science,7.21,63.7,69.9,57.4,10.3,0.0,2.0,0.0,2,0
STU-005364,2027,computer_science,8.65,76.6,57.9,73.5,15.5,0.0,0.0,1.0,0,0
STU-005365,2027,mechanical,7.2,65.4,27.1,72.7,11.6,3.0,1.0,2.0,2,0
STU-005366,2027,computer_science,7.32,61.4,98.9,46.3,31.6,4.0,3.0,3.0,1,1
STU-005367,2026,civil,7.53,49.3,57.0,64.4,,1.0,0.0,2.0,0,0
STU-005368,2027,computer_science,8.54,66.0,62.7,39.8,9.7,2.0,0.0,3.0,2,0
STU-005369,2027,electronics,6.66,31.9,75.1,65.8,17.9,1.0,0.0,3.0,1,0
STU-005370,2025,computer_science,5.49,43.0,42.3,67.9,33.3,3.0,1.0,2.0,1,0
STU-005371,2024,information_technology,5.27,63.6,70.0,58.8,24.0,4.0,2.0,2.0,2,0
STU-005372,2027,information_technology,7.86,73.0,53.2,38.5,3.2,2.0,0.0,2.0,0,0
STU-005373,2024,electronics,7.36,58.4,87.5,41.2,14.4,2.0,0.0,3.0,0,1
STU-005374,2026,information_technology,6.81,60.6,62.0,97.6,16.3,0.0,0.0,2.0,0,1
STU-005375,2026,information_technology,6.43,62.4,41.2,70.7,26.1,0.0,2.0,3.0,1,0
STU-005376,2026,electronics,7.31,68.8,93.3,58.1,4.9,4.0,,3.0,0,0
STU-005377,2025,civil,7.34,,66.6,75.4,15.6,3.0,1.0,1.0,0,0
STU-005378,2027,mechanical,7.65,44.6,47.3,82.6,5.1,2.0,1.0,5.0,1,1
STU-005379,2025,electronics,5.83,61.5,26.4,78.9,2.1,1.0,0.0,3.0,1,0
STU-005380,2027,information_technology,5.07,83.5,59.1,59.3,7.1,2.0,0.0,2.0,0,0
STU-005381,2025,civil,6.05,42.3,74.7,57.3,14.8,3.0,0.0,1.0,0,0
STU-005382,2026,information_technology,5.55,53.2,55.8,73.1,24.9,5.0,0.0,1.0,1,1
STU-005383,2027,civil,5.49,49.2,54.6,58.7,6.8,3.0,1.0,1.0,0,1
STU-005384,2025,mechanical,8.91,98.0,89.1,78.8,6.8,1.0,1.0,6.0,0,1
STU-005385,2025,computer_science,4.49,38.6,55.1,63.6,13.0,1.0,0.0,0.0,1,0
STU-005386,2027,computer_science,7.64,56.9,46.4,73.1,13.1,3.0,0.0,3.0,0,0
STU-005387,2024,electronics,8.14,54.8,49.1,76.6,11.5,5.0,0.0,0.0,1,1
STU-005388,2025,electronics,8.24,41.7,69.4,43.8,4.4,2.0,0.0,1.0,0,0
STU-005389,2026,electronics,7.42,39.2,65.2,64.0,6.0,0.0,1.0,0.0,0,0
STU-005390,2027,civil,8.62,69.8,80.0,78.1,28.0,0.0,0.0,1.0,0,1
STU-005391,2026,information_technology,9.15,72.9,69.9,50.7,21.6,0.0,0.0,2.0,0,1
STU-005392,2025,information_technology,6.75,49.1,65.6,54.3,9.0,2.0,0.0,5.0,0,1
STU-005393,2027,electronics,7.61,80.4,63.4,78.8,14.9,2.0,2.0,2.0,3,0
STU-005394,2026,computer_science,8.57,27.4,77.7,83.4,16.3,1.0,1.0,2.0,0,1
STU-005395,2026,electronics,6.11,37.3,,12.7,11.2,0.0,0.0,4.0,0,0
STU-005396,2025,civil,6.82,45.3,49.9,78.8,2.2,1.0,0.0,2.0,0,1
STU-005397,2025,computer_science,6.38,56.6,49.3,29.5,16.3,3.0,2.0,3.0,0,0
STU-005398,2025,mechanical,7.63,52.5,63.0,61.1,2.5,2.0,0.0,7.0,0,0
STU-005399,2026,mechanical,4.92,50.8,48.6,42.6,5.1,1.0,0.0,1.0,3,0
STU-005400,2024,computer_science,8.75,68.8,84.4,54.3,21.2,2.0,1.0,4.0,0,0
STU-005401,2026,mechanical,7.71,81.3,61.5,63.5,7.3,4.0,1.0,2.0,1,1
STU-005402,2025,mechanical,7.78,71.6,33.9,69.4,9.4,3.0,1.0,1.0,1,1
STU-005403,2025,information_technology,4.38,53.6,24.4,82.0,4.5,5.0,0.0,5.0,1,0
STU-005404,2024,computer_science,5.9,54.6,46.6,43.2,4.6,2.0,0.0,3.0,3,0
STU-005405,2026,,8.81,78.1,74.5,78.2,16.9,2.0,2.0,4.0,0,0
STU-005406,2027,electronics,6.9,86.1,42.3,58.1,12.7,0.0,0.0,2.0,0,1
STU-005407,2025,computer_science,5.12,63.8,58.5,58.4,12.6,1.0,0.0,0.0,1,0
STU-005408,2024,computer_science,7.35,51.4,43.4,85.8,17.0,2.0,1.0,5.0,1,1
STU-005409,2025,civil,7.88,63.7,61.2,73.8,5.7,1.0,1.0,2.0,0,0
STU-005410,2027,electronics,7.71,68.1,64.9,38.4,8.9,1.0,1.0,2.0,1,1
STU-005411,2025,electronics,6.93,49.5,35.3,60.9,5.6,3.0,0.0,2.0,0,0
STU-005412,2027,civil,8.41,73.8,67.3,51.5,7.2,2.0,0.0,4.0,1,1
STU-005413,2025,computer_science,6.29,60.5,79.6,55.9,6.2,1.0,0.0,1.0,0,1
STU-005414,2025,computer_science,7.72,,54.5,60.2,15.1,2.0,1.0,1.0,0,1
STU-005415,2027,electronics,7.26,43.9,57.3,68.5,25.0,2.0,2.0,0.0,1,1
STU-005416,2026,information_technology,6.95,31.8,59.1,44.4,5.5,2.0,1.0,2.0,1,0
STU-005417,2024,computer_science,6.66,51.4,55.2,58.9,16.7,0.0,0.0,1.0,0,1
STU-005418,2027,mechanical,6.7,57.8,54.2,56.5,23.5,0.0,1.0,0.0,1,0
STU-005419,2024,computer_science,7.14,31.3,54.6,67.4,,2.0,1.0,3.0,2,0
STU-005420,2025,information_technology,6.76,48.4,27.4,61.3,8.4,0.0,1.0,2.0,0,0
STU-005421,2025,electronics,7.94,79.1,66.5,75.1,10.4,2.0,0.0,1.0,1,0
STU-005422,2026,electronics,6.48,65.0,34.7,65.6,23.2,3.0,1.0,1.0,0,0
STU-005423,2027,computer_science,8.9,63.9,69.0,70.4,20.9,0.0,0.0,1.0,1,1
STU-005424,2024,computer_science,6.43,41.0,64.6,65.3,0.3,4.0,0.0,1.0,2,0
STU-005425,2027,mechanical,8.16,79.1,66.5,45.9,9.4,2.0,0.0,5.0,1,0
STU-005426,2026,civil,8.21,54.2,44.8,56.8,13.0,4.0,0.0,2.0,1,0
STU-005427,2027,information_technology,7.29,60.0,61.5,52.6,14.5,2.0,0.0,3.0,0,1
STU-005428,2027,computer_science,7.19,64.5,52.1,72.6,15.1,2.0,0.0,3.0,0,0
STU-005429,2027,electronics,6.26,59.1,42.0,73.9,13.8,1.0,0.0,6.0,1,0
STU-005430,2026,computer_science,6.51,79.4,88.1,60.9,23.6,1.0,0.0,0.0,0,1
STU-005431,2025,computer_science,7.35,67.3,41.1,64.0,5.6,4.0,2.0,0.0,1,0
STU-005432,2026,computer_science,7.05,63.2,63.6,39.9,12.8,2.0,0.0,2.0,1,0
STU-005433,2026,computer_science,8.46,59.6,86.8,56.5,15.3,5.0,2.0,2.0,0,1
STU-005434,2026,computer_science,6.58,63.6,59.8,27.0,7.5,1.0,0.0,5.0,0,0
STU-005435,2027,computer_science,6.65,54.1,43.1,73.3,9.9,0.0,0.0,1.0,0,0
STU-005436,2024,mechanical,5.19,57.2,38.4,93.2,1.6,1.0,1.0,0.0,0,0
STU-005437,2027,information_technology,7.84,54.6,34.6,54.5,6.3,4.0,0.0,3.0,2,0
STU-005438,2025,information_technology,7.74,52.0,59.5,65.2,3.3,1.0,1.0,3.0,0,0
STU-005439,2027,computer_science,8.22,46.7,62.1,67.8,11.1,1.0,0.0,1.0,1,0
STU-005440,2024,mechanical,8.29,56.5,55.9,46.1,8.4,2.0,1.0,0.0,1,0
STU-005441,2024,computer_science,8.01,55.0,83.2,60.2,9.5,2.0,0.0,0.0,1,0
STU-005442,2027,computer_science,8.06,87.6,58.6,68.5,16.7,3.0,1.0,3.0,1,0
STU-005443,2027,electronics,7.8,74.5,31.9,64.4,6.5,2.0,0.0,,0,0
STU-005444,2027,electronics,7.98,,,62.8,19.0,1.0,1.0,3.0,1,1
STU-005445,2027,mechanical,4.98,47.6,27.4,57.9,16.2,0.0,0.0,0.0,1,0
STU-005446,2025,information_technology,5.84,64.9,59.6,50.6,8.4,5.0,2.0,0.0,0,0
STU-005447,2027,information_technology,5.65,84.4,61.1,71.5,9.2,0.0,1.0,0.0,0,0
STU-005448,2025,computer_science,8.56,73.1,60.6,86.6,20.3,3.0,1.0,2.0,0,1
STU-005449,2026,electronics,6.2,30.6,68.4,33.9,8.0,1.0,1.0,3.0,1,0
STU-005450,2026,information_technology,6.38,69.7,54.6,31.9,10.9,4.0,0.0,4.0,0,0
STU-005451,2024,computer_science,7.11,73.8,50.0,45.0,9.0,1.0,0.0,3.0,2,1
STU-005452,2026,computer_science,,88.3,15.0,55.8,22.7,3.0,1.0,2.0,0,1
STU-005453,2027,civil,7.54,55.4,28.4,58.3,13.1,2.0,1.0,3.0,0,0
STU-005454,2024,computer_science,4.65,55.4,93.1,63.8,12.5,0.0,0.0,,0,0
STU-005455,2027,computer_science,5.75,62.2,63.2,63.0,17.6,2.0,0.0,1.0,1,0
STU-005456,2026,civil,7.33,47.2,78.4,60.1,4.6,4.0,2.0,4.0,3,0
STU-005457,2024,electronics,,,93.2,79.8,10.7,1.0,1.0,1.0,0,1
STU-005458,2026,electronics,8.59,67.2,56.0,49.0,13.5,3.0,2.0,1.0,0,1
STU-005459,2025,electronics,7.15,35.2,54.0,74.7,5.3,1.0,0.0,0.0,0,0
STU-005460,2024,computer_science,8.4,41.0,33.4,89.8,21.1,0.0,0.0,2.0,3,0
STU-005461,2026,mechanical,7.51,71.3,52.9,41.4,13.5,0.0,0.0,2.0,1,0
STU-005462,2024,computer_science,7.09,65.6,50.8,34.7,10.3,5.0,0.0,4.0,1,1
STU-005463,2024,civil,5.95,74.7,45.0,64.6,5.2,2.0,0.0,3.0,1,0
STU-005464,2027,computer_science,8.17,67.3,78.4,71.1,7.2,1.0,0.0,1.0,0,0
STU-005465,2024,electronics,7.61,59.4,70.4,62.5,5.8,3.0,0.0,1.0,0,1
STU-005466,2027,information_technology,9.5,82.3,81.5,32.2,13.1,5.0,0.0,,1,1
STU-005467,2027,computer_science,8.05,53.8,,38.4,25.9,2.0,0.0,3.0,1,0
STU-005468,2024,information_technology,6.64,52.3,54.9,54.9,9.9,0.0,1.0,2.0,1,0
STU-005469,2026,mechanical,7.43,57.9,63.4,67.8,23.3,1.0,1.0,2.0,1,1
STU-005470,2024,computer_science,7.59,65.9,89.9,57.0,21.6,0.0,0.0,3.0,0,1
STU-005471,2026,civil,8.44,59.9,63.6,65.0,11.3,4.0,0.0,2.0,0,0
STU-005472,2024,computer_science,8.62,39.0,59.5,64.6,7.7,1.0,0.0,3.0,1,0
STU-005473,2027,electronics,6.91,53.8,74.0,75.0,6.1,2.0,0.0,2.0,0,1
STU-005474,2025,electronics,5.7,54.9,46.2,45.7,1.9,4.0,0.0,3.0,0,1
STU-005475,2026,information_technology,4.97,55.7,55.7,63.2,14.4,3.0,0.0,1.0,3,0
STU-005476,2024,electronics,5.79,,58.5,82.1,17.1,1.0,2.0,3.0,2,0
STU-005477,2025,electronics,6.42,64.4,44.7,50.9,12.1,0.0,0.0,0.0,0,0
STU-005478,2026,electronics,8.83,37.5,51.4,53.2,9.5,0.0,0.0,4.0,0,0
STU-005479,2026,information_technology,8.85,67.9,61.9,63.2,27.9,0.0,0.0,3.0,1,0
STU-005480,2027,electronics,8.2,87.3,52.5,47.2,15.8,3.0,1.0,3.0,0,1
STU-005481,2024,information_technology,8.51,51.9,35.6,45.7,13.3,5.0,0.0,2.0,0,0
STU-005482,2024,computer_science,6.29,57.4,64.4,57.1,3.5,1.0,1.0,2.0,1,0
STU-005483,2025,computer_science,5.36,51.0,58.1,58.6,10.9,2.0,1.0,3.0,3,0
STU-005484,2025,electronics,5.94,52.4,38.1,72.5,9.8,4.0,1.0,2.0,0,0
STU-005485,2027,civil,4.76,38.1,31.8,49.4,9.1,1.0,1.0,1.0,0,0
STU-005486,2027,computer_science,5.82,85.5,58.6,62.4,15.0,3.0,1.0,1.0,3,0
STU-005487,2027,information_technology,6.52,62.8,82.9,79.3,10.8,0.0,1.0,1.0,0,0
STU-005488,2024,computer_science,7.29,48.5,73.5,78.4,29.2,2.0,0.0,0.0,0,1
STU-005489,2025,electronics,7.26,46.7,76.4,60.5,9.6,3.0,0.0,,2,0
STU-005490,2027,electronics,6.31,57.5,47.1,64.6,11.0,4.0,1.0,2.0,0,1
STU-005491,2025,electronics,7.75,27.0,65.1,49.3,23.8,6.0,0.0,2.0,0,0
STU-005492,2026,electronics,6.33,72.5,50.1,66.0,3.6,3.0,0.0,3.0,2,0
STU-005493,2025,mechanical,7.11,50.5,43.1,83.4,4.5,2.0,0.0,3.0,1,0
STU-005494,2025,computer_science,5.82,61.5,53.6,80.2,4.5,2.0,0.0,1.0,0,1
STU-005495,2027,information_technology,8.35,67.2,45.7,61.7,20.8,3.0,1.0,4.0,0,1
STU-005496,2025,computer_science,7.12,72.7,42.8,66.8,11.6,2.0,0.0,1.0,0,0
STU-005497,2027,civil,7.88,67.2,51.0,51.7,33.1,3.0,0.0,1.0,0,0
STU-005498,2025,mechanical,5.7,66.6,44.1,49.0,14.3,1.0,1.0,2.0,0,0
STU-005499,2024,computer_science,7.3,73.9,,56.9,10.8,2.0,0.0,3.0,0,0
STU-005500,2025,computer_science,7.76,,22.9,65.8,3.0,2.0,1.0,2.0,0,0
STU-005501,2024,information_technology,4.75,85.8,30.1,72.1,4.6,2.0,0.0,1.0,1,0
STU-005502,2026,civil,8.44,66.2,87.5,60.9,7.6,2.0,2.0,3.0,2,1
STU-005503,2024,computer_science,5.66,54.9,49.5,68.2,36.0,3.0,1.0,1.0,2,1
STU-005504,2026,electronics,7.34,46.1,65.9,26.3,10.8,1.0,0.0,3.0,0,1
STU-005505,2027,information_technology,9.16,59.2,70.7,64.4,,,0.0,1.0,0,0
STU-005506,2025,electronics,8.2,66.4,58.0,53.3,9.0,1.0,0.0,2.0,0,0
STU-005507,2024,electronics,5.39,56.2,33.5,44.5,1.7,2.0,1.0,2.0,1,0
STU-005508,2025,computer_science,6.9,85.2,45.2,68.4,5.2,3.0,0.0,2.0,0,0
STU-005509,2027,mechanical,,55.2,94.4,82.3,10.3,1.0,1.0,2.0,0,1
STU-005510,2026,computer_science,6.16,66.5,42.6,61.8,12.2,4.0,2.0,2.0,1,0
STU-005511,2024,mechanical,6.69,40.5,83.0,74.3,18.8,2.0,1.0,3.0,0,1
STU-005512,2026,computer_science,6.65,90.1,46.6,56.2,4.2,3.0,1.0,4.0,2,1
STU-005513,2026,electronics,7.76,41.6,,90.7,9.3,3.0,3.0,1.0,1,0
STU-005514,2025,information_technology,5.33,85.8,49.6,39.9,9.7,1.0,0.0,3.0,0,0
STU-005515,2024,electronics,7.82,57.6,55.3,60.6,3.6,2.0,1.0,3.0,0,0
STU-005516,2027,computer_science,6.38,23.2,36.6,72.5,3.8,4.0,0.0,1.0,0,0
STU-005517,2024,electronics,7.09,,55.1,61.6,4.7,1.0,0.0,4.0,0,0
STU-005518,2025,computer_science,6.84,58.9,29.3,81.3,9.1,1.0,0.0,3.0,0,0
STU-005519,2024,information_technology,7.79,52.8,64.4,33.0,4.3,0.0,0.0,6.0,2,0
STU-005520,2026,mechanical,7.08,67.8,59.1,60.4,10.7,0.0,0.0,6.0,0,0
STU-005521,2026,information_technology,8.76,71.5,74.4,58.5,19.5,1.0,1.0,4.0,0,1
STU-005522,2025,information_technology,8.24,66.7,51.5,60.5,4.1,1.0,1.0,1.0,0,0
STU-005523,2026,electronics,6.19,73.4,64.3,39.8,28.3,3.0,3.0,3.0,0,1
STU-005524,2026,information_technology,,65.1,69.0,57.9,,2.0,1.0,1.0,0,1
STU-005525,2025,mechanical,7.47,68.7,59.0,57.3,17.9,3.0,0.0,,0,1
STU-005526,2027,information_technology,7.3,50.8,,65.4,10.6,1.0,2.0,2.0,1,1
STU-005527,2025,civil,8.08,71.6,67.3,77.4,6.8,,0.0,2.0,0,0
STU-005528,2025,mechanical,5.9,,42.7,63.6,5.6,5.0,0.0,3.0,1,0
STU-005529,2027,information_technology,,38.2,,67.8,8.3,3.0,1.0,0.0,1,1
STU-005530,2027,information_technology,7.13,55.2,64.2,79.6,7.4,3.0,1.0,,3,0
STU-005531,2025,electronics,6.4,52.7,82.9,78.6,10.5,2.0,0.0,1.0,0,0
STU-005532,2027,electronics,9.48,76.9,33.4,28.6,3.6,3.0,0.0,3.0,1,0
STU-005533,2026,computer_science,6.22,34.6,46.8,73.2,2.3,1.0,0.0,0.0,0,0
STU-005534,2025,computer_science,7.15,74.7,50.5,73.1,5.2,0.0,0.0,5.0,0,1
STU-005535,2027,computer_science,7.32,49.3,24.2,58.3,10.2,3.0,0.0,5.0,0,0
STU-005536,2027,mechanical,8.52,24.1,63.9,55.6,3.8,4.0,2.0,2.0,0,1
STU-005537,2025,electronics,5.96,37.8,44.5,46.2,22.6,0.0,2.0,0.0,0,0
STU-005538,2026,,5.25,49.9,14.0,34.8,7.9,1.0,1.0,1.0,3,0
STU-005539,2025,information_technology,8.7,,48.8,73.9,17.2,0.0,0.0,1.0,0,1
STU-005540,2024,mechanical,7.19,56.4,79.3,72.7,5.6,,1.0,2.0,0,1
STU-005541,2027,civil,8.03,41.9,74.6,60.6,3.1,2.0,2.0,4.0,1,0
STU-005542,2026,computer_science,8.09,48.5,47.2,71.9,0.2,0.0,2.0,3.0,1,0
STU-005543,2026,computer_science,8.28,42.7,47.5,76.3,7.1,5.0,1.0,1.0,0,1
STU-005544,2026,information_technology,6.67,61.2,68.3,36.9,5.4,1.0,0.0,2.0,1,0
STU-005545,2026,electronics,6.35,55.3,19.0,65.5,5.5,0.0,0.0,4.0,0,0
STU-005546,2025,computer_science,4.8,62.8,56.3,58.6,2.7,3.0,,1.0,0,0
STU-005547,2027,computer_science,5.96,29.4,19.7,68.1,9.4,2.0,1.0,3.0,0,0
STU-005548,2026,mechanical,,50.3,83.6,64.6,9.6,2.0,0.0,2.0,0,0
STU-005549,2026,information_technology,6.29,87.0,63.4,,14.0,2.0,0.0,2.0,0,0
STU-005550,2026,computer_science,5.79,65.2,18.8,39.8,8.9,4.0,0.0,1.0,2,0
STU-005551,2025,information_technology,7.16,53.9,49.2,80.4,15.1,0.0,1.0,1.0,0,1
STU-005552,2024,computer_science,8.64,46.5,67.0,54.7,36.0,2.0,1.0,4.0,2,1
STU-005553,2025,information_technology,7.04,74.7,21.4,60.1,13.9,2.0,2.0,1.0,1,0
STU-005554,2024,information_technology,5.8,78.6,49.4,37.4,11.3,0.0,1.0,0.0,0,0
STU-005555,2026,computer_science,8.56,43.9,69.4,60.6,11.5,2.0,1.0,5.0,0,0
STU-005556,2027,computer_science,6.21,40.6,16.7,61.7,6.6,4.0,0.0,,0,0
STU-005557,2025,mechanical,8.8,65.8,74.9,60.9,,6.0,0.0,1.0,1,0
STU-005558,2025,mechanical,6.8,63.2,52.1,51.7,7.9,2.0,2.0,,1,0
STU-005559,2026,computer_science,7.22,65.7,71.5,44.9,5.4,2.0,1.0,2.0,0,0
STU-005560,2024,electronics,8.9,89.4,58.6,71.0,6.5,0.0,1.0,3.0,0,0
STU-005561,2027,computer_science,5.55,40.5,31.2,37.7,5.1,1.0,0.0,2.0,2,0
STU-005562,2025,mechanical,5.89,56.4,30.9,73.3,8.1,3.0,1.0,2.0,1,0
STU-005563,2024,mechanical,6.72,68.3,48.6,85.7,7.7,3.0,0.0,4.0,0,0
STU-005564,2024,electronics,6.94,68.5,51.5,93.0,8.8,2.0,1.0,5.0,1,1
STU-005565,2027,electronics,10.0,54.3,85.1,46.8,11.5,0.0,0.0,0.0,1,1
STU-005566,2025,information_technology,6.08,47.0,46.6,70.3,4.8,6.0,1.0,2.0,0,1
STU-005567,2026,computer_science,5.6,48.3,22.9,54.1,6.3,4.0,2.0,0.0,1,0
STU-005568,2024,information_technology,6.02,81.6,43.3,79.1,3.3,3.0,0.0,0.0,0,0
STU-005569,2025,computer_science,7.37,44.1,30.6,67.5,14.5,3.0,1.0,2.0,0,0
STU-005570,2027,electronics,7.67,54.5,63.6,57.9,31.5,4.0,0.0,3.0,0,1
STU-005571,2024,information_technology,6.29,68.2,62.0,49.3,11.3,3.0,1.0,0.0,1,1
STU-005572,2024,computer_science,7.12,41.9,68.3,56.8,14.5,1.0,0.0,2.0,0,0
STU-005573,2026,electronics,9.34,66.5,59.2,52.6,,0.0,0.0,1.0,0,0
STU-005574,2027,mechanical,7.14,29.8,43.7,61.7,24.9,4.0,1.0,2.0,1,0
STU-005575,2025,electronics,7.47,61.8,48.2,62.4,17.1,1.0,1.0,3.0,0,0
STU-005576,2024,information_technology,9.27,63.3,62.5,54.2,1.9,4.0,0.0,3.0,0,0
STU-005577,2027,mechanical,6.3,59.0,43.5,53.0,8.8,2.0,0.0,3.0,1,0
STU-005578,2026,computer_science,6.22,43.4,79.3,70.8,10.2,4.0,0.0,4.0,0,1
STU-005579,2027,electronics,6.56,60.5,47.0,71.8,10.3,1.0,1.0,2.0,2,1
STU-005580,2027,information_technology,6.49,56.4,51.2,50.6,4.2,1.0,0.0,2.0,0,0
STU-005581,2026,computer_science,5.01,73.5,34.2,61.2,5.0,2.0,0.0,0.0,1,0
STU-005582,2025,civil,7.26,68.1,43.6,49.9,4.8,2.0,1.0,4.0,3,0
STU-005583,2025,information_technology,7.35,37.0,34.8,98.5,13.7,2.0,1.0,3.0,2,0
STU-005584,2026,computer_science,6.89,45.3,37.1,48.8,9.9,3.0,1.0,3.0,0,0
STU-005585,2026,computer_science,7.38,49.5,,65.5,10.6,1.0,0.0,1.0,0,0
STU-005586,2027,civil,7.4,61.5,65.8,68.2,5.8,2.0,2.0,4.0,1,1
STU-005587,2026,mechanical,,52.6,43.6,52.7,4.8,0.0,0.0,2.0,2,0
STU-005588,2025,computer_science,7.43,56.3,45.6,50.0,,2.0,0.0,1.0,0,0
STU-005589,2026,electronics,7.74,100.0,79.0,58.1,3.3,3.0,0.0,4.0,1,0
STU-005590,2026,computer_science,5.26,46.8,33.8,49.9,3.0,2.0,0.0,2.0,1,0
STU-005591,2026,electronics,8.78,82.4,33.2,64.6,34.3,1.0,0.0,3.0,1,0
STU-005592,2027,information_technology,5.68,53.1,57.8,50.1,1.8,1.0,0.0,1.0,2,0
STU-005593,2026,computer_science,5.79,22.9,34.4,,11.6,2.0,2.0,1.0,1,0
STU-005594,2024,information_technology,7.33,61.5,34.5,33.1,14.8,1.0,0.0,1.0,3,0
STU-005595,2026,civil,7.71,76.2,39.3,50.7,2.1,2.0,0.0,1.0,1,0
STU-005596,2026,information_technology,7.99,69.5,,56.1,14.4,4.0,0.0,3.0,1,0
STU-005597,2027,computer_science,7.75,63.3,56.2,76.0,9.1,0.0,0.0,3.0,0,1
STU-005598,2025,civil,6.5,57.4,36.3,36.1,6.4,,0.0,3.0,0,0
STU-005599,2026,computer_science,7.22,51.0,,76.2,29.4,1.0,3.0,4.0,0,1
STU-005600,2026,information_technology,6.74,70.9,39.9,71.2,1.8,,1.0,1.0,0,0
STU-005601,2026,information_technology,7.3,52.1,28.4,37.0,11.2,3.0,0.0,3.0,0,0
STU-005602,2024,computer_science,7.18,48.8,33.5,69.5,18.2,1.0,3.0,2.0,2,0
STU-005603,2027,computer_science,6.52,63.2,53.5,49.0,8.9,,4.0,0.0,0,0
STU-005604,2027,computer_science,6.7,52.9,40.5,70.0,26.1,2.0,1.0,0.0,1,1
STU-005605,2026,computer_science,4.97,73.2,48.7,70.8,5.6,0.0,0.0,,1,0
STU-005606,2026,information_technology,8.05,67.1,78.1,73.1,8.6,1.0,0.0,4.0,0,1
STU-005607,2024,mechanical,7.44,47.2,46.1,54.0,25.6,1.0,0.0,0.0,0,1
STU-005608,2026,computer_science,4.45,35.7,90.1,71.5,40.0,2.0,1.0,2.0,0,0
STU-005609,2026,electronics,8.01,51.4,63.7,83.6,21.4,3.0,0.0,2.0,0,0
STU-005610,2026,information_technology,7.04,93.1,52.2,57.9,12.1,2.0,0.0,1.0,0,0
STU-005611,2024,computer_science,6.02,52.5,28.4,59.7,1.8,2.0,0.0,2.0,2,0
STU-005612,2026,information_technology,5.92,67.2,44.8,71.9,6.1,2.0,2.0,1.0,0,0
STU-005613,2025,computer_science,6.31,37.0,48.0,22.1,5.0,4.0,0.0,2.0,0,0
STU-005614,2026,electronics,6.03,39.8,64.0,48.3,22.0,2.0,0.0,1.0,0,0
STU-005615,2026,information_technology,6.18,53.5,41.6,76.1,13.5,4.0,0.0,2.0,0,0
STU-005616,2025,electronics,9.06,87.6,70.6,64.2,8.4,4.0,1.0,1.0,1,0
STU-005617,2026,civil,7.53,39.7,57.8,59.0,12.3,2.0,1.0,0.0,2,0
STU-005618,2027,computer_science,9.44,53.4,81.3,48.8,9.9,2.0,0.0,3.0,1,1
STU-005619,2026,civil,7.36,72.2,,62.4,10.7,1.0,0.0,,0,0
STU-005620,2024,computer_science,7.77,83.4,63.7,54.6,17.7,4.0,0.0,1.0,1,0
STU-005621,2026,computer_science,6.09,62.7,64.4,37.5,3.4,2.0,1.0,1.0,1,0
STU-005622,2025,computer_science,6.91,68.0,73.7,80.2,9.3,1.0,0.0,4.0,0,1
STU-005623,2026,mechanical,7.01,44.6,64.2,52.3,2.3,0.0,0.0,2.0,0,0
STU-005624,2026,electronics,7.81,39.8,63.0,58.2,11.0,1.0,0.0,2.0,0,0
STU-005625,2024,civil,7.04,40.9,62.1,37.0,18.8,3.0,2.0,0.0,0,0
STU-005626,2026,electronics,7.5,45.9,84.4,54.5,12.3,2.0,1.0,3.0,0,0
STU-005627,2027,information_technology,7.46,62.3,,76.1,6.4,0.0,0.0,3.0,1,0
STU-005628,2027,mechanical,6.75,39.2,66.4,75.0,9.3,4.0,0.0,3.0,3,0
STU-005629,2024,civil,6.63,61.0,42.0,62.4,3.4,2.0,1.0,3.0,0,0
STU-005630,2025,mechanical,6.33,51.9,77.8,53.3,12.4,5.0,4.0,2.0,1,0
STU-005631,2026,information_technology,8.34,52.3,68.0,62.4,3.0,2.0,0.0,4.0,2,0
STU-005632,2024,,6.75,70.8,48.1,69.1,8.6,2.0,1.0,4.0,1,1
STU-005633,2026,computer_science,,44.6,55.7,41.0,6.9,2.0,1.0,3.0,1,0
STU-005634,2024,civil,6.92,79.4,51.0,65.5,12.3,3.0,2.0,1.0,0,1
STU-005635,2024,civil,8.32,73.1,60.4,72.7,9.3,1.0,1.0,0.0,0,0
STU-005636,2026,electronics,4.81,38.8,49.8,61.2,9.0,6.0,1.0,1.0,1,1
STU-005637,2025,computer_science,7.45,76.9,53.4,61.7,1.4,1.0,0.0,3.0,0,0
STU-005638,2026,computer_science,5.66,38.7,22.6,51.8,10.1,,0.0,2.0,0,0
STU-005639,2024,civil,7.55,78.5,87.4,66.2,9.3,3.0,0.0,3.0,0,1
STU-005640,2026,mechanical,6.93,62.9,59.3,84.5,7.9,2.0,2.0,1.0,0,0
STU-005641,2025,electronics,5.4,31.1,53.2,81.7,10.5,1.0,1.0,0.0,0,0
STU-005642,2027,civil,7.49,39.5,56.1,53.9,4.1,3.0,1.0,1.0,1,0
STU-005643,2027,information_technology,7.36,52.6,71.9,56.8,10.6,0.0,2.0,1.0,0,0
STU-005644,2025,mechanical,6.83,70.7,55.2,81.1,10.5,1.0,0.0,2.0,0,0
STU-005645,2026,computer_science,6.98,55.4,49.6,70.3,3.5,2.0,1.0,0.0,1,0
STU-005646,2025,computer_science,7.29,55.6,51.9,70.0,11.2,0.0,0.0,2.0,0,1
STU-005647,2026,information_technology,8.45,61.5,82.1,36.7,18.0,0.0,1.0,1.0,0,0
STU-005648,2024,computer_science,6.74,27.6,57.4,74.8,10.2,4.0,0.0,3.0,1,0
STU-005649,2026,information_technology,8.26,72.9,59.5,58.1,3.4,2.0,1.0,2.0,0,0
STU-005650,2025,mechanical,7.06,78.2,47.8,65.3,14.3,,1.0,,0,0
STU-005651,2027,computer_science,8.59,73.0,55.9,52.1,3.3,0.0,0.0,,3,0
STU-005652,2026,electronics,6.83,51.3,72.7,85.1,4.8,2.0,3.0,3.0,1,0
STU-005653,2026,computer_science,6.33,43.4,36.8,48.4,3.6,2.0,1.0,1.0,1,0
STU-005654,2025,mechanical,5.84,39.4,61.7,89.3,8.5,1.0,1.0,1.0,2,0
STU-005655,2025,computer_science,7.06,41.1,67.3,62.4,25.9,2.0,0.0,1.0,0,0
STU-005656,2025,electronics,6.19,90.3,55.4,59.7,6.8,2.0,1.0,0.0,0,0
STU-005657,2027,electronics,8.72,60.2,58.6,49.6,5.7,3.0,1.0,3.0,0,0
STU-005658,2027,information_technology,6.1,69.8,26.2,54.7,36.6,2.0,2.0,1.0,0,0
STU-005659,2024,computer_science,6.31,69.4,63.5,59.2,7.7,1.0,0.0,4.0,0,0
STU-005660,2027,computer_science,7.77,61.7,31.0,,5.0,2.0,0.0,2.0,0,0
STU-005661,2025,information_technology,8.46,47.0,63.7,69.6,3.5,5.0,0.0,1.0,0,1
STU-005662,2024,computer_science,7.94,67.7,59.6,59.1,8.6,2.0,0.0,4.0,0,0
STU-005663,2026,,8.32,44.4,73.3,69.5,7.8,4.0,1.0,1.0,0,1
STU-005664,2024,electronics,7.01,67.1,39.8,78.6,21.6,5.0,2.0,1.0,0,1
STU-005665,2025,computer_science,7.02,42.5,39.0,76.8,8.1,4.0,0.0,2.0,1,0
STU-005666,2026,computer_science,9.41,56.3,73.7,70.8,1.1,1.0,1.0,1.0,1,0
STU-005667,2025,information_technology,9.04,55.5,60.3,69.0,5.6,0.0,0.0,1.0,3,0
STU-005668,2027,information_technology,7.92,80.8,24.4,47.2,3.4,1.0,0.0,4.0,1,0
STU-005669,2026,information_technology,8.37,24.2,,64.9,6.3,1.0,1.0,1.0,0,0
STU-005670,2027,electronics,8.09,95.1,90.1,46.8,7.3,1.0,1.0,2.0,0,1
STU-005671,2026,electronics,5.71,43.3,59.2,76.2,5.3,3.0,0.0,0.0,1,0
STU-005672,2027,information_technology,7.05,56.3,35.1,66.0,5.1,1.0,0.0,5.0,2,0
STU-005673,2025,information_technology,8.82,67.8,70.3,77.8,4.7,1.0,0.0,0.0,1,0
STU-005674,2026,computer_science,7.93,64.8,75.4,78.5,9.5,1.0,0.0,3.0,0,1
STU-005675,2026,electronics,7.03,70.7,25.8,68.2,8.1,0.0,1.0,3.0,0,1
STU-005676,2027,computer_science,8.84,70.8,57.5,52.5,7.5,1.0,1.0,1.0,0,0
STU-005677,2024,mechanical,7.52,,79.2,30.6,25.8,0.0,1.0,1.0,2,0
STU-005678,2026,electronics,7.97,70.9,33.0,69.6,10.9,3.0,2.0,1.0,3,0
STU-005679,2027,electronics,7.53,57.3,52.4,59.6,12.5,0.0,0.0,2.0,0,0
STU-005680,2025,information_technology,7.72,51.1,54.2,73.2,9.8,0.0,0.0,3.0,0,0
STU-005681,2027,civil,7.8,50.9,51.2,71.8,3.1,2.0,0.0,3.0,1,0
STU-005682,2025,information_technology,8.59,80.6,84.8,70.4,1.3,,0.0,3.0,1,1
STU-005683,2024,information_technology,,87.8,82.8,65.5,5.4,2.0,2.0,2.0,0,1
STU-005684,2026,mechanical,6.58,72.2,48.2,38.8,,1.0,0.0,2.0,1,0
STU-005685,2026,electronics,7.51,11.6,39.7,79.7,9.9,2.0,1.0,2.0,0,0
STU-005686,2024,information_technology,8.56,27.4,82.9,44.4,4.4,1.0,,1.0,1,0
STU-005687,2024,computer_science,6.95,57.8,68.0,52.9,17.4,1.0,2.0,1.0,0,0
STU-005688,2025,computer_science,5.59,52.7,49.1,57.4,,3.0,1.0,1.0,0,0
STU-005689,2027,mechanical,6.06,56.4,62.4,62.3,8.1,2.0,1.0,0.0,0,0
STU-005690,2027,computer_science,6.13,75.0,62.5,57.5,11.3,1.0,1.0,3.0,1,0
STU-005691,2026,computer_science,6.57,75.2,38.4,54.2,10.5,0.0,0.0,3.0,0,0
STU-005692,2024,computer_science,6.24,59.1,41.9,73.2,35.0,3.0,0.0,2.0,1,1
STU-005693,2026,civil,8.28,37.7,60.2,43.4,13.1,0.0,1.0,3.0,0,0
STU-005694,2027,information_technology,6.78,39.1,21.3,56.2,9.9,3.0,0.0,1.0,1,0
STU-005695,2027,information_technology,8.55,62.1,55.4,32.6,18.8,0.0,0.0,3.0,0,0
STU-005696,2025,civil,5.8,61.9,36.7,47.6,15.8,2.0,1.0,1.0,0,0
STU-005697,2024,information_technology,6.69,39.1,56.7,40.1,3.0,3.0,0.0,2.0,0,0
STU-005698,2027,mechanical,7.22,68.3,36.7,72.3,7.9,4.0,0.0,0.0,0,1
STU-005699,2027,electronics,8.03,33.8,66.4,64.6,14.9,1.0,0.0,3.0,1,0
STU-005700,2024,information_technology,8.42,20.9,64.4,50.7,12.2,1.0,0.0,3.0,1,0
STU-005701,2027,mechanical,6.48,43.8,51.2,17.2,,1.0,0.0,2.0,0,1
STU-005702,2024,civil,8.24,81.1,67.9,40.6,20.6,4.0,,1.0,0,0
STU-005703,2024,computer_science,5.17,77.2,57.7,46.6,29.4,4.0,0.0,1.0,0,1
STU-005704,2027,computer_science,8.1,36.3,55.4,57.0,6.1,4.0,1.0,0.0,0,1
STU-005705,2026,mechanical,5.56,32.3,49.8,72.6,,2.0,2.0,3.0,0,1
STU-005706,2025,information_technology,7.61,70.6,45.9,41.9,16.1,1.0,0.0,2.0,1,0
STU-005707,2027,information_technology,8.4,54.2,48.9,43.1,10.7,1.0,0.0,3.0,1,0
STU-005708,2027,computer_science,8.12,80.7,86.4,38.5,17.5,3.0,2.0,1.0,0,0
STU-005709,2024,mechanical,5.21,65.6,44.4,62.0,3.9,2.0,0.0,1.0,0,0
STU-005710,2026,electronics,6.59,70.9,53.1,31.6,16.2,1.0,0.0,2.0,1,0
STU-005711,2027,civil,7.92,47.5,57.4,37.3,10.4,5.0,0.0,2.0,1,0
STU-005712,2026,information_technology,7.89,66.4,64.9,68.6,19.2,1.0,1.0,2.0,0,0
STU-005713,2027,civil,7.42,89.1,,83.3,15.7,5.0,2.0,0.0,1,0
STU-005714,2026,information_technology,4.57,55.3,37.7,62.9,23.9,2.0,1.0,1.0,0,0
STU-005715,2024,electronics,8.48,60.3,76.8,57.6,4.3,7.0,2.0,3.0,0,0
STU-005716,2025,electronics,8.68,54.8,36.4,92.5,14.7,4.0,1.0,3.0,1,0
STU-005717,2027,information_technology,7.29,34.5,59.3,54.7,6.1,2.0,2.0,1.0,2,0
STU-005718,2027,electronics,7.36,42.2,42.5,54.7,,4.0,1.0,0.0,0,1
STU-005719,2024,computer_science,7.68,46.0,23.6,54.5,11.8,1.0,1.0,2.0,1,0
STU-005720,2024,,8.78,36.9,60.7,83.0,7.2,4.0,2.0,0.0,1,0
STU-005721,2027,electronics,7.39,35.6,36.9,69.5,6.5,4.0,0.0,3.0,1,0
STU-005722,2024,computer_science,6.88,21.0,31.9,69.4,3.0,2.0,0.0,1.0,0,0
STU-005723,2024,electronics,7.54,47.3,100.0,66.6,17.7,1.0,0.0,1.0,1,0
STU-005724,2027,computer_science,7.09,68.3,64.6,55.6,,3.0,1.0,0.0,0,0
STU-005725,2027,computer_science,7.1,53.5,,57.5,8.8,2.0,0.0,1.0,1,0
STU-005726,2027,electronics,5.07,49.5,46.4,48.5,12.1,2.0,0.0,4.0,0,0
STU-005727,2026,computer_science,7.7,70.9,37.5,56.5,27.4,2.0,1.0,1.0,1,0
STU-005728,2025,civil,8.45,86.2,58.0,66.0,8.4,1.0,1.0,2.0,0,0
STU-005729,2027,civil,8.27,94.6,54.1,59.3,7.6,3.0,2.0,1.0,0,0
STU-005730,2025,information_technology,8.19,62.6,27.1,73.3,6.7,1.0,5.0,0.0,1,1
STU-005731,2025,information_technology,7.04,53.9,85.6,65.7,14.6,2.0,0.0,4.0,0,0
STU-005732,2027,computer_science,7.27,52.3,54.5,64.7,5.4,1.0,1.0,2.0,0,0
STU-005733,2026,mechanical,8.47,69.8,46.7,49.8,8.9,0.0,0.0,2.0,0,0
STU-005734,2027,computer_science,8.1,57.9,61.5,44.8,6.1,,0.0,1.0,1,1
STU-005735,2024,civil,8.81,59.3,38.8,46.2,13.2,1.0,0.0,1.0,0,0
STU-005736,2027,civil,6.33,55.4,36.4,77.2,10.5,2.0,2.0,0.0,0,0
STU-005737,2026,computer_science,6.32,42.5,78.4,37.8,15.1,2.0,0.0,2.0,0,0
STU-005738,2026,electronics,6.72,22.5,45.0,64.7,2.7,1.0,0.0,3.0,0,0
STU-005739,2027,information_technology,6.02,46.0,50.8,64.7,6.4,1.0,0.0,0.0,2,0
STU-005740,2025,,5.58,77.0,51.1,52.4,9.7,0.0,0.0,2.0,0,0
STU-005741,2026,computer_science,7.64,80.4,54.6,61.5,14.7,2.0,0.0,0.0,0,0
STU-005742,2026,electronics,7.56,73.2,48.1,64.4,9.3,2.0,0.0,0.0,0,0
STU-005743,2027,computer_science,7.38,51.4,95.1,45.8,9.5,1.0,0.0,4.0,0,0
STU-005744,2027,mechanical,7.51,47.2,44.4,50.9,18.4,2.0,0.0,3.0,1,0
STU-005745,2026,information_technology,5.42,79.2,,60.1,6.7,3.0,2.0,1.0,0,0
STU-005746,2024,electronics,6.55,40.8,61.5,60.6,12.7,0.0,0.0,2.0,0,0
STU-005747,2025,civil,6.76,58.1,32.2,42.1,15.3,1.0,0.0,3.0,0,0
STU-005748,2027,electronics,7.16,83.7,73.0,62.0,5.2,1.0,3.0,1.0,3,0
STU-005749,2027,information_technology,5.42,56.7,45.3,62.6,,1.0,1.0,2.0,0,0
STU-005750,2027,information_technology,6.03,51.7,53.3,74.8,14.1,2.0,0.0,2.0,0,0
STU-005751,2024,information_technology,6.6,74.6,58.4,60.5,8.1,1.0,1.0,3.0,0,0
STU-005752,2025,information_technology,8.32,61.7,54.5,55.2,12.5,4.0,,3.0,0,0
STU-005753,2027,civil,7.4,61.7,72.2,71.6,8.1,2.0,3.0,2.0,1,1
STU-005754,2027,computer_science,8.27,83.3,71.1,76.4,24.6,3.0,3.0,2.0,0,0
STU-005755,2024,information_technology,6.96,19.7,63.6,41.4,11.8,4.0,0.0,0.0,0,0
STU-005756,2026,mechanical,7.1,63.6,29.7,53.5,5.5,1.0,0.0,3.0,0,0
STU-005757,2024,information_technology,7.67,47.9,51.8,31.2,10.7,1.0,0.0,1.0,1,0
STU-005758,2026,mechanical,6.9,54.7,,47.3,7.1,3.0,2.0,2.0,0,0
STU-005759,2025,computer_science,6.38,58.5,82.1,81.6,10.4,1.0,2.0,3.0,0,1
STU-005760,2024,computer_science,5.39,44.6,24.5,45.7,18.9,4.0,0.0,,0,0
STU-005761,2024,electronics,6.41,60.3,41.8,67.3,7.4,0.0,0.0,2.0,0,0
STU-005762,2027,information_technology,8.06,65.9,77.6,66.5,8.2,1.0,0.0,2.0,1,0
STU-005763,2027,civil,8.55,64.2,45.2,52.6,2.0,3.0,2.0,0.0,2,0
STU-005764,2027,information_technology,6.21,58.1,40.7,54.4,11.0,1.0,0.0,0.0,1,0
STU-005765,2026,computer_science,5.11,52.4,75.9,80.2,7.7,1.0,0.0,1.0,0,0
STU-005766,2025,computer_science,8.17,58.9,65.9,73.9,15.6,0.0,0.0,4.0,1,0
STU-005767,2025,information_technology,7.18,59.6,70.3,92.0,4.3,2.0,0.0,2.0,0,1
STU-005768,2026,electronics,5.55,41.0,61.5,25.0,14.1,2.0,0.0,1.0,0,0
STU-005769,2025,computer_science,4.0,71.1,,68.2,13.3,2.0,0.0,0.0,1,0
STU-005770,2027,information_technology,5.99,54.6,52.5,27.3,10.8,0.0,1.0,3.0,0,0
STU-005771,2027,civil,6.57,51.1,68.3,60.1,24.3,3.0,1.0,4.0,1,1
STU-005772,2027,information_technology,5.78,,35.7,57.6,32.5,0.0,0.0,2.0,0,0
STU-005773,2025,electronics,7.9,58.1,88.1,44.6,19.4,3.0,1.0,2.0,0,0
STU-005774,2026,computer_science,6.17,75.0,42.6,52.2,1.6,1.0,0.0,,2,0
STU-005775,2025,mechanical,7.11,71.6,72.8,56.4,,2.0,0.0,1.0,1,1
STU-005776,2024,computer_science,9.83,65.1,74.9,66.8,3.8,0.0,0.0,2.0,0,1
STU-005777,2026,electronics,7.24,72.6,46.6,44.6,4.8,1.0,2.0,1.0,1,0
STU-005778,2026,computer_science,6.97,61.5,63.1,50.3,,3.0,2.0,0.0,0,1
STU-005779,2027,computer_science,6.99,40.7,57.1,67.9,28.5,1.0,0.0,3.0,0,0
STU-005780,2024,computer_science,7.87,73.1,28.5,70.7,19.7,2.0,1.0,2.0,0,0
STU-005781,2027,computer_science,7.73,30.9,56.4,97.4,12.5,4.0,1.0,1.0,0,0
STU-005782,2027,mechanical,5.95,3.1,29.6,63.0,4.0,2.0,0.0,4.0,1,0
STU-005783,2026,computer_science,6.63,67.7,62.1,69.5,9.2,1.0,0.0,1.0,2,0
STU-005784,2027,civil,6.33,63.3,49.9,57.5,16.2,4.0,1.0,1.0,0,0
STU-005785,2025,information_technology,6.77,63.2,69.0,80.2,32.0,3.0,2.0,2.0,0,1
STU-005786,2027,computer_science,9.2,83.2,52.0,,21.8,1.0,0.0,4.0,0,1
STU-005787,2027,information_technology,7.81,59.2,36.2,59.7,7.2,3.0,0.0,1.0,0,0
STU-005788,2027,computer_science,7.01,52.3,36.7,64.1,7.8,3.0,0.0,1.0,0,0
STU-005789,2027,mechanical,8.53,73.0,95.5,67.4,8.7,3.0,0.0,3.0,0,1
STU-005790,2026,computer_science,7.32,47.9,,73.7,15.5,4.0,1.0,2.0,0,1
STU-005791,2027,mechanical,5.22,50.9,81.9,57.8,5.0,0.0,1.0,3.0,0,1
STU-005792,2026,computer_science,9.01,65.8,36.9,73.1,9.7,2.0,2.0,0.0,0,0
STU-005793,2024,computer_science,6.92,62.8,31.3,40.8,12.7,,0.0,0.0,0,1
STU-005794,2024,computer_science,4.51,48.0,26.9,64.1,15.2,4.0,0.0,2.0,0,0
STU-005795,2027,electronics,5.26,47.2,61.2,34.2,10.6,2.0,1.0,2.0,0,0
STU-005796,2026,information_technology,,44.0,96.4,57.4,,2.0,0.0,1.0,0,1
STU-005797,2026,civil,5.28,42.8,63.5,,16.0,2.0,,0.0,0,0
STU-005798,2027,information_technology,,88.6,64.8,64.3,12.6,4.0,0.0,3.0,1,1
STU-005799,2026,computer_science,7.19,54.4,40.1,53.9,18.3,1.0,1.0,4.0,0,0
STU-005800,2025,mechanical,7.92,62.7,53.8,67.8,7.2,2.0,1.0,,0,1
STU-005801,2025,electronics,6.8,35.2,55.7,59.9,,2.0,0.0,4.0,1,0
STU-005802,2026,mechanical,7.7,97.9,72.8,44.9,19.9,3.0,1.0,2.0,0,1
STU-005803,2027,information_technology,7.46,,48.4,34.8,19.7,3.0,0.0,2.0,1,0
STU-005804,2026,electronics,7.06,40.5,62.0,60.4,7.9,1.0,0.0,1.0,2,0
STU-005805,2026,computer_science,5.87,54.8,55.2,57.9,4.9,4.0,0.0,0.0,1,0
STU-005806,2027,civil,7.51,45.6,58.8,57.0,3.4,1.0,0.0,2.0,1,0
STU-005807,2026,computer_science,5.01,59.5,40.3,72.4,40.0,2.0,1.0,2.0,2,0
STU-005808,2027,mechanical,8.17,37.7,61.7,80.1,21.8,0.0,0.0,1.0,1,0
STU-005809,2024,computer_science,7.33,75.7,54.7,71.0,7.2,1.0,1.0,1.0,2,0
STU-005810,2027,mechanical,7.63,73.4,44.2,56.2,4.8,2.0,0.0,,0,1
STU-005811,2026,mechanical,4.09,50.4,58.4,62.8,14.8,1.0,1.0,2.0,0,0
STU-005812,2024,mechanical,5.81,30.8,77.0,76.5,8.8,1.0,0.0,3.0,0,0
STU-005813,2026,information_technology,6.52,44.9,56.0,73.4,16.3,4.0,2.0,2.0,1,0
STU-005814,2026,information_technology,7.87,60.7,57.7,69.1,6.8,2.0,1.0,2.0,2,0
STU-005815,2026,mechanical,6.02,37.9,64.0,54.3,11.7,3.0,0.0,1.0,1,0
STU-005816,2027,electronics,10.0,48.3,70.1,76.5,16.4,3.0,0.0,4.0,0,1
STU-005817,2025,electronics,6.8,73.3,73.6,80.8,33.1,3.0,1.0,2.0,0,1
STU-005818,2025,computer_science,5.93,58.2,52.5,73.5,0.2,0.0,0.0,0.0,0,0
STU-005819,2025,information_technology,6.89,59.6,64.5,100.0,13.3,3.0,0.0,2.0,0,0
STU-005820,2025,information_technology,6.01,63.9,80.5,72.5,6.0,1.0,0.0,3.0,3,0
STU-005821,2026,electronics,5.74,53.0,71.5,78.1,0.6,0.0,,0.0,0,0
STU-005822,2027,computer_science,8.26,59.6,57.4,71.0,9.3,1.0,0.0,2.0,0,0
STU-005823,2027,information_technology,7.69,66.2,,60.2,11.7,2.0,1.0,2.0,0,0
STU-005824,2024,mechanical,7.69,71.5,39.6,45.5,14.8,3.0,0.0,1.0,1,0
STU-005825,2025,information_technology,8.57,68.6,57.9,51.2,31.0,7.0,0.0,2.0,0,1
STU-005826,2024,mechanical,7.66,81.2,,51.4,12.6,2.0,2.0,2.0,0,1
STU-005827,2026,computer_science,5.87,56.1,76.5,45.1,23.0,3.0,0.0,2.0,0,0
STU-005828,2025,information_technology,7.91,39.6,45.9,58.0,16.8,2.0,0.0,4.0,0,1
STU-005829,2026,information_technology,5.8,71.9,49.8,62.0,8.1,1.0,3.0,3.0,1,0
STU-005830,2027,information_technology,6.55,53.4,53.3,78.7,11.7,3.0,2.0,6.0,0,1
STU-005831,2026,electronics,7.05,46.6,53.6,,23.8,1.0,0.0,0.0,0,0
STU-005832,2025,computer_science,6.93,,34.0,74.5,2.7,6.0,0.0,1.0,0,0
STU-005833,2025,information_technology,5.04,59.6,55.7,65.8,11.4,1.0,0.0,3.0,0,0
STU-005834,2026,computer_science,5.99,36.8,29.3,67.3,3.5,2.0,2.0,3.0,0,0
STU-005835,2026,electronics,7.07,68.2,74.6,60.7,5.5,1.0,1.0,0.0,1,0
STU-005836,2024,mechanical,6.4,84.9,75.5,91.3,24.8,1.0,0.0,2.0,0,1
STU-005837,2027,computer_science,8.4,65.6,,51.0,4.7,1.0,0.0,5.0,0,0
STU-005838,2026,information_technology,8.59,57.3,39.8,54.2,2.5,3.0,1.0,2.0,0,0
STU-005839,2026,information_technology,5.81,30.6,49.7,63.6,10.8,1.0,1.0,3.0,0,0
STU-005840,2025,electronics,7.17,89.1,46.8,67.5,14.7,1.0,2.0,1.0,0,0
STU-005841,2025,computer_science,8.92,54.1,59.1,65.1,1.9,2.0,1.0,2.0,1,0
STU-005842,2025,information_technology,6.95,36.8,56.3,61.3,33.2,2.0,2.0,3.0,1,0
STU-005843,2025,mechanical,6.63,58.9,37.7,,9.0,2.0,0.0,1.0,0,0
STU-005844,2026,information_technology,8.09,75.3,87.6,70.4,15.9,7.0,1.0,2.0,0,1
STU-005845,2026,electronics,6.78,76.1,43.2,61.5,5.0,1.0,0.0,3.0,0,1
STU-005846,2027,information_technology,8.56,51.0,77.1,87.7,15.6,2.0,0.0,2.0,0,1
STU-005847,2027,civil,6.42,55.4,37.5,68.2,9.9,1.0,2.0,2.0,0,0
STU-005848,2025,,6.55,57.1,54.3,58.1,12.5,1.0,0.0,4.0,0,0
STU-005849,2024,computer_science,8.01,74.7,66.7,79.4,17.6,2.0,0.0,2.0,0,0
STU-005850,2027,information_technology,7.22,67.3,58.2,33.6,15.5,3.0,,2.0,0,0
STU-005851,2027,information_technology,,62.5,51.6,46.2,4.1,3.0,0.0,,1,0
STU-005852,2027,electronics,4.9,67.5,38.2,59.1,3.3,2.0,2.0,2.0,0,0
STU-005853,2024,computer_science,6.69,37.0,46.9,45.5,17.1,3.0,0.0,,2,1
STU-005854,2025,computer_science,8.09,,47.9,73.2,8.6,3.0,0.0,1.0,0,0
STU-005855,2024,,6.2,59.7,57.5,72.8,11.9,3.0,2.0,4.0,1,1
STU-005856,2027,computer_science,7.91,59.1,89.8,84.8,12.4,2.0,0.0,3.0,0,0
STU-005857,2026,electronics,7.41,55.1,62.7,53.9,20.5,1.0,0.0,0.0,0,0
STU-005858,2026,electronics,6.87,59.8,64.6,69.9,9.1,5.0,2.0,4.0,0,0
STU-005859,2026,computer_science,8.66,52.8,80.0,79.9,12.9,3.0,2.0,1.0,0,0
STU-005860,2025,,6.71,98.3,46.2,64.3,10.9,1.0,3.0,1.0,1,0
STU-005861,2026,mechanical,6.79,78.0,23.5,75.8,5.1,3.0,3.0,1.0,0,0
STU-005862,2024,mechanical,6.86,74.1,54.5,60.6,10.4,3.0,1.0,1.0,1,1
STU-005863,2026,computer_science,7.19,50.4,70.3,80.4,5.5,3.0,0.0,,1,1
STU-005864,2027,information_technology,7.98,45.6,93.1,51.3,13.0,3.0,0.0,1.0,1,0
STU-005865,2026,civil,5.41,51.6,32.0,40.3,12.7,2.0,,4.0,0,0
STU-005866,2025,electronics,8.1,61.9,78.1,56.7,4.8,1.0,1.0,2.0,1,0
STU-005867,2027,computer_science,7.18,36.6,60.2,60.8,1.0,2.0,0.0,,0,0
STU-005868,2026,computer_science,7.74,66.7,51.3,68.1,10.3,3.0,0.0,3.0,0,0
STU-005869,2024,electronics,9.85,79.9,,68.3,11.9,0.0,0.0,4.0,0,0
STU-005870,2025,mechanical,,23.5,43.1,52.1,7.4,0.0,1.0,2.0,0,0
STU-005871,2026,civil,5.69,41.9,59.5,48.0,25.2,1.0,0.0,4.0,0,0
STU-005872,2025,civil,7.32,77.1,77.1,84.8,12.0,2.0,2.0,1.0,4,0
STU-005873,2024,computer_science,7.5,64.6,10.7,60.1,6.2,1.0,0.0,2.0,2,0
STU-005874,2024,electronics,8.1,47.2,68.1,55.3,4.5,2.0,1.0,3.0,0,0
STU-005875,2024,computer_science,6.48,68.0,43.2,66.5,4.9,2.0,0.0,3.0,1,0
STU-005876,2026,computer_science,6.15,47.4,43.4,48.4,4.9,0.0,0.0,1.0,0,0
STU-005877,2026,computer_science,5.34,51.1,55.4,52.0,3.1,1.0,0.0,3.0,1,0
STU-005878,2024,civil,5.53,38.0,81.8,73.1,16.6,1.0,0.0,1.0,0,1
STU-005879,2026,computer_science,6.62,57.5,41.3,47.8,18.9,,0.0,3.0,0,0
STU-005880,2025,information_technology,6.97,73.2,53.2,43.4,23.2,4.0,0.0,1.0,0,1
STU-005881,2025,information_technology,9.47,55.8,38.1,57.0,2.7,4.0,0.0,4.0,0,0
STU-005882,2025,computer_science,5.15,64.0,55.1,65.6,23.0,1.0,0.0,3.0,1,0
STU-005883,2027,information_technology,7.49,58.2,45.2,81.2,8.9,2.0,1.0,2.0,0,0
STU-005884,2027,computer_science,6.27,72.7,78.9,66.8,13.1,3.0,1.0,1.0,0,0
STU-005885,2026,information_technology,7.36,51.8,62.6,69.2,15.2,1.0,0.0,1.0,0,0
STU-005886,2024,information_technology,6.46,80.3,48.0,47.7,9.9,3.0,0.0,0.0,0,0
STU-005887,2025,mechanical,8.29,70.8,55.5,64.6,23.9,1.0,1.0,2.0,0,0
STU-005888,2024,electronics,8.28,64.2,66.3,46.3,31.6,1.0,0.0,2.0,1,1
STU-005889,2027,mechanical,6.97,62.1,66.6,74.8,18.9,0.0,1.0,1.0,0,0
STU-005890,2024,information_technology,8.75,54.5,42.1,63.6,18.6,3.0,0.0,5.0,0,0
STU-005891,2027,computer_science,7.97,52.0,56.4,61.3,22.0,2.0,1.0,3.0,1,0
STU-005892,2026,information_technology,8.7,65.3,61.8,69.1,9.5,1.0,0.0,0.0,0,0
STU-005893,2026,civil,7.05,40.1,58.8,55.1,5.2,1.0,2.0,1.0,0,1
STU-005894,2027,computer_science,8.19,51.4,82.0,55.2,1.1,5.0,1.0,1.0,1,0
STU-005895,2024,computer_science,6.22,,27.6,,11.8,0.0,0.0,3.0,1,0
STU-005896,2027,civil,6.1,64.8,67.7,86.9,7.6,5.0,0.0,1.0,1,0
STU-005897,2024,civil,9.61,,71.6,58.8,5.7,2.0,0.0,2.0,0,0
STU-005898,2027,computer_science,5.85,74.7,41.9,57.6,1.9,2.0,,4.0,1,0
STU-005899,2026,mechanical,6.6,,67.1,71.7,3.2,4.0,0.0,1.0,0,0
STU-005900,2024,information_technology,4.92,41.7,40.2,62.2,23.0,1.0,0.0,1.0,0,0
STU-005901,2027,information_technology,6.13,34.2,20.7,29.5,20.3,2.0,0.0,1.0,1,0
STU-005902,2024,information_technology,5.96,60.0,,90.3,28.3,1.0,1.0,3.0,0,0
STU-005903,2024,civil,6.33,77.6,31.6,55.3,2.5,0.0,0.0,4.0,0,0
STU-005904,2027,computer_science,7.44,57.8,47.5,50.2,7.3,4.0,0.0,2.0,1,0
STU-005905,2026,mechanical,7.72,59.8,60.8,59.7,6.5,3.0,1.0,2.0,0,0
STU-005906,2027,computer_science,5.94,55.8,60.9,54.8,14.8,3.0,0.0,0.0,0,0
STU-005907,2026,,6.19,60.2,47.4,55.0,6.0,2.0,1.0,2.0,0,0
STU-005908,2026,,8.35,75.6,36.4,63.6,5.3,1.0,1.0,7.0,0,1
STU-005909,2025,electronics,9.06,90.9,56.8,36.0,5.6,1.0,2.0,2.0,0,0
STU-005910,2024,civil,8.54,68.6,57.5,72.3,9.9,5.0,0.0,0.0,1,1
STU-005911,2027,electronics,5.21,62.9,77.4,75.4,12.0,3.0,,0.0,3,0
STU-005912,2024,electronics,8.47,57.3,70.3,38.3,8.4,1.0,0.0,1.0,0,1
STU-005913,2026,computer_science,9.23,60.8,35.8,68.4,7.0,3.0,0.0,2.0,0,1
STU-005914,2025,civil,5.15,52.5,42.2,50.0,22.6,4.0,0.0,2.0,0,0
STU-005915,2025,information_technology,8.35,55.2,72.2,55.9,4.0,0.0,3.0,2.0,1,1
STU-005916,2026,information_technology,7.36,60.6,56.8,66.9,6.7,3.0,1.0,4.0,0,1
STU-005917,2027,information_technology,6.72,66.8,26.3,74.1,13.1,4.0,1.0,1.0,0,1
STU-005918,2027,information_technology,7.22,59.4,69.8,66.6,10.1,3.0,1.0,1.0,1,0
STU-005919,2027,electronics,7.61,55.0,63.6,42.6,16.7,1.0,0.0,5.0,1,0
STU-005920,2025,information_technology,8.43,62.8,58.1,62.9,4.5,2.0,1.0,1.0,0,1
STU-005921,2026,computer_science,8.37,46.3,46.8,68.9,1.2,0.0,0.0,0.0,1,0
STU-005922,2024,civil,5.37,66.8,65.7,51.2,8.3,1.0,2.0,2.0,0,0
STU-005923,2027,civil,6.35,50.5,21.6,50.2,19.7,3.0,1.0,2.0,1,0
STU-005924,2025,information_technology,7.21,41.1,29.4,61.0,18.4,1.0,1.0,0.0,0,0
STU-005925,2026,civil,8.91,68.7,50.1,70.0,13.5,5.0,1.0,1.0,1,0
STU-005926,2024,information_technology,4.0,59.7,48.1,,6.4,1.0,0.0,0.0,2,0
STU-005927,2027,information_technology,6.4,43.9,29.4,65.4,8.1,2.0,3.0,1.0,2,1
STU-005928,2027,civil,5.34,64.0,39.1,44.4,12.6,3.0,0.0,2.0,0,0
STU-005929,2027,electronics,5.53,64.6,43.3,65.8,11.4,3.0,0.0,1.0,0,1
STU-005930,2024,mechanical,8.23,90.1,65.8,36.5,17.8,5.0,0.0,5.0,0,1
STU-005931,2027,information_technology,6.49,53.5,48.2,66.3,1.3,3.0,1.0,2.0,0,0
STU-005932,2025,information_technology,4.42,52.0,40.0,74.3,10.3,4.0,2.0,0.0,1,0
STU-005933,2025,computer_science,6.92,48.7,42.7,59.7,16.5,1.0,0.0,0.0,0,1
STU-005934,2025,civil,9.44,70.3,83.3,69.8,7.3,2.0,0.0,2.0,0,0
STU-005935,2025,computer_science,5.02,54.0,58.3,65.4,6.2,2.0,2.0,1.0,0,0
STU-005936,2026,information_technology,7.71,74.2,68.5,42.7,5.8,5.0,0.0,1.0,0,1
STU-005937,2025,computer_science,8.9,55.3,49.4,45.5,15.0,1.0,5.0,2.0,1,1
STU-005938,2025,electronics,7.04,65.2,46.5,56.9,8.2,5.0,2.0,5.0,0,1
STU-005939,2026,information_technology,9.32,59.1,72.4,59.9,30.2,3.0,1.0,0.0,1,0
STU-005940,2027,mechanical,6.34,29.0,42.4,51.0,8.3,1.0,1.0,3.0,2,0
STU-005941,2026,information_technology,8.76,70.9,46.3,44.9,1.2,2.0,2.0,3.0,0,0
STU-005942,2026,computer_science,8.49,34.8,65.9,22.0,28.8,6.0,0.0,,0,1
STU-005943,2024,computer_science,7.06,55.7,33.0,85.4,25.4,1.0,1.0,4.0,0,0
STU-005944,2027,computer_science,5.39,52.6,45.0,85.9,2.8,2.0,1.0,1.0,1,0
STU-005945,2024,electronics,5.95,55.8,66.0,50.2,5.3,2.0,0.0,2.0,0,0
STU-005946,2025,mechanical,4.4,53.5,47.1,41.8,19.6,1.0,1.0,1.0,0,0
STU-005947,2024,,7.78,60.1,40.3,82.4,3.1,1.0,1.0,3.0,0,0
STU-005948,2026,information_technology,7.65,64.7,65.6,32.3,7.6,2.0,1.0,1.0,0,0
STU-005949,2025,computer_science,7.19,56.8,45.5,76.4,5.1,0.0,0.0,2.0,1,0
STU-005950,2026,mechanical,6.96,97.2,,70.9,18.9,2.0,2.0,3.0,0,0
STU-005951,2025,civil,8.66,56.2,70.3,57.1,23.2,2.0,1.0,4.0,0,1
STU-005952,2026,electronics,7.44,40.5,50.9,81.5,22.0,4.0,0.0,3.0,1,0
STU-005953,2026,computer_science,6.46,35.8,40.1,52.8,13.0,2.0,0.0,5.0,0,0
STU-005954,2024,information_technology,7.27,68.4,41.6,73.8,15.2,3.0,0.0,5.0,0,0
STU-005955,2026,civil,9.45,39.0,100.0,58.5,29.5,2.0,0.0,,0,1
STU-005956,2026,computer_science,7.82,41.5,19.3,45.0,8.6,7.0,0.0,1.0,1,0
STU-005957,2026,electronics,6.65,37.0,23.7,90.6,10.4,0.0,1.0,3.0,0,1
STU-005958,2024,civil,7.05,65.0,73.9,52.1,2.5,1.0,1.0,3.0,1,0
STU-005959,2026,mechanical,7.63,79.2,72.6,56.0,1.8,1.0,1.0,4.0,0,0
STU-005960,2025,electronics,6.62,43.1,59.6,73.4,17.2,4.0,0.0,2.0,0,0
STU-005961,2024,information_technology,6.51,63.4,19.2,,40.0,2.0,2.0,2.0,0,0
STU-005962,2024,civil,7.09,18.6,64.5,43.5,14.0,0.0,1.0,3.0,0,0
STU-005963,2026,information_technology,8.85,50.5,45.7,82.2,7.2,2.0,0.0,4.0,1,0
STU-005964,2025,civil,8.01,69.1,57.4,61.9,26.7,1.0,1.0,4.0,0,0
STU-005965,2026,information_technology,6.63,52.6,60.4,60.8,18.0,2.0,2.0,3.0,0,0
STU-005966,2025,electronics,8.1,75.1,68.0,59.7,13.7,3.0,1.0,1.0,0,1
STU-005967,2027,civil,7.11,24.7,44.4,61.8,17.2,2.0,0.0,0.0,0,0
STU-005968,2025,information_technology,,48.0,78.8,40.2,12.4,2.0,0.0,2.0,1,0
STU-005969,2026,computer_science,7.39,65.6,70.4,67.7,20.0,1.0,0.0,0.0,1,0
STU-005970,2027,computer_science,4.67,59.9,29.4,64.9,3.8,5.0,0.0,1.0,0,0
STU-005971,2025,mechanical,4.0,59.8,34.8,56.9,12.6,1.0,0.0,2.0,0,0
STU-005972,2024,electronics,7.36,61.8,43.5,64.9,7.5,1.0,0.0,5.0,1,0
STU-005973,2026,computer_science,6.12,39.1,50.4,59.1,1.3,2.0,0.0,3.0,0,0
STU-005974,2027,mechanical,5.21,42.7,58.6,61.0,,2.0,2.0,0.0,1,0
STU-005975,2027,civil,6.15,91.1,20.2,67.8,15.7,2.0,0.0,1.0,0,0
STU-005976,2025,mechanical,8.16,41.4,25.9,58.8,24.0,,1.0,1.0,0,0
STU-005977,2027,electronics,7.51,37.8,42.9,51.1,6.2,4.0,0.0,4.0,1,0
STU-005978,2025,civil,,70.2,81.9,72.6,,0.0,1.0,2.0,1,0
STU-005979,2024,mechanical,7.62,43.4,61.5,46.9,15.8,1.0,0.0,3.0,0,0
STU-005980,2026,computer_science,6.04,83.0,78.0,76.7,7.2,1.0,0.0,1.0,1,0
STU-005981,2026,civil,7.99,100.0,,57.2,1.0,1.0,0.0,1.0,0,0
STU-005982,2026,information_technology,7.77,55.9,43.8,74.3,3.1,2.0,1.0,2.0,1,0
STU-005983,2027,civil,6.96,62.6,26.4,82.1,11.2,1.0,2.0,1.0,0,0
STU-005984,2025,mechanical,7.17,31.0,41.6,61.2,11.7,1.0,1.0,1.0,0,0
STU-005985,2026,electronics,8.01,75.5,48.5,74.2,7.0,5.0,1.0,3.0,0,0
STU-005986,2025,computer_science,6.24,22.9,10.7,70.8,6.0,2.0,1.0,4.0,1,0
STU-005987,2024,computer_science,8.35,40.6,46.1,64.6,7.5,5.0,0.0,2.0,1,0
STU-005988,2025,,7.75,61.3,43.6,70.4,5.8,2.0,1.0,1.0,0,0
STU-005989,2027,electronics,7.1,66.4,55.8,58.1,8.4,0.0,0.0,3.0,0,0
STU-005990,2026,mechanical,8.86,39.5,61.7,85.0,30.3,3.0,1.0,5.0,1,1
STU-005991,2024,computer_science,5.61,47.1,54.9,,30.1,4.0,0.0,1.0,0,0
STU-005992,2026,computer_science,6.57,32.2,25.7,51.8,11.3,2.0,0.0,5.0,1,0
STU-005993,2027,electronics,6.32,51.9,33.0,55.9,4.3,3.0,2.0,2.0,0,0
STU-005994,2027,computer_science,7.51,47.0,72.8,74.4,11.0,2.0,0.0,1.0,0,1
STU-005995,2026,computer_science,8.46,51.4,56.4,49.1,5.6,3.0,1.0,3.0,0,0
STU-005996,2025,computer_science,5.97,65.7,65.3,88.5,,2.0,3.0,3.0,0,0
STU-005997,2026,electronics,10.0,68.2,64.6,80.3,18.9,2.0,,1.0,1,1
STU-005998,2027,electronics,6.34,65.1,55.5,44.8,6.6,2.0,0.0,2.0,0,0
STU-005999,2027,mechanical,7.51,57.1,66.0,72.8,14.9,1.0,0.0,2.0,1,0
STU-006000,2027,computer_science,7.1,69.0,,48.5,7.4,0.0,0.0,1.0,0,0
STU-006001,2026,computer_science,,57.8,44.3,50.3,,3.0,1.0,6.0,0,0
STU-006002,2024,mechanical,6.19,49.0,40.2,55.4,,3.0,0.0,1.0,1,0
STU-006003,2026,civil,8.33,69.2,59.0,51.6,19.1,3.0,0.0,1.0,1,1
STU-006004,2024,information_technology,6.12,49.9,61.2,72.2,4.9,0.0,1.0,0.0,1,1
STU-006005,2024,mechanical,5.07,49.2,40.4,65.6,16.2,4.0,2.0,2.0,0,0
STU-006006,2026,mechanical,5.81,71.6,69.9,67.9,9.6,3.0,0.0,2.0,3,0
STU-006007,2026,civil,8.76,76.1,91.8,62.0,11.7,,0.0,4.0,0,1
STU-006008,2027,information_technology,8.54,56.6,46.2,54.6,17.6,3.0,0.0,2.0,0,0
STU-006009,2027,computer_science,4.79,66.7,66.4,54.7,8.1,0.0,2.0,0.0,0,0
STU-006010,2027,computer_science,8.04,40.9,58.8,77.5,14.7,3.0,1.0,4.0,0,1
STU-006011,2027,mechanical,4.82,49.3,52.8,57.1,5.7,1.0,1.0,0.0,1,0
STU-006012,2026,mechanical,7.07,46.9,53.0,81.5,24.0,2.0,0.0,1.0,1,0
STU-006013,2024,information_technology,5.71,55.4,70.6,53.1,24.8,3.0,0.0,0.0,0,0
STU-006014,2026,computer_science,8.12,71.3,65.4,62.6,10.8,1.0,0.0,3.0,1,0
STU-006015,2024,computer_science,7.74,67.8,52.0,66.3,28.0,0.0,0.0,4.0,2,1
STU-006016,2024,electronics,8.23,66.7,52.8,78.5,21.5,1.0,0.0,4.0,0,0
STU-006017,2024,civil,6.76,59.6,33.6,75.6,3.7,4.0,1.0,3.0,0,0
STU-006018,2027,information_technology,6.88,55.4,44.8,66.3,10.8,4.0,,1.0,1,0
STU-006019,2027,electronics,5.38,72.8,69.2,63.0,13.6,3.0,2.0,1.0,3,0
STU-006020,2027,information_technology,5.91,32.6,69.1,49.3,8.3,0.0,0.0,3.0,0,0
STU-006021,2027,mechanical,8.19,50.4,48.9,59.3,15.4,1.0,0.0,3.0,1,0
STU-006022,2027,mechanical,7.52,65.2,38.4,93.7,10.5,3.0,1.0,3.0,0,0
STU-006023,2024,computer_science,7.22,81.4,72.1,48.6,8.4,3.0,1.0,3.0,2,0
STU-006024,2027,electronics,8.55,55.9,68.5,54.1,18.5,0.0,0.0,1.0,0,1
STU-006025,2027,mechanical,5.6,51.3,15.8,42.7,36.6,1.0,1.0,1.0,0,0
STU-006026,2027,civil,7.93,40.5,100.0,51.5,6.9,1.0,0.0,3.0,0,1
STU-006027,2024,electronics,5.74,47.4,50.2,45.4,20.1,2.0,,2.0,1,0
STU-006028,2024,computer_science,8.8,72.2,91.1,44.8,1.6,1.0,1.0,1.0,0,0
STU-006029,2027,information_technology,7.73,83.1,60.9,66.5,6.2,2.0,0.0,2.0,0,1
STU-006030,2024,electronics,8.21,56.0,42.1,,5.2,3.0,0.0,0.0,0,0
STU-006031,2025,computer_science,6.29,44.6,55.5,66.9,2.4,1.0,1.0,1.0,0,0
STU-006032,2026,civil,,64.3,40.5,47.7,29.8,5.0,0.0,2.0,0,0
STU-006033,2024,computer_science,9.4,38.6,62.5,38.4,17.9,0.0,2.0,5.0,1,0
STU-006034,2024,civil,,77.7,38.9,33.4,9.7,4.0,2.0,1.0,2,1
STU-006035,2027,information_technology,,42.4,57.3,44.9,3.4,1.0,0.0,2.0,0,0
STU-006036,2027,computer_science,6.75,62.2,58.2,47.6,4.8,0.0,0.0,3.0,1,0
STU-006037,2027,information_technology,5.64,59.8,54.6,55.6,19.2,2.0,2.0,1.0,1,1
STU-006038,2025,electronics,8.02,69.4,34.2,65.7,18.8,2.0,1.0,1.0,1,1
STU-006039,2025,mechanical,6.04,59.9,40.2,56.6,2.3,4.0,0.0,2.0,0,0
STU-006040,2026,information_technology,8.61,61.3,,84.2,8.4,3.0,0.0,1.0,0,0
STU-006041,2026,computer_science,8.31,67.0,70.8,94.3,4.3,3.0,0.0,3.0,0,1
STU-006042,2024,civil,7.37,71.3,59.9,60.5,4.1,1.0,0.0,1.0,0,0
STU-006043,2027,electronics,7.31,85.6,36.3,35.2,7.5,4.0,0.0,1.0,1,0
STU-006044,2027,computer_science,,43.9,83.9,54.5,8.8,3.0,1.0,1.0,1,1
STU-006045,2026,mechanical,7.42,31.2,64.6,58.3,14.9,4.0,0.0,4.0,0,0
STU-006046,2025,,6.63,34.1,51.8,71.6,13.3,0.0,0.0,1.0,1,0
STU-006047,2025,computer_science,5.36,27.5,40.4,43.3,6.3,2.0,2.0,4.0,1,0
STU-006048,2024,information_technology,8.2,42.4,49.0,39.3,13.0,1.0,0.0,3.0,0,0
STU-006049,2025,electronics,7.52,39.1,43.7,65.7,34.8,2.0,0.0,4.0,0,1
STU-006050,2026,information_technology,10.0,57.8,87.0,54.3,4.4,1.0,1.0,2.0,1,1
STU-006051,2026,civil,6.99,70.8,59.6,54.1,22.0,4.0,0.0,0.0,0,1
STU-006052,2026,computer_science,7.45,68.3,39.0,49.7,5.7,6.0,1.0,1.0,1,1
STU-006053,2027,civil,7.47,49.6,78.9,56.3,8.6,2.0,1.0,4.0,0,0
STU-006054,2025,computer_science,7.85,51.7,56.9,64.8,6.0,3.0,0.0,4.0,0,1
STU-006055,2024,computer_science,5.99,86.1,35.3,28.4,4.7,,1.0,2.0,0,0
STU-006056,2024,computer_science,7.01,66.9,88.6,,2.2,0.0,0.0,3.0,0,0
STU-006057,2024,computer_science,8.05,62.7,40.6,71.6,11.8,0.0,0.0,1.0,0,0
STU-006058,2026,information_technology,6.72,59.3,39.8,68.3,5.4,2.0,0.0,2.0,0,1
STU-006059,2027,mechanical,8.01,55.7,59.0,91.5,7.7,0.0,0.0,2.0,1,0
STU-006060,2027,mechanical,7.21,88.5,,55.9,9.6,0.0,0.0,1.0,1,0
STU-006061,2026,electronics,7.56,56.3,44.4,60.7,6.6,3.0,0.0,3.0,1,1
STU-006062,2025,computer_science,8.42,63.1,23.1,79.8,1.3,1.0,0.0,1.0,0,0
STU-006063,2024,mechanical,6.84,32.9,54.9,62.8,25.9,0.0,0.0,1.0,0,0
STU-006064,2025,information_technology,5.43,45.3,30.9,83.1,5.3,1.0,1.0,3.0,0,0
STU-006065,2025,electronics,6.79,49.3,48.1,73.4,9.7,3.0,2.0,3.0,1,0
STU-006066,2027,electronics,6.15,63.6,37.8,64.0,5.4,0.0,0.0,4.0,1,0
STU-006067,2026,computer_science,4.66,41.7,27.2,61.8,5.0,3.0,0.0,3.0,1,0
STU-006068,2025,information_technology,6.98,58.7,50.4,58.7,12.5,2.0,1.0,3.0,0,0
STU-006069,2025,civil,7.33,49.6,45.6,61.5,8.1,1.0,0.0,3.0,0,0
STU-006070,2024,computer_science,8.27,44.0,45.8,50.2,5.9,1.0,1.0,2.0,1,0
STU-006071,2027,electronics,5.79,38.5,66.6,71.5,11.7,1.0,1.0,,0,0
STU-006072,2024,civil,7.2,55.8,38.9,88.8,8.3,2.0,0.0,3.0,1,1
STU-006073,2024,information_technology,8.4,62.3,56.3,36.6,9.9,1.0,1.0,5.0,0,1
STU-006074,2025,information_technology,6.44,54.0,52.1,78.5,3.5,5.0,0.0,3.0,2,0
STU-006075,2027,information_technology,7.72,46.9,29.1,65.4,4.6,1.0,,6.0,0,0
STU-006076,2026,mechanical,8.94,59.8,43.7,76.6,10.0,1.0,,4.0,0,0
STU-006077,2026,information_technology,4.96,49.1,46.2,,13.6,2.0,2.0,3.0,0,0
STU-006078,2025,information_technology,7.41,43.2,55.3,59.5,7.9,2.0,1.0,2.0,0,0
STU-006079,2024,computer_science,8.44,62.1,47.4,79.7,,2.0,2.0,4.0,0,1
STU-006080,2027,civil,6.7,,53.3,61.3,13.0,3.0,1.0,3.0,0,0
STU-006081,2025,mechanical,8.69,59.1,66.3,73.5,4.7,2.0,1.0,3.0,0,1
STU-006082,2024,electronics,7.83,37.7,68.3,53.8,36.5,1.0,1.0,4.0,1,1
STU-006083,2026,civil,,84.3,74.9,59.2,6.5,3.0,0.0,0.0,0,0
STU-006084,2024,electronics,7.77,78.4,78.6,69.1,37.8,3.0,1.0,3.0,0,1
STU-006085,2024,civil,9.23,83.9,65.8,67.7,3.7,2.0,0.0,2.0,0,1
STU-006086,2027,computer_science,7.45,58.3,33.2,73.6,16.8,0.0,4.0,5.0,0,1
STU-006087,2026,computer_science,5.53,43.3,44.1,57.2,7.9,4.0,0.0,2.0,0,0
STU-006088,2025,mechanical,6.37,43.4,30.9,,7.5,,0.0,1.0,0,0
STU-006089,2025,information_technology,8.27,77.7,74.5,75.6,18.1,1.0,4.0,2.0,0,1
STU-006090,2027,information_technology,8.25,84.6,83.3,82.2,9.2,2.0,0.0,4.0,3,0
STU-006091,2024,electronics,6.74,43.7,53.9,50.3,18.2,6.0,0.0,2.0,0,0
STU-006092,2024,electronics,,24.5,83.5,78.6,20.1,1.0,0.0,0.0,1,1
STU-006093,2026,information_technology,6.69,57.1,72.4,51.2,30.4,2.0,1.0,3.0,0,1
STU-006094,2026,information_technology,7.63,45.7,62.7,64.9,,2.0,1.0,3.0,0,1
STU-006095,2027,information_technology,7.6,48.6,66.4,66.0,7.8,3.0,0.0,3.0,2,1
STU-006096,2025,computer_science,5.57,51.6,65.4,55.2,9.7,1.0,0.0,3.0,0,0
STU-006097,2024,computer_science,6.97,64.1,31.2,59.5,21.7,1.0,1.0,4.0,0,0
STU-006098,2026,information_technology,9.84,52.0,70.6,37.2,12.7,0.0,0.0,5.0,1,0
STU-006099,2026,mechanical,6.04,58.1,60.6,72.1,7.6,1.0,1.0,3.0,0,0
STU-006100,2024,information_technology,7.82,57.7,33.9,58.1,2.8,2.0,2.0,1.0,1,1
STU-006101,2026,information_technology,5.77,21.0,82.6,,,3.0,1.0,1.0,1,0
STU-006102,2025,electronics,6.03,64.2,69.7,54.0,4.1,2.0,1.0,2.0,0,0
STU-006103,2027,computer_science,5.47,48.2,67.6,72.2,21.6,1.0,0.0,2.0,0,0
STU-006104,2027,information_technology,8.18,41.4,66.7,64.6,10.1,1.0,0.0,5.0,1,0
STU-006105,2026,computer_science,6.1,,35.3,45.9,7.1,2.0,,2.0,0,0
STU-006106,2027,electronics,8.56,64.2,39.7,60.4,1.7,3.0,0.0,,0,0
STU-006107,2027,computer_science,6.49,57.7,51.3,47.5,1.3,2.0,1.0,1.0,0,0
STU-006108,2024,information_technology,7.25,68.2,67.8,62.3,7.4,3.0,1.0,3.0,0,1
STU-006109,2025,electronics,7.57,65.7,66.5,71.6,8.9,4.0,0.0,1.0,1,0
STU-006110,2026,mechanical,5.24,36.9,77.0,64.7,18.6,3.0,0.0,1.0,0,0
STU-006111,2024,electronics,7.33,14.4,51.1,68.1,3.8,3.0,0.0,2.0,0,0
STU-006112,2025,civil,7.5,60.8,50.9,76.8,6.0,4.0,0.0,3.0,0,0
STU-006113,2025,electronics,8.41,70.3,60.8,50.5,31.5,2.0,1.0,5.0,0,1
STU-006114,2027,information_technology,6.0,53.0,31.3,55.9,24.2,1.0,1.0,2.0,0,0
STU-006115,2025,computer_science,6.16,66.2,77.2,36.8,7.8,4.0,1.0,2.0,0,1
STU-006116,2027,computer_science,7.86,44.7,54.2,56.7,6.9,1.0,1.0,3.0,1,0
STU-006117,2025,computer_science,8.72,,66.2,53.4,15.3,1.0,1.0,0.0,0,0
STU-006118,2024,computer_science,6.42,43.0,66.5,71.2,13.0,2.0,,4.0,1,1
STU-006119,2027,information_technology,5.68,65.8,36.9,68.5,4.9,3.0,0.0,2.0,1,0
STU-006120,2024,electronics,6.74,43.8,58.7,83.0,11.0,1.0,1.0,3.0,0,0
STU-006121,2024,electronics,5.93,86.8,50.6,55.0,8.7,0.0,2.0,,0,0
STU-006122,2025,computer_science,7.56,51.6,73.8,67.6,4.7,5.0,0.0,5.0,1,1
STU-006123,2026,information_technology,5.86,67.7,50.6,72.4,7.5,2.0,3.0,0.0,0,1
STU-006124,2025,computer_science,8.22,53.1,11.3,94.1,10.4,0.0,1.0,0.0,1,0
STU-006125,2024,information_technology,7.34,78.8,40.5,68.1,4.0,3.0,2.0,0.0,2,1
STU-006126,2025,information_technology,8.25,80.0,34.5,,17.9,2.0,2.0,2.0,2,1
STU-006127,2025,computer_science,4.31,47.8,77.0,63.8,11.8,1.0,0.0,2.0,0,0
STU-006128,2024,computer_science,5.08,58.3,71.4,68.5,7.6,1.0,0.0,1.0,1,0
STU-006129,2026,civil,8.59,80.3,24.8,81.2,19.6,5.0,0.0,4.0,1,1
STU-006130,2024,information_technology,6.27,61.1,34.9,56.0,22.2,3.0,0.0,,0,0
STU-006131,2025,electronics,5.41,41.0,25.1,52.0,20.8,2.0,0.0,1.0,1,0
STU-006132,2026,computer_science,6.87,58.8,58.1,98.7,5.8,4.0,1.0,3.0,1,1
STU-006133,2027,computer_science,7.38,47.5,40.3,46.2,3.1,2.0,0.0,2.0,0,0
STU-006134,2025,information_technology,6.92,60.1,50.2,74.0,18.1,2.0,1.0,1.0,0,0
STU-006135,2025,civil,7.64,47.5,34.1,67.8,5.1,2.0,1.0,3.0,2,0
STU-006136,2025,computer_science,7.48,64.6,64.2,66.5,3.5,1.0,1.0,1.0,0,0
STU-006137,2027,computer_science,7.42,32.0,,44.8,7.2,2.0,1.0,1.0,0,0
STU-006138,2025,civil,8.65,44.5,100.0,99.9,13.1,3.0,2.0,3.0,1,1
STU-006139,2025,information_technology,7.08,46.3,80.9,64.5,3.6,3.0,2.0,,1,0
STU-006140,2026,computer_science,7.05,55.7,97.4,54.8,9.4,1.0,0.0,2.0,0,0
STU-006141,2025,electronics,8.02,37.4,69.4,43.4,5.9,,0.0,,1,0
STU-006142,2024,information_technology,7.74,46.2,84.4,33.8,10.9,1.0,1.0,0.0,1,0
STU-006143,2024,civil,6.06,67.8,66.4,,9.5,2.0,0.0,5.0,1,0
STU-006144,2026,computer_science,6.99,71.4,37.9,50.3,4.7,1.0,2.0,3.0,1,0
STU-006145,2026,mechanical,7.6,21.2,51.1,58.2,7.9,2.0,2.0,2.0,0,0
STU-006146,2026,computer_science,6.43,48.0,59.9,53.6,1.1,0.0,1.0,0.0,0,0
STU-006147,2027,mechanical,6.48,76.1,72.5,69.5,9.3,1.0,1.0,0.0,1,1
STU-006148,2025,mechanical,5.5,60.8,48.9,67.5,11.6,4.0,0.0,2.0,1,1
STU-006149,2027,mechanical,4.0,58.1,52.4,72.5,12.0,3.0,0.0,2.0,2,0
STU-006150,2027,mechanical,6.67,65.8,48.0,73.1,31.0,1.0,1.0,5.0,0,0
STU-006151,2027,electronics,7.25,44.1,49.0,,21.8,3.0,0.0,3.0,0,0
STU-006152,2027,computer_science,5.84,58.9,25.3,43.1,7.9,1.0,1.0,4.0,1,0
STU-006153,2025,computer_science,8.68,68.4,69.3,59.9,17.1,2.0,1.0,1.0,0,1
STU-006154,2025,information_technology,5.9,57.4,42.2,69.2,8.7,5.0,0.0,4.0,1,0
STU-006155,2026,information_technology,8.15,54.4,37.8,63.5,10.8,4.0,0.0,1.0,0,0
STU-006156,2024,computer_science,7.58,58.4,47.2,35.8,20.7,4.0,0.0,1.0,0,0
STU-006157,2026,electronics,9.6,46.1,70.3,62.8,4.1,1.0,2.0,2.0,1,1
STU-006158,2024,electronics,7.72,68.7,69.2,48.0,7.1,2.0,0.0,2.0,1,0
STU-006159,2024,civil,5.44,33.3,45.6,62.3,9.9,1.0,0.0,2.0,0,0
STU-006160,2027,information_technology,8.31,48.4,78.4,75.5,9.3,1.0,1.0,1.0,1,0
STU-006161,2026,mechanical,9.05,72.3,88.5,27.1,5.4,1.0,1.0,1.0,1,0
STU-006162,2026,electronics,5.06,58.5,42.4,83.1,,3.0,1.0,1.0,1,0
STU-006163,2025,civil,7.83,52.4,74.9,47.4,6.4,2.0,0.0,3.0,0,0
STU-006164,2026,mechanical,8.09,34.5,48.0,75.9,4.3,1.0,2.0,2.0,1,0
STU-006165,2027,computer_science,6.86,57.0,32.3,73.8,5.0,1.0,1.0,2.0,0,0
STU-006166,2026,computer_science,4.31,43.2,28.2,57.8,12.8,,2.0,2.0,0,1
STU-006167,2026,civil,6.76,64.7,39.3,68.4,12.7,3.0,0.0,2.0,2,0
STU-006168,2026,electronics,6.43,49.1,45.3,52.2,6.1,1.0,2.0,2.0,0,1
STU-006169,2025,mechanical,8.86,35.5,96.1,37.8,10.5,0.0,1.0,0.0,2,1
STU-006170,2026,mechanical,7.0,37.2,46.1,77.9,11.3,2.0,2.0,2.0,1,0
STU-006171,2027,electronics,6.63,50.8,47.1,52.4,31.2,4.0,0.0,0.0,0,0
STU-006172,2026,electronics,6.43,58.5,55.3,87.2,3.2,2.0,2.0,4.0,0,1
STU-006173,2025,civil,7.47,41.5,34.4,74.4,2.7,1.0,1.0,0.0,0,0
STU-006174,2026,civil,7.17,47.0,58.1,50.2,12.2,3.0,0.0,1.0,0,0
STU-006175,2026,information_technology,6.19,68.3,62.9,70.2,18.5,1.0,,1.0,1,0
STU-006176,2027,computer_science,7.4,,81.8,69.4,10.1,2.0,0.0,4.0,1,1
STU-006177,2026,computer_science,6.46,61.1,75.2,86.1,22.0,0.0,0.0,2.0,1,0
STU-006178,2025,information_technology,4.12,48.0,49.6,55.2,15.6,3.0,1.0,5.0,0,0
STU-006179,2025,mechanical,7.87,50.4,54.7,58.7,14.5,1.0,0.0,2.0,0,0
STU-006180,2026,mechanical,7.76,67.6,55.2,68.1,9.6,1.0,1.0,4.0,0,0
STU-006181,2024,information_technology,7.33,53.9,63.2,62.3,2.4,4.0,0.0,1.0,1,0
STU-006182,2026,computer_science,6.59,71.0,52.6,42.5,9.3,4.0,1.0,3.0,0,1
STU-006183,2027,information_technology,7.02,72.6,,76.2,,1.0,0.0,2.0,0,0
STU-006184,2026,mechanical,8.04,66.2,43.3,84.4,14.9,1.0,1.0,4.0,0,0
STU-006185,2025,electronics,6.37,49.3,63.9,64.1,14.8,0.0,0.0,2.0,1,0
STU-006186,2027,computer_science,8.09,53.9,64.4,44.2,13.8,2.0,1.0,2.0,1,0
STU-006187,2026,information_technology,5.4,30.2,,60.4,10.5,1.0,0.0,1.0,0,0
STU-006188,2025,information_technology,7.29,57.8,81.5,49.3,7.3,2.0,1.0,0.0,0,1
STU-006189,2026,information_technology,7.13,57.0,59.1,58.4,10.0,1.0,0.0,1.0,0,0
STU-006190,2026,mechanical,8.25,39.8,35.8,64.6,28.7,3.0,0.0,1.0,2,0
STU-006191,2027,civil,6.04,91.5,67.2,71.2,9.4,2.0,0.0,4.0,2,0
STU-006192,2024,computer_science,6.17,64.7,40.2,81.7,13.1,2.0,0.0,1.0,0,1
STU-006193,2025,computer_science,5.5,42.4,42.0,70.8,13.4,5.0,0.0,3.0,0,0
STU-006194,2026,information_technology,6.45,87.7,49.6,,4.3,3.0,0.0,1.0,2,0
STU-006195,2024,computer_science,7.39,51.3,71.2,71.5,32.4,0.0,0.0,2.0,0,1
STU-006196,2025,information_technology,5.03,66.5,46.1,58.0,4.6,5.0,2.0,,0,1
STU-006197,2027,computer_science,6.59,58.5,63.9,59.6,10.7,2.0,2.0,3.0,2,1
STU-006198,2024,computer_science,7.8,,31.5,61.8,11.4,0.0,1.0,0.0,1,0
STU-006199,2026,mechanical,6.98,52.9,36.2,63.9,1.2,0.0,3.0,0.0,2,0
STU-006200,2027,computer_science,7.19,79.9,56.3,76.2,,2.0,1.0,4.0,1,0
STU-006201,2026,mechanical,5.37,67.9,36.1,69.0,6.9,3.0,1.0,1.0,1,0
STU-006202,2026,computer_science,6.98,56.1,51.5,45.4,18.6,1.0,0.0,4.0,1,1
STU-006203,2026,computer_science,7.13,27.5,68.2,41.0,1.4,1.0,0.0,2.0,1,0
STU-006204,2025,computer_science,6.91,62.4,41.0,71.1,13.1,2.0,0.0,0.0,0,0
STU-006205,2024,computer_science,7.28,39.9,43.6,69.5,6.0,0.0,1.0,1.0,0,0
STU-006206,2026,information_technology,6.74,65.6,55.8,79.7,14.7,1.0,1.0,0.0,0,0
STU-006207,2025,mechanical,6.58,46.4,17.2,60.6,11.3,1.0,2.0,2.0,1,0
STU-006208,2025,civil,5.9,46.7,67.7,65.9,,1.0,1.0,0.0,0,0
STU-006209,2024,computer_science,8.22,50.9,62.1,68.7,7.0,5.0,0.0,1.0,0,0
STU-006210,2027,,5.69,70.7,51.3,40.2,5.5,3.0,1.0,1.0,0,0
STU-006211,2024,computer_science,7.28,32.1,47.0,,17.5,4.0,1.0,3.0,0,0
STU-006212,2027,mechanical,9.19,73.4,75.5,72.3,4.0,0.0,1.0,0.0,1,0
STU-006213,2025,computer_science,8.37,65.9,57.7,67.2,2.7,2.0,1.0,1.0,0,1
STU-006214,2026,computer_science,7.69,58.3,78.6,80.9,14.3,0.0,1.0,4.0,0,1
STU-006215,2025,mechanical,7.39,52.1,27.5,87.8,13.1,2.0,0.0,1.0,0,0
STU-006216,2024,mechanical,6.95,65.2,55.9,57.8,,1.0,0.0,2.0,0,1
STU-006217,2026,electronics,6.06,49.5,52.0,57.1,7.8,3.0,0.0,1.0,3,1
STU-006218,2026,computer_science,6.81,50.9,59.5,43.0,28.4,3.0,0.0,1.0,1,0
STU-006219,2025,information_technology,7.76,60.5,81.9,69.3,24.6,3.0,1.0,1.0,0,1
STU-006220,2026,computer_science,7.55,84.9,34.0,33.2,7.3,0.0,0.0,1.0,0,0
STU-006221,2026,electronics,8.01,37.3,35.3,48.4,31.1,4.0,1.0,4.0,0,1
STU-006222,2025,mechanical,8.5,68.5,55.0,66.3,10.0,3.0,0.0,2.0,0,0
STU-006223,2026,computer_science,6.92,55.7,,52.8,13.2,2.0,0.0,8.0,0,0
STU-006224,2024,mechanical,7.32,55.3,95.5,61.3,16.0,1.0,0.0,1.0,0,0
STU-006225,2026,information_technology,,30.9,62.5,59.1,19.9,4.0,0.0,1.0,0,0
STU-006226,2024,mechanical,9.69,37.1,74.6,46.4,13.4,1.0,1.0,1.0,0,0
STU-006227,2026,computer_science,,62.3,66.8,33.1,6.1,1.0,1.0,1.0,0,1
STU-006228,2025,information_technology,7.85,40.7,,71.8,1.9,1.0,1.0,2.0,2,0
STU-006229,2026,computer_science,6.62,72.5,43.0,59.5,21.1,1.0,1.0,0.0,1,0
STU-006230,2026,electronics,6.6,42.0,47.2,66.8,3.6,6.0,1.0,2.0,1,0
STU-006231,2027,computer_science,6.83,65.9,60.1,61.2,4.6,0.0,0.0,0.0,0,0
STU-006232,2026,computer_science,5.67,46.7,41.1,60.9,14.3,2.0,0.0,2.0,0,0
STU-006233,2027,mechanical,4.25,,28.2,64.3,7.7,2.0,1.0,4.0,0,0
STU-006234,2025,electronics,8.43,47.2,51.7,59.3,11.8,0.0,0.0,2.0,0,0
STU-006235,2025,electronics,7.73,66.0,64.4,57.3,12.0,0.0,0.0,1.0,0,0
STU-006236,2024,electronics,6.05,66.8,66.7,47.9,7.5,4.0,0.0,2.0,1,0
STU-006237,2026,electronics,7.62,54.5,35.9,96.8,5.1,2.0,0.0,1.0,0,0
STU-006238,2026,electronics,8.05,69.0,56.0,76.1,18.5,,1.0,3.0,0,0
STU-006239,2027,information_technology,6.3,56.8,51.3,82.9,15.2,2.0,1.0,1.0,0,1
STU-006240,2026,computer_science,7.57,39.1,33.7,79.8,8.8,1.0,1.0,3.0,0,0
STU-006241,2026,information_technology,8.26,66.2,67.7,58.1,1.9,2.0,1.0,3.0,1,0
STU-006242,2024,computer_science,5.45,50.4,47.0,59.5,,1.0,2.0,3.0,0,0
STU-006243,2024,information_technology,7.71,20.2,41.9,62.0,7.9,1.0,2.0,1.0,1,0
STU-006244,2027,information_technology,7.52,53.2,48.9,56.9,22.9,1.0,0.0,0.0,1,0
STU-006245,2024,computer_science,9.26,37.1,73.1,74.3,24.9,2.0,1.0,3.0,0,1
STU-006246,2024,mechanical,7.74,41.0,74.6,,11.3,1.0,1.0,0.0,0,1
STU-006247,2027,electronics,6.63,53.5,59.3,47.1,11.9,2.0,1.0,0.0,0,0
STU-006248,2027,information_technology,6.76,56.4,86.4,43.9,3.8,2.0,1.0,3.0,0,1
STU-006249,2026,civil,9.43,50.3,83.7,,14.9,3.0,0.0,2.0,1,0
STU-006250,2025,computer_science,6.69,65.3,63.1,55.4,1.7,5.0,0.0,4.0,1,0
STU-006251,2027,computer_science,7.77,57.8,46.1,53.3,5.4,2.0,1.0,5.0,1,0
STU-006252,2025,computer_science,6.83,51.3,73.5,63.2,7.0,1.0,3.0,2.0,0,1
STU-006253,2026,information_technology,8.34,61.3,47.3,45.7,11.7,2.0,0.0,3.0,1,1
STU-006254,2025,computer_science,8.4,78.9,,72.4,3.5,,0.0,4.0,1,1
STU-006255,2027,mechanical,7.07,25.9,13.7,46.6,10.2,2.0,1.0,3.0,1,0
STU-006256,2027,computer_science,6.63,76.8,45.1,45.6,3.3,0.0,0.0,1.0,1,0
STU-006257,2026,information_technology,6.6,48.0,29.7,53.0,25.0,3.0,1.0,2.0,0,1
STU-006258,2024,information_technology,5.11,42.5,42.6,60.1,6.0,1.0,2.0,1.0,0,0
STU-006259,2026,computer_science,7.22,52.4,29.7,74.0,14.9,2.0,0.0,1.0,1,0
STU-006260,2025,electronics,7.19,45.1,,61.0,8.1,0.0,1.0,3.0,3,0
STU-006261,2027,electronics,6.16,40.7,59.6,39.5,7.3,2.0,1.0,2.0,0,0
STU-006262,2024,mechanical,4.99,66.7,35.9,68.8,15.2,1.0,0.0,1.0,0,0
STU-006263,2024,electronics,7.34,61.1,50.9,68.6,5.9,3.0,2.0,8.0,0,1
STU-006264,2026,information_technology,7.48,30.2,60.7,53.9,6.4,5.0,0.0,2.0,1,1
STU-006265,2026,information_technology,7.55,69.2,56.4,64.4,7.8,2.0,0.0,2.0,0,0
STU-006266,2027,electronics,5.96,63.8,73.8,82.1,10.8,2.0,1.0,3.0,0,0
STU-006267,2024,information_technology,7.56,36.8,45.6,49.9,7.9,1.0,0.0,2.0,0,0
STU-006268,2027,information_technology,6.89,60.5,63.7,75.4,6.1,1.0,0.0,0.0,0,1
STU-006269,2024,computer_science,8.09,69.5,63.8,79.7,6.6,5.0,4.0,2.0,0,1
STU-006270,2024,electronics,5.98,31.9,23.9,64.5,9.7,1.0,1.0,3.0,0,0
STU-006271,2026,computer_science,8.42,65.1,62.2,44.8,7.6,6.0,0.0,4.0,1,1
STU-006272,2025,civil,8.84,51.5,60.9,80.3,30.8,1.0,1.0,2.0,0,1
STU-006273,2026,computer_science,,66.6,47.6,74.8,9.4,4.0,0.0,1.0,0,0
STU-006274,2024,information_technology,7.56,45.1,87.4,69.7,9.9,3.0,1.0,4.0,0,1
STU-006275,2024,computer_science,8.0,,80.9,61.3,9.5,2.0,0.0,1.0,0,1
STU-006276,2027,computer_science,5.92,52.2,37.7,78.2,9.4,3.0,0.0,1.0,1,0
STU-006277,2025,computer_science,6.54,47.9,64.0,50.1,,3.0,1.0,1.0,0,1
STU-006278,2026,electronics,7.31,47.8,68.9,74.0,10.3,3.0,0.0,3.0,1,1
STU-006279,2027,computer_science,9.43,76.0,,57.5,13.7,1.0,,4.0,0,0
STU-006280,2024,computer_science,5.72,44.6,31.2,38.5,4.6,4.0,0.0,4.0,0,0
STU-006281,2027,computer_science,,77.9,46.7,47.9,9.9,1.0,1.0,2.0,1,1
STU-006282,2025,computer_science,6.88,61.0,63.5,67.7,16.4,5.0,2.0,1.0,0,0
STU-006283,2025,civil,7.06,37.3,63.9,65.1,5.8,1.0,0.0,1.0,0,0
STU-006284,2024,information_technology,8.5,61.4,56.2,68.2,7.6,4.0,,0.0,0,1
STU-006285,2027,mechanical,9.42,63.6,87.1,56.9,14.1,0.0,1.0,1.0,0,1
STU-006286,2026,information_technology,7.59,37.9,82.7,65.0,15.0,1.0,0.0,2.0,2,0
STU-006287,2026,information_technology,8.44,61.0,85.9,70.8,8.7,0.0,0.0,3.0,2,0
STU-006288,2027,mechanical,6.04,64.2,76.4,95.0,17.2,1.0,0.0,3.0,0,1
STU-006289,2025,computer_science,6.49,73.9,52.7,56.5,2.3,6.0,0.0,2.0,0,0
STU-006290,2027,mechanical,5.54,71.4,26.5,76.3,4.5,4.0,1.0,0.0,1,0
STU-006291,2026,information_technology,6.51,92.8,47.5,71.1,4.5,0.0,0.0,4.0,1,0
STU-006292,2027,information_technology,7.75,59.5,56.0,63.7,2.8,4.0,0.0,3.0,0,1
STU-006293,2027,civil,7.34,67.0,45.7,43.8,6.8,1.0,2.0,1.0,0,0
STU-006294,2027,computer_science,9.09,53.1,56.9,81.5,9.5,2.0,0.0,2.0,0,1
STU-006295,2024,civil,9.46,91.2,45.2,65.5,12.1,2.0,1.0,1.0,1,0
STU-006296,2027,civil,6.94,44.5,66.9,53.7,3.6,4.0,1.0,2.0,0,0
STU-006297,2027,computer_science,6.32,84.2,80.0,49.6,7.1,1.0,2.0,2.0,1,0
STU-006298,2026,information_technology,8.43,86.5,100.0,65.7,6.9,2.0,1.0,2.0,0,1
STU-006299,2025,mechanical,8.55,49.3,65.4,48.9,23.3,2.0,0.0,4.0,2,1
STU-006300,2027,computer_science,7.61,74.8,54.5,54.0,7.5,1.0,,5.0,0,0
STU-006301,2025,electronics,7.91,66.7,58.0,53.7,17.5,3.0,0.0,3.0,2,1
STU-006302,2026,computer_science,7.73,53.3,,62.6,12.3,1.0,1.0,1.0,0,1
STU-006303,2026,computer_science,5.96,53.9,73.7,70.4,20.0,1.0,0.0,4.0,0,0
STU-006304,2024,information_technology,5.7,,45.7,57.6,14.2,2.0,0.0,2.0,2,0
STU-006305,2027,electronics,7.04,,75.6,59.0,10.4,0.0,0.0,1.0,0,0
STU-006306,2024,electronics,6.87,80.2,57.2,63.5,6.4,2.0,2.0,1.0,0,1
STU-006307,2026,electronics,7.42,67.4,44.2,51.5,10.1,3.0,0.0,1.0,1,0
STU-006308,2027,computer_science,6.95,46.4,52.2,53.8,13.2,3.0,1.0,1.0,0,1
STU-006309,2025,information_technology,5.14,65.4,76.5,55.5,10.9,2.0,1.0,1.0,1,0
STU-006310,2026,computer_science,4.67,27.1,58.0,66.0,9.2,0.0,0.0,1.0,0,0
STU-006311,2024,computer_science,7.95,54.1,50.2,84.5,24.6,2.0,0.0,6.0,1,1
STU-006312,2027,computer_science,,52.3,68.3,44.6,3.1,3.0,0.0,2.0,0,0
STU-006313,2027,electronics,6.83,67.5,66.5,65.3,5.3,1.0,1.0,0.0,0,0
STU-006314,2024,computer_science,6.46,83.5,47.6,58.8,11.2,5.0,0.0,1.0,0,0
STU-006315,2026,computer_science,6.05,59.4,38.5,59.6,4.0,3.0,0.0,1.0,1,0
STU-006316,2026,electronics,6.02,,32.2,55.2,8.7,0.0,0.0,2.0,0,1
STU-006317,2026,computer_science,8.27,50.1,32.1,78.0,17.3,2.0,1.0,3.0,1,0
STU-006318,2026,civil,6.82,70.2,43.2,28.0,4.3,1.0,1.0,1.0,1,1
STU-006319,2026,information_technology,7.83,56.7,55.3,46.1,7.4,4.0,1.0,1.0,0,1
STU-006320,2026,computer_science,7.98,,80.4,77.3,5.3,1.0,1.0,2.0,0,0
STU-006321,2025,mechanical,7.46,,,78.3,4.5,4.0,0.0,2.0,0,0
STU-006322,2025,electronics,8.02,77.6,62.4,86.6,6.3,,0.0,1.0,0,0
STU-006323,2027,mechanical,7.12,43.8,23.6,66.3,10.9,2.0,2.0,3.0,0,0
STU-006324,2024,information_technology,8.67,38.9,66.7,68.8,6.8,4.0,0.0,0.0,0,1
STU-006325,2026,information_technology,8.05,58.6,31.2,35.9,11.5,3.0,1.0,5.0,1,1
STU-006326,2025,electronics,8.2,43.3,74.6,62.0,10.5,2.0,0.0,2.0,1,1
STU-006327,2027,information_technology,6.02,36.9,66.4,69.8,15.2,0.0,2.0,1.0,1,0
STU-006328,2026,information_technology,7.4,43.2,57.5,55.2,12.4,1.0,1.0,2.0,0,1
STU-006329,2025,computer_science,4.99,69.7,60.8,60.7,4.9,1.0,1.0,0.0,0,0
STU-006330,2025,,8.71,71.2,79.1,79.3,,3.0,0.0,2.0,0,1
STU-006331,2026,computer_science,6.38,93.6,54.4,82.4,5.7,6.0,2.0,0.0,1,1
STU-006332,2027,mechanical,6.54,47.5,50.7,65.5,20.9,0.0,1.0,2.0,2,0
STU-006333,2026,information_technology,5.53,75.0,26.5,61.3,24.8,1.0,0.0,2.0,0,0
STU-006334,2026,civil,7.06,65.5,49.2,72.2,5.7,1.0,0.0,3.0,0,0
STU-006335,2027,computer_science,6.79,49.2,37.2,56.8,27.2,2.0,0.0,3.0,1,0
STU-006336,2025,information_technology,9.2,60.2,46.7,76.6,15.8,3.0,0.0,0.0,0,0
STU-006337,2026,computer_science,8.09,51.8,46.9,54.7,9.5,0.0,0.0,0.0,1,0
STU-006338,2025,electronics,6.51,60.9,19.7,72.5,34.9,4.0,1.0,1.0,1,1
STU-006339,2024,mechanical,5.18,69.2,64.4,61.7,9.7,1.0,1.0,2.0,0,0
STU-006340,2026,information_technology,4.47,47.4,48.6,53.3,2.5,2.0,1.0,3.0,4,0
STU-006341,2027,information_technology,5.92,68.6,70.4,67.0,6.3,2.0,1.0,0.0,1,0
STU-006342,2027,electronics,5.57,74.2,62.9,56.5,6.8,1.0,1.0,2.0,0,0
STU-006343,2027,computer_science,7.5,81.4,65.5,75.9,16.4,0.0,1.0,1.0,0,1
STU-006344,2026,electronics,6.93,40.3,68.2,48.1,1.3,3.0,1.0,,0,0
STU-006345,2025,electronics,7.12,57.5,58.0,65.1,14.2,0.0,1.0,1.0,5,0
STU-006346,2026,computer_science,6.01,66.7,73.2,51.8,14.0,3.0,1.0,1.0,2,0
STU-006347,2027,electronics,7.27,42.2,47.4,78.8,12.3,1.0,1.0,2.0,0,0
STU-006348,2027,electronics,5.47,35.3,48.5,72.0,11.7,0.0,0.0,4.0,1,0
STU-006349,2026,computer_science,7.0,57.6,,,23.4,2.0,2.0,1.0,0,1
STU-006350,2026,computer_science,8.05,53.9,93.5,61.8,21.5,3.0,3.0,2.0,0,1
STU-006351,2027,information_technology,6.68,54.8,43.0,85.6,14.4,3.0,0.0,1.0,0,0
STU-006352,2027,mechanical,7.61,,79.3,72.6,12.3,2.0,1.0,2.0,0,0
STU-006353,2027,electronics,4.83,86.1,23.1,51.4,1.9,2.0,1.0,0.0,0,0
STU-006354,2026,information_technology,4.73,46.5,47.6,75.1,5.1,1.0,0.0,1.0,1,0
STU-006355,2025,computer_science,7.48,67.7,53.8,54.1,9.0,3.0,0.0,2.0,0,0
STU-006356,2026,computer_science,8.3,68.4,42.9,64.1,3.4,2.0,0.0,4.0,0,0
STU-006357,2025,computer_science,6.83,32.3,43.0,32.6,6.8,0.0,1.0,3.0,0,1
STU-006358,2027,computer_science,9.57,85.1,73.8,73.4,16.8,1.0,2.0,0.0,0,1
STU-006359,2026,computer_science,5.44,64.3,43.0,52.6,7.3,2.0,2.0,1.0,1,0
STU-006360,2026,computer_science,6.32,59.0,35.9,59.1,11.2,3.0,1.0,2.0,1,0
STU-006361,2025,electronics,7.26,74.4,71.3,42.5,12.7,4.0,2.0,1.0,1,1
STU-006362,2026,electronics,7.63,58.6,57.2,64.5,13.6,2.0,0.0,1.0,0,1
STU-006363,2026,computer_science,6.43,70.1,58.3,63.0,14.5,1.0,0.0,4.0,0,0
STU-006364,2024,electronics,5.88,27.6,,44.2,14.6,2.0,1.0,1.0,1,0
STU-006365,2027,computer_science,7.81,71.9,84.5,62.5,1.7,0.0,1.0,3.0,1,1
STU-006366,2025,information_technology,7.25,61.3,17.1,58.3,17.9,3.0,1.0,1.0,0,0
STU-006367,2026,civil,6.7,,52.0,79.1,11.5,1.0,0.0,,0,0
STU-006368,2025,information_technology,7.67,,29.2,,8.0,3.0,0.0,3.0,0,0
STU-006369,2026,computer_science,6.94,54.6,100.0,,7.1,1.0,0.0,1.0,1,0
STU-006370,2026,information_technology,6.94,54.2,57.3,41.4,1.1,2.0,0.0,2.0,0,0
STU-006371,2027,electronics,6.9,40.7,71.1,63.1,4.0,0.0,0.0,3.0,0,0
STU-006372,2024,computer_science,6.16,61.7,41.0,,4.1,2.0,,3.0,1,0
STU-006373,2027,civil,6.04,79.7,45.1,67.7,4.1,1.0,1.0,0.0,0,0
STU-006374,2026,information_technology,6.5,35.7,71.7,60.3,2.2,3.0,,3.0,1,0
STU-006375,2025,computer_science,7.14,65.6,64.3,86.2,14.1,1.0,3.0,2.0,0,0
STU-006376,2025,information_technology,4.95,47.6,75.3,57.0,9.5,1.0,2.0,6.0,0,0
STU-006377,2025,electronics,8.19,52.3,45.6,68.7,9.8,1.0,1.0,1.0,0,0
STU-006378,2027,information_technology,7.12,59.4,51.8,57.6,20.5,3.0,0.0,1.0,1,0
STU-006379,2025,civil,5.88,57.1,59.2,50.3,2.4,2.0,1.0,4.0,1,1
STU-006380,2026,civil,8.96,64.7,74.2,45.4,19.6,2.0,1.0,2.0,0,1
STU-006381,2026,computer_science,7.15,41.3,62.7,49.2,7.5,4.0,1.0,4.0,0,0
STU-006382,2027,computer_science,5.56,71.5,26.8,70.5,15.4,1.0,0.0,2.0,1,0
STU-006383,2026,computer_science,8.91,63.0,46.6,80.6,1.3,4.0,1.0,0.0,0,1
STU-006384,2027,electronics,8.66,70.2,67.4,70.4,19.0,0.0,0.0,1.0,1,0
STU-006385,2024,electronics,,74.3,25.0,57.3,3.3,5.0,1.0,4.0,0,0
STU-006386,2027,computer_science,6.73,28.6,38.9,53.2,8.3,2.0,1.0,1.0,0,0
STU-006387,2025,civil,6.57,,53.9,64.3,20.5,1.0,,2.0,0,0
STU-006388,2024,computer_science,4.93,51.4,33.5,47.4,12.6,1.0,0.0,4.0,2,0
STU-006389,2027,mechanical,7.47,74.2,60.8,74.4,8.4,3.0,1.0,2.0,0,1
STU-006390,2025,mechanical,8.07,48.1,57.8,67.2,15.3,2.0,1.0,1.0,1,0
STU-006391,2024,computer_science,7.86,73.7,45.0,48.5,7.4,5.0,2.0,2.0,0,0
STU-006392,2026,computer_science,7.14,42.5,42.6,82.9,17.7,1.0,1.0,2.0,1,1
STU-006393,2025,computer_science,8.18,66.4,81.5,45.1,10.2,3.0,0.0,,1,1
STU-006394,2024,civil,5.79,59.9,56.7,62.7,1.5,0.0,1.0,4.0,1,0
STU-006395,2026,information_technology,9.19,,68.0,73.7,7.7,,1.0,2.0,0,1
STU-006396,2027,mechanical,6.21,40.9,52.8,72.3,,6.0,0.0,2.0,1,0
STU-006397,2027,information_technology,6.34,51.1,36.9,53.3,13.3,3.0,0.0,1.0,1,0
STU-006398,2024,information_technology,6.44,,43.2,56.2,16.4,2.0,2.0,2.0,0,0
STU-006399,2026,civil,6.35,79.0,11.6,48.6,7.4,0.0,2.0,,0,0
STU-006400,2027,information_technology,6.88,87.1,43.7,65.1,11.6,1.0,1.0,4.0,0,0
STU-006401,2024,electronics,6.83,65.6,43.8,73.5,5.8,1.0,2.0,2.0,0,0
STU-006402,2025,information_technology,7.25,62.3,65.3,35.3,27.8,2.0,0.0,2.0,0,1
STU-006403,2024,computer_science,6.16,63.1,41.4,69.8,14.8,3.0,0.0,2.0,0,1
STU-006404,2026,computer_science,7.29,87.5,69.5,55.1,16.2,1.0,0.0,1.0,1,0
STU-006405,2025,computer_science,5.85,63.5,46.0,60.7,21.7,3.0,0.0,3.0,1,0
STU-006406,2027,electronics,7.94,61.2,61.3,47.1,10.3,2.0,0.0,3.0,1,1
STU-006407,2027,information_technology,7.93,55.7,58.2,53.3,21.0,3.0,2.0,1.0,1,1
STU-006408,2025,information_technology,7.09,55.8,67.3,89.9,14.3,0.0,0.0,3.0,3,0
STU-006409,2026,computer_science,6.35,62.5,72.9,57.3,14.5,5.0,0.0,4.0,0,0
STU-006410,2025,electronics,7.46,47.6,40.1,61.8,7.4,2.0,1.0,3.0,0,0
STU-006411,2024,mechanical,6.08,46.8,81.2,49.2,17.8,0.0,1.0,1.0,1,0
STU-006412,2027,electronics,7.14,57.3,41.0,98.2,12.5,0.0,0.0,4.0,1,0
STU-006413,2026,civil,6.93,51.1,,68.5,8.0,2.0,0.0,4.0,1,1
STU-006414,2027,computer_science,10.0,72.9,58.0,61.7,1.8,2.0,0.0,3.0,2,0
STU-006415,2026,computer_science,5.69,65.5,75.4,74.9,10.9,2.0,0.0,0.0,0,0
STU-006416,2024,information_technology,4.03,56.0,25.1,67.0,7.9,5.0,0.0,4.0,1,0
STU-006417,2026,computer_science,6.37,64.1,64.7,59.6,8.3,4.0,2.0,1.0,0,1
STU-006418,2025,electronics,5.13,56.0,10.0,60.2,10.2,1.0,0.0,3.0,0,0
STU-006419,2027,mechanical,6.26,0.0,65.9,40.5,16.1,3.0,1.0,3.0,1,0
STU-006420,2026,computer_science,5.61,42.1,46.2,,22.0,3.0,1.0,1.0,1,0
STU-006421,2025,civil,6.06,66.7,44.9,54.9,,1.0,0.0,3.0,1,0
STU-006422,2026,computer_science,5.88,43.2,38.7,66.5,13.1,1.0,0.0,0.0,0,0
STU-006423,2026,electronics,8.21,73.2,58.7,59.0,13.5,4.0,0.0,3.0,0,1
STU-006424,2027,information_technology,7.04,71.8,49.1,71.6,9.2,3.0,0.0,2.0,0,1
STU-006425,2024,electronics,8.34,56.7,35.0,63.4,22.8,2.0,1.0,1.0,0,0
STU-006426,2024,computer_science,7.15,49.4,42.2,50.2,5.1,1.0,1.0,1.0,0,0
STU-006427,2024,civil,8.17,60.5,73.2,82.8,4.0,0.0,0.0,2.0,0,1
STU-006428,2025,civil,6.75,56.8,47.2,56.6,7.5,3.0,2.0,,2,0
STU-006429,2026,information_technology,8.93,71.3,49.3,69.8,2.8,1.0,1.0,2.0,1,0
STU-006430,2024,information_technology,7.64,24.2,58.4,43.6,12.1,3.0,0.0,0.0,1,0
STU-006431,2025,electronics,6.2,45.4,60.1,72.8,40.0,4.0,1.0,0.0,0,0
STU-006432,2026,electronics,7.81,44.4,69.3,,26.6,1.0,2.0,3.0,0,1
STU-006433,2024,information_technology,7.13,20.5,61.3,89.1,12.4,1.0,0.0,0.0,0,0
STU-006434,2027,electronics,6.87,50.3,75.0,71.6,3.5,3.0,0.0,1.0,0,0
STU-006435,2026,mechanical,7.21,35.9,56.7,59.0,16.7,2.0,0.0,1.0,0,0
STU-006436,2025,electronics,7.96,54.1,54.8,70.0,21.8,0.0,0.0,2.0,2,0
STU-006437,2026,computer_science,4.66,46.0,60.5,,6.5,2.0,1.0,3.0,0,0
STU-006438,2025,civil,6.7,64.2,41.7,59.2,11.3,3.0,0.0,2.0,0,1
STU-006439,2027,computer_science,7.89,56.0,51.7,72.4,1.7,0.0,2.0,4.0,3,0
STU-006440,2026,computer_science,7.39,33.4,29.5,70.0,13.2,3.0,0.0,2.0,0,0
STU-006441,2026,civil,5.8,60.8,81.1,,9.0,0.0,1.0,0.0,1,0
STU-006442,2027,computer_science,4.38,89.1,80.0,66.4,4.9,1.0,1.0,2.0,0,0
STU-006443,2027,computer_science,9.06,,60.2,77.1,7.9,1.0,2.0,2.0,0,1
STU-006444,2027,electronics,6.88,68.0,67.5,72.1,6.1,0.0,0.0,3.0,0,1
STU-006445,2025,mechanical,8.84,58.8,74.3,35.7,7.7,1.0,1.0,3.0,1,0
STU-006446,2024,computer_science,8.01,52.7,62.3,61.9,9.1,2.0,3.0,0.0,0,1
STU-006447,2026,information_technology,6.19,48.0,72.4,62.3,5.3,2.0,1.0,1.0,0,0
STU-006448,2026,computer_science,4.22,56.1,22.4,44.5,15.3,1.0,0.0,1.0,0,0
STU-006449,2026,information_technology,6.57,40.1,50.1,47.2,15.2,3.0,4.0,1.0,1,0
STU-006450,2027,information_technology,7.06,61.4,19.8,83.0,4.6,2.0,1.0,5.0,0,0
STU-006451,2025,computer_science,7.62,49.3,40.3,51.8,32.1,3.0,0.0,4.0,1,1
STU-006452,2025,civil,5.82,29.9,22.7,56.1,5.1,2.0,2.0,2.0,0,0
STU-006453,2026,electronics,7.3,48.4,25.0,50.8,12.2,4.0,1.0,2.0,0,0
STU-006454,2025,mechanical,7.3,77.4,47.8,67.8,3.4,0.0,0.0,2.0,1,0
STU-006455,2026,civil,8.23,62.5,66.1,65.9,3.8,2.0,0.0,4.0,0,0
STU-006456,2027,civil,6.75,4.2,42.7,89.1,17.3,5.0,0.0,2.0,2,0
STU-006457,2026,electronics,7.61,49.1,48.2,54.5,23.2,0.0,1.0,2.0,3,0
STU-006458,2027,computer_science,7.43,72.4,44.2,69.3,24.5,3.0,0.0,6.0,0,1
STU-006459,2026,mechanical,8.11,55.7,61.8,35.6,20.0,1.0,1.0,2.0,0,0
STU-006460,2026,information_technology,6.16,64.2,41.4,42.1,6.1,2.0,2.0,0.0,0,0
STU-006461,2025,computer_science,4.0,46.1,25.9,80.6,18.6,2.0,0.0,2.0,0,0
STU-006462,2027,information_technology,6.83,60.4,70.2,77.5,4.3,7.0,0.0,0.0,2,0
STU-006463,2026,computer_science,6.83,58.2,39.5,68.2,,2.0,0.0,4.0,0,0
STU-006464,2025,information_technology,5.77,45.8,28.5,77.8,15.1,3.0,0.0,2.0,1,0
STU-006465,2026,mechanical,5.37,63.3,61.0,46.9,10.0,0.0,1.0,1.0,0,0
STU-006466,2027,information_technology,6.44,79.9,24.1,85.1,15.9,1.0,0.0,,0,0
STU-006467,2025,computer_science,6.97,63.7,75.8,47.5,27.1,1.0,0.0,3.0,0,1
STU-006468,2027,computer_science,7.21,60.0,38.4,66.5,6.2,3.0,0.0,2.0,0,0
STU-006469,2027,mechanical,4.47,40.3,46.3,100.0,26.0,3.0,1.0,0.0,0,0
STU-006470,2027,information_technology,5.08,68.2,30.4,49.7,15.8,4.0,0.0,3.0,1,0
STU-006471,2025,information_technology,8.4,53.1,60.8,80.9,24.5,4.0,2.0,2.0,0,1
STU-006472,2026,mechanical,6.88,66.2,45.7,75.5,19.8,1.0,1.0,2.0,1,0
STU-006473,2027,mechanical,7.1,69.6,38.7,54.5,27.7,2.0,0.0,4.0,0,1
STU-006474,2026,information_technology,5.57,69.9,22.0,91.3,,2.0,1.0,1.0,0,0
STU-006475,2024,electronics,7.09,73.3,46.2,49.2,14.0,1.0,,4.0,1,0
STU-006476,2024,computer_science,6.67,71.9,61.7,61.5,16.2,1.0,0.0,0.0,0,0
STU-006477,2027,civil,6.39,37.9,64.0,71.0,10.1,3.0,1.0,1.0,0,0
STU-006478,2026,electronics,5.42,42.0,36.5,60.7,14.6,3.0,0.0,1.0,0,0
STU-006479,2025,electronics,6.1,,39.2,100.0,16.1,3.0,1.0,0.0,0,0
STU-006480,2025,computer_science,9.37,41.1,61.5,44.4,13.7,3.0,1.0,3.0,2,1
STU-006481,2027,electronics,6.7,80.3,53.8,84.7,5.1,0.0,2.0,1.0,2,0
STU-006482,2026,information_technology,8.01,,59.0,30.3,9.9,2.0,1.0,1.0,1,1
STU-006483,2027,information_technology,6.87,40.9,47.1,21.5,1.8,0.0,2.0,1.0,2,0
STU-006484,2027,electronics,6.74,56.6,47.8,62.7,1.9,2.0,1.0,2.0,1,0
STU-006485,2027,mechanical,6.37,45.5,47.6,72.3,6.4,2.0,2.0,1.0,0,1
STU-006486,2027,information_technology,8.65,95.2,20.5,82.9,3.8,4.0,3.0,4.0,1,1
STU-006487,2025,mechanical,7.53,55.0,50.2,84.5,22.7,2.0,0.0,2.0,0,1
STU-006488,2026,computer_science,,63.1,65.1,64.8,12.6,0.0,0.0,3.0,1,0
STU-006489,2024,electronics,6.65,45.6,77.3,69.0,33.0,2.0,2.0,0.0,0,1
STU-006490,2027,computer_science,8.34,35.7,80.3,65.4,10.4,,0.0,5.0,1,0
STU-006491,2025,computer_science,4.0,41.1,44.5,83.4,13.2,0.0,0.0,3.0,0,0
STU-006492,2026,mechanical,7.46,48.1,36.6,44.7,19.9,1.0,0.0,1.0,0,0
STU-006493,2027,computer_science,7.72,48.6,48.6,52.7,21.7,3.0,1.0,1.0,0,0
STU-006494,2024,civil,6.24,32.5,39.0,74.0,12.7,1.0,0.0,1.0,0,0
STU-006495,2027,computer_science,7.28,60.6,32.2,76.7,3.4,3.0,0.0,0.0,0,1
STU-006496,2024,electronics,7.68,,41.7,80.8,17.8,1.0,2.0,0.0,1,0
STU-006497,2026,computer_science,5.68,32.2,37.3,61.0,3.3,1.0,,2.0,0,0
STU-006498,2026,electronics,8.07,61.7,35.6,55.0,12.5,3.0,,3.0,1,0
STU-006499,2025,civil,7.44,70.3,72.6,71.9,3.7,0.0,2.0,0.0,2,0
STU-006500,2026,information_technology,6.92,75.8,65.1,46.6,7.7,2.0,0.0,0.0,1,0
STU-006501,2027,information_technology,7.22,22.1,55.0,85.3,8.1,0.0,1.0,3.0,1,1
STU-006502,2025,mechanical,7.91,48.9,65.1,55.0,1.3,4.0,2.0,0.0,1,1
STU-006503,2026,electronics,9.76,43.0,71.3,58.1,33.1,,1.0,0.0,1,0
STU-006504,2027,computer_science,7.8,49.8,45.7,72.5,8.0,0.0,1.0,,1,0
STU-006505,2027,electronics,8.03,80.9,89.7,51.8,2.8,3.0,1.0,3.0,1,0
STU-006506,2024,electronics,7.32,47.7,43.2,45.9,5.3,3.0,1.0,2.0,0,1
STU-006507,2027,electronics,9.29,55.4,35.8,78.1,12.8,1.0,1.0,1.0,0,0
STU-006508,2024,computer_science,5.41,42.4,51.4,,4.6,2.0,1.0,1.0,0,0
STU-006509,2026,information_technology,5.1,78.6,57.0,65.6,9.9,1.0,0.0,4.0,0,0
STU-006510,2026,civil,,24.1,51.0,62.3,0.6,3.0,0.0,2.0,1,0
STU-006511,2027,electronics,7.86,51.4,79.6,35.4,35.3,2.0,0.0,1.0,2,0
STU-006512,2024,information_technology,4.14,39.3,46.6,,18.1,0.0,0.0,4.0,0,0
STU-006513,2024,civil,7.1,32.4,41.4,67.0,4.2,1.0,2.0,2.0,0,0
STU-006514,2027,computer_science,6.89,74.3,44.5,79.3,24.0,3.0,1.0,4.0,0,1
STU-006515,2024,information_technology,7.96,32.9,61.3,51.3,9.0,1.0,1.0,6.0,1,0
STU-006516,2026,electronics,7.59,52.3,58.7,49.6,14.2,4.0,0.0,5.0,0,1
STU-006517,2027,electronics,5.02,52.9,67.7,70.8,12.1,4.0,0.0,1.0,0,0
STU-006518,2026,civil,5.86,44.5,64.6,73.2,,1.0,0.0,0.0,0,1
STU-006519,2025,electronics,6.17,30.3,25.0,75.1,8.8,3.0,1.0,2.0,0,0
STU-006520,2025,computer_science,7.95,57.4,55.9,65.1,8.4,0.0,0.0,1.0,0,0
STU-006521,2027,information_technology,7.53,47.6,36.0,54.6,11.3,2.0,1.0,2.0,1,0
STU-006522,2026,computer_science,6.39,68.9,77.3,73.0,7.0,1.0,0.0,2.0,1,1
STU-006523,2024,civil,7.27,66.3,39.5,60.8,18.3,2.0,0.0,3.0,0,1
STU-006524,2025,computer_science,5.88,84.9,54.0,71.4,9.6,3.0,1.0,,1,0
STU-006525,2025,information_technology,9.46,64.6,53.0,54.7,25.7,0.0,0.0,1.0,0,1
STU-006526,2027,information_technology,7.76,68.4,24.4,59.1,15.3,1.0,0.0,2.0,1,0
STU-006527,2025,computer_science,8.0,54.6,37.7,69.5,8.7,2.0,0.0,2.0,2,0
STU-006528,2024,computer_science,8.68,87.0,57.5,33.2,18.0,2.0,2.0,0.0,0,1
STU-006529,2026,,8.27,60.7,69.7,80.7,3.3,1.0,0.0,1.0,0,0
STU-006530,2024,computer_science,7.14,56.7,,61.3,5.9,5.0,,2.0,3,0
STU-006531,2025,civil,6.89,65.9,31.9,,17.6,0.0,1.0,0.0,1,0
STU-006532,2027,civil,8.58,51.5,,64.4,8.2,1.0,1.0,2.0,0,0
STU-006533,2026,computer_science,7.13,50.8,71.7,55.9,11.3,0.0,1.0,2.0,1,1
STU-006534,2024,mechanical,6.24,64.6,60.7,47.4,8.3,2.0,3.0,3.0,1,1
STU-006535,2026,computer_science,9.36,73.7,58.3,89.4,13.0,0.0,1.0,2.0,1,1
STU-006536,2024,computer_science,6.02,,51.9,73.7,11.5,2.0,1.0,3.0,0,0
STU-006537,2024,computer_science,5.11,53.0,50.0,59.8,4.6,1.0,0.0,4.0,1,0
STU-006538,2026,mechanical,8.24,64.5,83.7,,25.3,3.0,1.0,2.0,0,1
STU-006539,2026,electronics,6.26,70.9,81.0,65.7,19.3,3.0,2.0,0.0,1,0
STU-006540,2027,computer_science,7.6,42.8,68.4,39.2,1.7,4.0,0.0,2.0,0,0
STU-006541,2027,electronics,9.19,62.4,64.7,98.8,2.3,3.0,0.0,2.0,1,0
STU-006542,2025,electronics,5.52,11.4,48.5,62.6,1.8,1.0,,3.0,1,0
STU-006543,2027,electronics,7.05,69.2,56.4,87.3,5.5,0.0,0.0,1.0,1,1
STU-006544,2026,information_technology,8.81,49.9,65.7,50.1,17.3,4.0,0.0,2.0,0,1
STU-006545,2025,mechanical,7.88,48.4,49.8,70.2,9.6,1.0,0.0,1.0,0,0
STU-006546,2027,electronics,6.89,56.0,88.0,45.4,7.3,1.0,1.0,4.0,0,0
STU-006547,2024,computer_science,9.85,73.0,52.9,21.7,2.2,6.0,1.0,2.0,0,1
STU-006548,2026,mechanical,6.99,93.9,77.0,74.7,,3.0,0.0,4.0,0,1
STU-006549,2027,computer_science,7.56,35.8,19.9,64.7,12.9,2.0,0.0,1.0,0,0
STU-006550,2025,electronics,9.0,49.3,58.3,54.6,8.8,1.0,0.0,5.0,1,0
STU-006551,2027,electronics,8.23,,54.2,14.7,19.8,1.0,0.0,2.0,1,0
STU-006552,2025,computer_science,8.62,50.3,65.4,55.4,19.8,3.0,0.0,0.0,0,1
STU-006553,2027,,6.07,68.7,45.1,65.8,5.9,3.0,0.0,2.0,2,0
STU-006554,2024,electronics,8.51,58.5,84.6,46.9,8.0,5.0,0.0,2.0,1,1
STU-006555,2024,,7.3,71.9,52.1,63.8,20.3,2.0,0.0,,0,0
STU-006556,2025,mechanical,6.24,52.8,34.5,53.1,8.4,2.0,1.0,0.0,0,0
STU-006557,2027,electronics,7.36,66.9,40.0,45.2,6.3,0.0,0.0,4.0,0,0
STU-006558,2024,computer_science,7.32,44.3,48.2,60.0,11.9,0.0,0.0,1.0,0,0
STU-006559,2027,computer_science,9.25,91.6,76.3,31.6,19.3,4.0,1.0,2.0,2,1
STU-006560,2025,electronics,7.54,33.6,72.5,69.0,12.2,,0.0,1.0,0,0
STU-006561,2026,information_technology,6.2,45.8,31.4,63.4,5.9,4.0,1.0,1.0,0,0
STU-006562,2025,electronics,,34.6,37.1,70.5,7.0,4.0,1.0,4.0,0,0
STU-006563,2024,computer_science,7.05,70.1,37.1,77.8,14.1,3.0,0.0,3.0,0,0
STU-006564,2027,computer_science,5.55,63.2,44.4,58.5,8.5,0.0,0.0,4.0,0,0
STU-006565,2026,electronics,6.28,38.3,68.5,24.4,18.3,3.0,0.0,1.0,1,0
STU-006566,2026,electronics,6.82,72.6,57.2,58.4,8.2,1.0,1.0,2.0,1,1
STU-006567,2026,,6.61,46.8,62.8,46.0,8.8,3.0,1.0,4.0,0,1
STU-006568,2026,computer_science,7.94,65.7,71.4,82.1,9.8,3.0,0.0,6.0,1,1
STU-006569,2026,mechanical,6.25,65.8,42.0,,9.4,2.0,0.0,1.0,2,0
STU-006570,2027,information_technology,4.26,48.8,22.3,73.8,3.5,3.0,2.0,3.0,1,0
STU-006571,2026,mechanical,5.16,68.0,37.7,82.5,14.7,3.0,0.0,1.0,0,0
STU-006572,2026,electronics,7.08,56.0,69.3,51.5,23.2,4.0,2.0,2.0,2,1
STU-006573,2026,information_technology,6.43,61.9,62.9,63.1,12.9,1.0,0.0,3.0,0,1
STU-006574,2026,electronics,5.68,51.2,51.1,62.5,13.9,0.0,0.0,2.0,1,0
STU-006575,2026,electronics,9.35,34.7,80.5,92.9,7.1,3.0,1.0,4.0,0,0
STU-006576,2026,information_technology,8.05,58.3,61.7,79.7,12.5,0.0,2.0,2.0,2,0
STU-006577,2026,electronics,7.03,45.0,,47.1,22.3,,1.0,1.0,1,0
STU-006578,2027,computer_science,7.37,,29.8,53.5,9.9,4.0,2.0,1.0,2,0
STU-006579,2027,civil,6.8,37.1,75.8,55.5,16.4,3.0,1.0,1.0,1,0
STU-006580,2027,computer_science,5.66,73.7,,50.6,15.3,3.0,0.0,,0,0
STU-006581,2027,computer_science,8.29,57.9,52.5,57.6,18.1,2.0,0.0,5.0,1,0
STU-006582,2026,mechanical,8.08,66.3,57.6,54.6,,4.0,1.0,0.0,1,0
STU-006583,2027,computer_science,4.83,33.0,71.8,62.5,13.0,2.0,1.0,1.0,0,0
STU-006584,2024,civil,7.36,54.1,73.3,60.4,17.9,3.0,1.0,4.0,0,0
STU-006585,2026,information_technology,7.49,49.0,50.8,78.2,,1.0,1.0,2.0,0,0
STU-006586,2025,computer_science,6.73,89.0,61.9,51.3,8.6,3.0,0.0,2.0,0,1
STU-006587,2024,computer_science,,52.7,85.9,38.6,,2.0,1.0,1.0,1,0
STU-006588,2027,computer_science,9.39,80.1,70.5,55.1,1.9,3.0,0.0,1.0,0,1
STU-006589,2027,computer_science,6.67,74.8,55.7,53.4,8.5,3.0,0.0,3.0,1,0
STU-006590,2026,computer_science,6.84,74.8,18.8,82.6,9.5,3.0,0.0,3.0,1,0
STU-006591,2025,computer_science,6.71,48.5,,73.8,8.5,3.0,0.0,1.0,0,0
STU-006592,2026,computer_science,6.4,83.9,35.1,80.2,9.2,2.0,0.0,0.0,0,0
STU-006593,2026,information_technology,6.04,86.3,19.4,,11.4,0.0,1.0,3.0,0,1
STU-006594,2027,computer_science,7.68,64.9,27.1,34.4,15.0,4.0,0.0,1.0,0,0
STU-006595,2027,computer_science,9.36,55.7,49.9,50.1,12.5,4.0,0.0,1.0,0,0
STU-006596,2025,computer_science,8.88,48.9,70.8,41.0,10.3,1.0,1.0,3.0,1,1
STU-006597,2025,computer_science,8.01,67.1,78.8,83.9,6.8,2.0,0.0,5.0,1,0
STU-006598,2025,computer_science,4.33,53.6,,73.8,6.3,1.0,3.0,1.0,0,0
STU-006599,2024,computer_science,4.96,56.7,76.3,67.6,9.2,2.0,0.0,3.0,1,0
STU-006600,2025,information_technology,8.32,40.4,53.4,54.0,2.7,2.0,0.0,3.0,0,0
STU-006601,2024,civil,8.96,62.4,58.9,55.6,6.0,1.0,1.0,2.0,1,1
STU-006602,2024,computer_science,7.74,76.6,26.2,50.0,26.2,3.0,1.0,3.0,0,1
STU-006603,2025,computer_science,6.75,69.7,44.2,71.1,4.5,1.0,1.0,2.0,0,0
STU-006604,2024,electronics,8.66,55.1,26.9,63.5,3.4,2.0,2.0,1.0,0,0
STU-006605,2027,information_technology,7.97,58.3,36.1,71.7,14.2,0.0,1.0,2.0,0,0
STU-006606,2024,computer_science,8.41,38.8,71.3,67.9,16.3,1.0,0.0,1.0,0,0
STU-006607,2027,mechanical,4.96,44.0,18.2,73.6,8.0,2.0,1.0,0.0,0,0
STU-006608,2025,electronics,7.49,53.9,30.0,69.2,8.3,0.0,0.0,4.0,0,0
STU-006609,2024,civil,9.14,71.8,33.7,77.4,0.6,3.0,1.0,0.0,0,0
STU-006610,2024,civil,7.71,48.8,71.0,72.4,9.7,4.0,3.0,3.0,0,1
STU-006611,2026,electronics,,44.8,87.6,54.8,16.9,1.0,1.0,1.0,1,1
STU-006612,2025,electronics,7.14,69.6,54.3,68.8,13.0,0.0,0.0,2.0,1,0
STU-006613,2026,information_technology,7.22,52.1,71.9,66.3,9.0,2.0,2.0,2.0,0,0
STU-006614,2024,mechanical,8.71,48.8,42.1,59.3,5.5,5.0,0.0,1.0,1,0
STU-006615,2027,information_technology,6.33,68.8,73.2,61.8,23.8,2.0,0.0,1.0,0,1
STU-006616,2024,computer_science,6.22,63.3,39.7,76.1,4.4,2.0,0.0,3.0,0,0
STU-006617,2025,computer_science,6.55,54.0,64.5,69.6,3.6,3.0,0.0,1.0,0,1
STU-006618,2027,electronics,7.13,53.0,55.0,,13.0,2.0,0.0,3.0,2,0
STU-006619,2025,information_technology,5.25,60.2,15.4,62.6,2.3,1.0,2.0,2.0,1,0
STU-006620,2025,mechanical,7.94,68.0,43.7,78.1,10.4,1.0,0.0,1.0,1,0
STU-006621,2027,computer_science,6.91,61.0,57.6,72.8,5.6,1.0,1.0,0.0,2,0
STU-006622,2025,mechanical,8.08,62.0,27.9,50.7,9.1,0.0,1.0,1.0,1,1
STU-006623,2024,computer_science,4.66,44.2,50.7,57.0,13.0,5.0,1.0,3.0,1,1
STU-006624,2026,electronics,8.09,52.0,35.3,50.1,4.7,6.0,0.0,1.0,0,0
STU-006625,2024,information_technology,8.64,58.7,70.7,46.9,,,0.0,2.0,1,0
STU-006626,2027,computer_science,,44.8,34.3,99.5,7.6,3.0,2.0,2.0,0,0
STU-006627,2026,information_technology,7.13,42.1,63.1,85.4,5.7,3.0,0.0,1.0,1,1
STU-006628,2026,computer_science,8.09,58.8,73.3,78.2,11.7,1.0,0.0,2.0,1,0
STU-006629,2025,computer_science,8.56,76.0,58.4,68.3,11.4,1.0,0.0,2.0,0,1
STU-006630,2026,mechanical,7.7,28.3,56.4,54.4,12.7,2.0,0.0,3.0,1,1
STU-006631,2026,computer_science,7.79,53.7,83.4,46.5,1.3,3.0,2.0,0.0,4,0
STU-006632,2024,electronics,9.01,66.1,49.7,59.1,7.7,5.0,1.0,1.0,0,1
STU-006633,2027,electronics,7.98,76.0,49.8,51.9,9.4,3.0,0.0,3.0,0,0
STU-006634,2026,computer_science,6.18,83.4,62.6,72.0,11.8,2.0,0.0,2.0,0,1
STU-006635,2027,mechanical,8.56,57.2,68.4,64.1,7.5,1.0,1.0,3.0,2,0
STU-006636,2025,mechanical,6.96,87.5,50.7,74.0,6.8,5.0,2.0,1.0,2,1
STU-006637,2024,mechanical,7.14,65.1,34.9,65.4,7.1,2.0,0.0,4.0,0,0
STU-006638,2026,mechanical,7.22,70.7,72.4,38.3,6.1,3.0,1.0,0.0,2,0
STU-006639,2027,electronics,8.21,44.4,38.8,59.6,,1.0,0.0,1.0,0,0
STU-006640,2025,civil,9.11,69.0,,67.4,12.2,4.0,0.0,2.0,0,1
STU-006641,2024,computer_science,7.13,71.8,35.2,65.8,15.9,0.0,0.0,2.0,1,0
STU-006642,2027,computer_science,9.09,51.8,44.6,54.2,3.3,2.0,0.0,2.0,1,0
STU-006643,2025,electronics,7.29,19.5,,55.1,9.4,1.0,0.0,3.0,1,0
STU-006644,2025,computer_science,8.71,63.7,71.2,52.7,20.4,1.0,1.0,3.0,0,1
STU-006645,2026,electronics,7.33,55.4,39.8,38.6,,5.0,1.0,6.0,0,1
STU-006646,2024,information_technology,6.53,77.2,81.9,61.6,3.7,3.0,,1.0,0,1
STU-006647,2024,computer_science,9.31,54.5,69.8,72.9,4.5,3.0,0.0,0.0,1,0
STU-006648,2024,mechanical,6.42,46.3,48.5,55.3,16.0,0.0,0.0,2.0,1,0
STU-006649,2027,computer_science,6.35,39.1,58.9,44.6,32.8,2.0,0.0,5.0,0,0
STU-006650,2025,computer_science,5.66,45.9,,75.9,5.9,3.0,3.0,2.0,0,1
STU-006651,2026,electronics,8.56,100.0,88.6,81.1,4.5,2.0,1.0,5.0,0,1
STU-006652,2027,mechanical,8.83,37.9,65.6,55.8,9.9,4.0,0.0,1.0,0,1
STU-006653,2026,mechanical,7.53,39.0,35.5,48.9,,2.0,0.0,5.0,1,0
STU-006654,2026,computer_science,5.97,55.1,29.5,60.0,15.7,0.0,2.0,2.0,0,1
STU-006655,2026,mechanical,7.09,87.8,31.3,65.9,10.9,5.0,1.0,2.0,0,0
STU-006656,2025,electronics,6.75,68.6,43.1,55.7,16.6,1.0,2.0,1.0,0,0
STU-006657,2026,mechanical,5.91,79.1,51.3,40.0,19.6,2.0,0.0,1.0,1,0
STU-006658,2027,computer_science,6.54,51.3,56.8,75.4,3.9,3.0,0.0,1.0,0,0
STU-006659,2027,information_technology,7.68,38.5,76.9,65.4,13.2,4.0,0.0,,0,0
STU-006660,2026,information_technology,6.4,50.1,17.4,83.7,11.1,3.0,0.0,4.0,0,0
STU-006661,2025,electronics,7.44,57.0,56.6,62.6,4.9,1.0,0.0,2.0,0,0
STU-006662,2027,computer_science,5.06,54.3,55.1,82.6,1.6,5.0,0.0,1.0,0,0
STU-006663,2024,information_technology,9.03,58.9,15.4,58.8,11.8,2.0,0.0,3.0,0,0
STU-006664,2027,electronics,6.65,66.2,61.3,53.5,31.9,1.0,1.0,3.0,3,1
STU-006665,2025,information_technology,8.1,49.5,100.0,55.0,5.5,3.0,0.0,0.0,2,1
STU-006666,2026,information_technology,7.32,44.7,69.4,87.5,,2.0,0.0,,0,0
STU-006667,2027,computer_science,7.56,41.1,62.5,59.4,11.8,3.0,1.0,5.0,1,0
STU-006668,2026,mechanical,5.8,58.7,45.5,84.1,7.6,4.0,2.0,5.0,1,0
STU-006669,2025,electronics,6.23,58.0,55.9,55.5,12.9,3.0,0.0,3.0,1,0
STU-006670,2027,information_technology,6.25,72.9,78.1,42.6,5.2,2.0,0.0,1.0,0,0
STU-006671,2025,civil,7.13,81.5,,71.8,17.3,1.0,1.0,2.0,1,1
STU-006672,2025,electronics,8.63,43.1,81.8,53.0,38.3,2.0,0.0,2.0,1,1
STU-006673,2026,computer_science,7.6,59.5,65.3,66.3,6.9,1.0,1.0,2.0,1,1
STU-006674,2026,electronics,6.06,53.0,78.9,,18.4,0.0,0.0,2.0,0,0
STU-006675,2026,civil,7.2,,74.3,64.6,9.2,2.0,1.0,2.0,0,0
STU-006676,2024,computer_science,7.01,50.1,58.3,85.1,11.3,2.0,1.0,1.0,0,0
STU-006677,2026,electronics,6.7,80.9,55.9,65.5,8.6,1.0,1.0,2.0,3,0
STU-006678,2027,computer_science,,48.7,50.0,63.7,7.8,2.0,0.0,2.0,0,0
STU-006679,2024,mechanical,7.98,48.0,,57.0,9.5,1.0,2.0,2.0,0,0
STU-006680,2026,electronics,6.27,55.8,42.1,69.5,5.5,4.0,2.0,3.0,0,0
STU-006681,2026,civil,6.7,71.1,55.7,68.2,7.5,1.0,0.0,4.0,1,0
STU-006682,2027,electronics,8.23,55.9,56.6,56.4,26.5,1.0,1.0,0.0,1,0
STU-006683,2026,computer_science,7.64,61.2,34.8,75.2,13.0,4.0,0.0,3.0,1,0
STU-006684,2027,information_technology,8.57,26.9,65.0,59.1,5.4,4.0,3.0,2.0,1,1
STU-006685,2025,civil,8.75,70.1,36.1,70.1,7.4,1.0,1.0,1.0,1,0
STU-006686,2025,computer_science,5.54,58.4,41.5,43.4,6.7,,1.0,0.0,0,0
STU-006687,2027,computer_science,7.43,72.1,68.1,74.8,6.2,2.0,2.0,4.0,0,1
STU-006688,2027,electronics,6.52,29.0,55.9,51.9,8.6,3.0,0.0,1.0,0,0
STU-006689,2026,information_technology,5.72,50.9,52.5,71.5,5.0,4.0,1.0,0.0,0,0
STU-006690,2026,computer_science,6.19,70.8,37.1,79.9,15.7,1.0,0.0,2.0,1,0
STU-006691,2026,computer_science,6.75,49.2,71.8,67.7,40.0,1.0,0.0,3.0,1,1
STU-006692,2024,computer_science,6.76,58.3,39.0,78.1,2.5,1.0,1.0,0.0,0,0
STU-006693,2027,electronics,6.4,50.7,64.6,46.9,36.0,2.0,1.0,1.0,2,1
STU-006694,2027,information_technology,7.08,52.4,77.4,60.8,9.4,3.0,0.0,3.0,1,0
STU-006695,2026,information_technology,9.91,81.3,40.6,52.9,7.8,2.0,0.0,0.0,0,0
STU-006696,2025,mechanical,5.12,32.9,40.6,52.7,5.1,5.0,0.0,0.0,2,0
STU-006697,2025,computer_science,8.41,60.1,52.2,39.9,10.9,3.0,0.0,1.0,2,0
STU-006698,2024,electronics,7.08,61.9,60.0,63.1,7.8,2.0,0.0,5.0,3,0
STU-006699,2027,information_technology,6.6,71.3,37.3,75.2,11.5,2.0,1.0,2.0,1,0
STU-006700,2026,information_technology,4.78,51.7,26.3,79.7,21.3,2.0,3.0,2.0,0,1
STU-006701,2025,information_technology,7.98,74.5,58.0,47.2,0.7,3.0,1.0,0.0,2,0
STU-006702,2026,electronics,5.44,54.1,39.2,55.3,11.0,0.0,,,0,0
STU-006703,2027,civil,8.05,61.9,56.7,51.6,1.8,3.0,0.0,2.0,1,0
STU-006704,2024,computer_science,9.1,63.4,78.6,50.7,2.1,2.0,1.0,,1,1
STU-006705,2026,computer_science,5.62,65.1,22.0,57.8,15.1,3.0,1.0,6.0,2,0
STU-006706,2026,information_technology,8.44,,58.8,62.3,4.4,2.0,0.0,2.0,0,0
STU-006707,2024,information_technology,7.13,41.6,45.5,57.9,2.1,4.0,1.0,3.0,1,0
STU-006708,2026,computer_science,4.69,56.6,46.2,42.5,36.2,0.0,4.0,1.0,1,0
STU-006709,2026,mechanical,,63.5,39.9,75.6,17.2,1.0,0.0,3.0,1,0
STU-006710,2024,mechanical,7.3,80.5,36.2,64.5,10.8,1.0,1.0,3.0,0,0
STU-006711,2024,information_technology,7.56,44.0,63.9,67.5,16.6,1.0,1.0,1.0,1,0
STU-006712,2027,information_technology,5.28,62.6,95.2,68.3,3.4,3.0,0.0,3.0,0,0
STU-006713,2025,computer_science,7.14,53.1,53.8,70.6,5.4,0.0,0.0,2.0,2,0
STU-006714,2026,information_technology,8.05,63.0,46.8,64.1,19.2,1.0,0.0,3.0,0,0
STU-006715,2026,electronics,8.25,44.4,47.6,50.3,11.9,0.0,0.0,1.0,0,0
STU-006716,2027,mechanical,6.63,57.0,69.4,83.2,5.1,0.0,1.0,2.0,0,0
STU-006717,2027,information_technology,7.6,64.0,42.5,70.9,10.3,4.0,0.0,3.0,1,0
STU-006718,2027,computer_science,8.33,46.1,82.4,49.4,13.0,4.0,0.0,2.0,0,0
STU-006719,2026,computer_science,8.08,81.9,31.5,49.6,23.2,0.0,0.0,2.0,0,1
STU-006720,2026,computer_science,8.13,,62.8,89.9,2.6,0.0,1.0,5.0,0,0
STU-006721,2025,civil,7.23,66.5,67.2,59.7,2.8,,1.0,2.0,1,1
STU-006722,2025,mechanical,6.99,21.6,67.9,52.5,8.0,1.0,1.0,2.0,0,0
STU-006723,2025,mechanical,,55.0,68.4,54.6,14.7,1.0,1.0,4.0,0,1
STU-006724,2024,mechanical,6.22,63.6,56.4,68.3,6.0,2.0,1.0,1.0,1,0
STU-006725,2026,computer_science,8.38,71.4,80.1,55.3,8.3,2.0,0.0,4.0,0,1
STU-006726,2025,electronics,5.34,53.1,31.5,63.9,2.1,1.0,0.0,,2,0
STU-006727,2024,electronics,6.52,53.4,42.1,94.3,1.6,0.0,3.0,4.0,0,1
STU-006728,2025,computer_science,7.06,66.6,48.4,40.0,2.2,2.0,1.0,2.0,1,0
STU-006729,2027,information_technology,7.64,73.5,82.8,56.3,16.9,0.0,,2.0,1,0
STU-006730,2026,electronics,7.86,80.4,66.4,62.9,1.8,1.0,1.0,2.0,0,0
STU-006731,2027,mechanical,8.81,42.3,73.8,37.3,10.6,5.0,0.0,0.0,0,0
STU-006732,2026,computer_science,7.19,55.4,52.7,69.2,3.5,,0.0,1.0,0,0
STU-006733,2027,mechanical,6.27,23.6,66.0,74.5,5.5,1.0,0.0,5.0,0,0
STU-006734,2027,civil,6.93,37.4,28.3,42.6,1.5,4.0,0.0,1.0,0,0
STU-006735,2024,civil,6.73,,47.0,60.9,11.6,5.0,1.0,1.0,2,0
STU-006736,2027,computer_science,7.7,72.4,54.1,64.6,4.8,0.0,0.0,3.0,0,0
STU-006737,2024,computer_science,5.87,48.5,42.4,70.0,5.9,3.0,0.0,3.0,0,0
STU-006738,2026,electronics,6.9,53.5,49.1,99.4,8.8,2.0,0.0,3.0,0,0
STU-006739,2027,computer_science,8.97,66.4,72.2,51.6,13.5,2.0,0.0,2.0,1,0
STU-006740,2025,computer_science,7.31,48.6,60.3,69.5,12.9,2.0,0.0,3.0,2,0
STU-006741,2026,mechanical,5.89,25.9,70.8,60.2,13.9,5.0,2.0,3.0,0,1
STU-006742,2025,computer_science,6.71,46.2,18.4,57.8,16.1,4.0,0.0,1.0,1,0
STU-006743,2024,information_technology,4.53,51.3,70.4,62.2,11.9,,0.0,4.0,0,0
STU-006744,2024,civil,7.03,65.1,44.1,67.8,7.8,1.0,0.0,2.0,0,0
STU-006745,2024,information_technology,,58.9,85.4,62.1,4.6,3.0,0.0,1.0,0,0
STU-006746,2024,civil,5.74,62.2,42.8,65.9,6.8,3.0,1.0,0.0,0,0
STU-006747,2026,information_technology,5.43,68.7,55.0,60.9,3.0,4.0,0.0,1.0,0,0
STU-006748,2026,information_technology,6.35,73.5,34.1,48.9,4.5,3.0,1.0,1.0,0,0
STU-006749,2026,computer_science,8.16,62.9,39.0,73.6,21.3,3.0,0.0,2.0,1,1
STU-006750,2026,information_technology,9.06,45.1,73.1,76.4,3.6,1.0,2.0,3.0,0,0
STU-006751,2024,computer_science,7.62,40.6,12.2,75.7,16.2,3.0,0.0,2.0,0,0
STU-006752,2025,mechanical,5.62,,28.8,71.4,7.1,2.0,0.0,2.0,0,0
STU-006753,2027,civil,7.07,42.0,68.3,51.1,12.2,,1.0,2.0,1,0
STU-006754,2027,computer_science,9.16,63.8,56.6,48.7,1.2,2.0,1.0,1.0,0,0
STU-006755,2026,computer_science,6.74,85.8,39.0,74.8,7.8,1.0,0.0,0.0,1,0
STU-006756,2024,electronics,7.26,61.7,81.9,45.1,12.0,2.0,1.0,2.0,1,0
STU-006757,2027,information_technology,7.38,57.5,88.4,52.4,21.7,5.0,1.0,1.0,1,0
STU-006758,2027,computer_science,5.32,69.1,48.3,92.0,8.2,2.0,0.0,2.0,2,0
STU-006759,2025,computer_science,8.25,48.1,81.6,69.1,13.6,4.0,0.0,1.0,0,0
STU-006760,2025,computer_science,8.08,75.8,85.1,64.2,9.1,3.0,0.0,1.0,0,1
STU-006761,2024,information_technology,4.81,68.1,46.0,36.1,5.4,2.0,1.0,2.0,1,0
STU-006762,2026,computer_science,5.57,56.0,40.6,52.6,8.8,1.0,1.0,5.0,1,0
STU-006763,2027,electronics,5.98,87.4,52.4,73.7,4.5,3.0,0.0,1.0,0,0
STU-006764,2026,computer_science,7.96,76.6,34.1,41.2,8.2,,1.0,1.0,0,0
STU-006765,2025,information_technology,6.24,57.2,61.6,67.6,11.3,4.0,0.0,,0,0
STU-006766,2026,information_technology,7.56,57.0,51.6,42.7,13.4,2.0,0.0,3.0,0,0
STU-006767,2027,computer_science,6.89,51.3,55.5,53.3,9.4,2.0,1.0,1.0,1,0
STU-006768,2026,mechanical,7.18,56.4,56.4,40.0,9.8,4.0,0.0,1.0,2,0
STU-006769,2027,electronics,7.67,57.8,43.3,63.3,12.3,1.0,1.0,3.0,1,0
STU-006770,2025,mechanical,7.41,54.0,56.0,38.2,11.2,3.0,0.0,3.0,1,0
STU-006771,2025,information_technology,7.08,54.9,32.2,60.8,16.2,1.0,0.0,1.0,0,0
STU-006772,2026,information_technology,7.48,41.1,48.7,70.9,9.0,2.0,1.0,1.0,1,0
STU-006773,2026,computer_science,7.35,50.2,37.5,64.8,8.4,0.0,2.0,2.0,0,0
STU-006774,2027,information_technology,6.86,33.8,39.5,68.5,2.6,0.0,1.0,1.0,0,0
STU-006775,2026,electronics,6.6,63.4,15.0,65.2,16.7,4.0,0.0,4.0,0,0
STU-006776,2025,information_technology,9.26,63.7,56.8,60.7,10.3,3.0,0.0,3.0,1,0
STU-006777,2025,computer_science,6.59,55.3,61.6,61.0,9.0,3.0,0.0,2.0,0,0
STU-006778,2026,computer_science,8.67,74.6,64.7,66.1,22.7,1.0,0.0,4.0,0,0
STU-006779,2025,computer_science,6.31,43.7,70.7,46.7,20.6,2.0,1.0,3.0,1,1
STU-006780,2027,computer_science,8.03,49.4,42.9,56.5,11.6,2.0,0.0,1.0,0,0
STU-006781,2025,electronics,9.15,40.1,55.5,90.5,3.7,1.0,1.0,2.0,1,1
STU-006782,2025,civil,6.71,72.8,69.4,68.8,12.0,2.0,1.0,1.0,1,0
STU-006783,2026,computer_science,6.33,65.7,,79.5,4.9,1.0,0.0,3.0,1,0
STU-006784,2024,computer_science,6.61,77.2,56.6,66.8,12.8,3.0,0.0,3.0,0,0
STU-006785,2026,computer_science,7.08,81.9,91.3,51.8,20.4,1.0,0.0,2.0,0,1
STU-006786,2026,computer_science,7.47,52.6,52.6,57.7,8.0,3.0,1.0,2.0,1,0
STU-006787,2026,electronics,7.05,47.4,47.0,37.6,2.9,1.0,1.0,2.0,1,0
STU-006788,2026,computer_science,6.62,30.3,36.6,81.2,20.6,4.0,2.0,3.0,0,0
STU-006789,2027,civil,9.35,46.2,59.5,74.5,3.5,,0.0,0.0,1,0
STU-006790,2027,mechanical,6.87,52.9,,50.3,9.4,2.0,0.0,2.0,1,0
STU-006791,2025,information_technology,6.39,25.9,62.3,72.7,7.7,3.0,0.0,1.0,0,0
STU-006792,2025,civil,8.06,44.0,83.6,71.4,12.1,4.0,2.0,0.0,0,0
STU-006793,2026,electronics,8.07,,65.4,63.1,29.4,3.0,1.0,1.0,0,1
STU-006794,2026,civil,8.72,74.9,23.8,68.7,9.1,1.0,0.0,1.0,0,1
STU-006795,2026,computer_science,9.32,51.9,75.0,70.0,17.7,1.0,0.0,5.0,1,0
STU-006796,2026,civil,7.5,60.9,58.8,67.4,6.0,1.0,2.0,3.0,0,1
STU-006797,2027,computer_science,6.77,85.5,54.1,64.1,12.5,4.0,0.0,3.0,2,1
STU-006798,2025,information_technology,4.91,26.7,67.4,63.2,1.9,2.0,1.0,2.0,0,0
STU-006799,2026,civil,6.02,72.3,46.4,54.1,14.4,2.0,0.0,2.0,0,1
STU-006800,2024,information_technology,7.34,64.4,66.2,74.7,9.7,5.0,1.0,2.0,0,0
STU-006801,2025,computer_science,5.74,,31.7,89.7,19.7,4.0,0.0,1.0,1,1
STU-006802,2026,computer_science,5.28,69.1,22.3,46.3,6.5,2.0,1.0,3.0,3,0
STU-006803,2026,computer_science,7.18,48.4,45.5,62.5,2.2,,1.0,5.0,0,0
STU-006804,2025,information_technology,7.99,60.0,53.6,52.9,6.6,7.0,1.0,1.0,1,1
STU-006805,2027,information_technology,6.82,35.7,63.6,69.7,1.1,1.0,0.0,1.0,2,0
STU-006806,2027,information_technology,8.13,52.4,40.9,68.0,7.0,4.0,0.0,2.0,0,0
STU-006807,2026,mechanical,7.81,60.1,83.9,63.9,15.8,1.0,1.0,,0,1
STU-006808,2027,computer_science,,65.4,44.3,53.7,11.6,1.0,0.0,0.0,0,0
STU-006809,2026,mechanical,9.6,75.0,63.9,55.4,6.8,3.0,3.0,1.0,1,0
STU-006810,2027,electronics,10.0,87.7,67.2,51.4,8.5,3.0,0.0,1.0,0,0
STU-006811,2024,electronics,7.94,53.3,63.9,37.9,13.0,2.0,2.0,1.0,0,0
STU-006812,2025,electronics,6.57,74.3,60.9,79.2,6.7,1.0,2.0,1.0,1,1
STU-006813,2025,civil,7.17,62.4,94.1,71.4,13.1,3.0,2.0,2.0,1,0
STU-006814,2024,computer_science,8.91,42.2,52.4,80.1,4.3,3.0,1.0,3.0,0,0
STU-006815,2026,electronics,6.07,53.9,56.6,57.1,12.5,1.0,1.0,1.0,0,1
STU-006816,2025,civil,8.76,63.3,60.6,68.9,9.2,0.0,1.0,0.0,0,0
STU-006817,2026,electronics,6.9,45.3,71.3,50.1,4.5,2.0,1.0,4.0,1,0
STU-006818,2025,computer_science,7.36,43.1,64.1,54.0,6.3,0.0,2.0,2.0,0,1
STU-006819,2024,electronics,6.17,40.2,55.4,90.7,6.0,1.0,1.0,0.0,1,0
STU-006820,2027,mechanical,5.58,47.0,23.9,56.8,17.7,2.0,0.0,0.0,1,0
STU-006821,2026,computer_science,,44.6,46.4,75.3,16.6,3.0,0.0,2.0,1,0
STU-006822,2027,electronics,8.6,79.7,44.8,65.5,5.6,3.0,0.0,1.0,1,0
STU-006823,2026,mechanical,6.29,19.8,44.6,42.5,7.3,2.0,2.0,1.0,0,0
STU-006824,2024,information_technology,8.95,63.6,48.8,60.1,15.9,2.0,0.0,1.0,0,0
STU-006825,2026,computer_science,6.44,64.8,44.0,67.3,8.2,1.0,0.0,1.0,0,0
STU-006826,2026,information_technology,5.87,41.3,43.5,71.9,10.6,6.0,0.0,2.0,0,0
STU-006827,2024,electronics,7.39,55.3,49.9,37.0,8.0,5.0,0.0,4.0,0,0
STU-006828,2027,,7.88,54.6,53.5,48.5,6.3,5.0,1.0,0.0,0,0
STU-006829,2026,electronics,7.32,57.5,40.5,66.3,20.2,2.0,2.0,1.0,0,0
STU-006830,2027,information_technology,7.27,68.5,56.7,48.8,1.5,2.0,2.0,1.0,0,0
STU-006831,2026,mechanical,8.94,70.5,47.4,79.1,35.0,3.0,0.0,1.0,2,1
STU-006832,2026,mechanical,7.21,49.4,45.7,61.1,7.7,1.0,1.0,0.0,0,1
STU-006833,2025,mechanical,6.56,34.6,52.4,,9.6,1.0,0.0,3.0,1,0
STU-006834,2027,information_technology,5.8,58.1,6.3,80.1,8.7,3.0,1.0,1.0,1,0
STU-006835,2025,computer_science,8.56,51.3,100.0,45.0,6.0,2.0,0.0,0.0,0,0
STU-006836,2024,electronics,6.61,49.3,62.4,68.5,9.5,2.0,1.0,4.0,0,1
STU-006837,2024,computer_science,6.72,60.8,59.3,63.9,17.9,1.0,1.0,3.0,2,1
STU-006838,2026,information_technology,8.31,54.1,51.4,64.3,8.7,5.0,0.0,3.0,2,0
STU-006839,2027,computer_science,9.46,67.5,66.4,58.9,9.1,0.0,1.0,1.0,1,1
STU-006840,2027,information_technology,7.39,96.5,36.0,64.2,9.9,2.0,,1.0,0,0
STU-006841,2026,electronics,6.94,68.2,63.1,21.0,21.5,0.0,0.0,0.0,1,1
STU-006842,2027,information_technology,7.09,78.4,26.7,,7.6,3.0,1.0,2.0,1,0
STU-006843,2027,information_technology,6.58,64.8,31.7,43.3,23.8,4.0,1.0,,0,0
STU-006844,2025,computer_science,6.69,58.5,41.7,86.8,8.3,3.0,3.0,2.0,1,0
STU-006845,2026,computer_science,,65.3,79.5,48.7,12.6,3.0,0.0,4.0,2,0
STU-006846,2024,information_technology,8.15,67.5,40.9,48.1,20.7,4.0,0.0,1.0,0,1
STU-006847,2025,mechanical,7.0,70.9,60.7,67.7,,4.0,0.0,0.0,0,0
STU-006848,2025,mechanical,8.66,62.2,26.6,65.8,2.3,5.0,1.0,2.0,1,0
STU-006849,2025,civil,6.97,38.3,55.3,68.3,17.9,2.0,0.0,2.0,1,0
STU-006850,2027,,6.68,35.3,83.2,67.1,10.3,1.0,1.0,3.0,0,1
STU-006851,2027,computer_science,8.57,68.1,69.8,60.0,12.3,4.0,0.0,0.0,1,0
STU-006852,2025,information_technology,7.12,41.4,20.3,56.9,23.0,1.0,0.0,2.0,0,0
STU-006853,2026,electronics,6.95,68.2,55.6,70.2,6.6,4.0,3.0,1.0,1,1
STU-006854,2025,electronics,7.14,78.4,47.7,52.3,,3.0,0.0,4.0,0,0
STU-006855,2024,mechanical,8.79,58.3,83.0,63.7,7.3,3.0,0.0,6.0,0,0
STU-006856,2025,information_technology,7.45,77.1,55.1,38.3,4.0,4.0,0.0,,0,0
STU-006857,2025,information_technology,8.54,65.0,,65.6,9.7,,0.0,4.0,1,0
STU-006858,2025,civil,6.83,58.0,52.0,63.4,4.4,1.0,0.0,2.0,2,0
STU-006859,2025,computer_science,8.35,61.8,48.6,61.4,5.0,2.0,2.0,2.0,0,1
STU-006860,2024,mechanical,7.37,46.3,19.8,85.9,7.7,3.0,2.0,3.0,0,0
STU-006861,2025,electronics,8.11,45.9,56.5,82.9,,4.0,0.0,0.0,0,0
STU-006862,2027,computer_science,8.21,35.8,59.9,74.8,13.7,1.0,0.0,3.0,0,1
STU-006863,2024,civil,6.02,45.0,,74.5,4.1,4.0,0.0,2.0,2,0
STU-006864,2025,mechanical,7.18,90.5,73.0,63.5,29.8,1.0,1.0,4.0,0,1
STU-006865,2026,mechanical,8.2,38.0,55.0,66.3,22.8,2.0,1.0,1.0,0,1
STU-006866,2025,computer_science,8.38,43.1,35.0,68.1,2.5,2.0,0.0,2.0,1,0
STU-006867,2026,computer_science,8.54,49.0,46.9,70.4,1.0,2.0,0.0,5.0,2,0
STU-006868,2024,electronics,7.22,,,63.0,14.7,2.0,0.0,3.0,0,1
STU-006869,2026,computer_science,8.87,65.8,83.1,69.6,24.7,4.0,1.0,1.0,0,1
STU-006870,2026,computer_science,6.34,47.5,52.4,62.9,12.3,1.0,0.0,2.0,2,0
STU-006871,2026,information_technology,5.38,51.8,46.3,,11.2,,0.0,1.0,0,0
STU-006872,2026,computer_science,6.78,44.8,50.1,74.8,5.2,2.0,0.0,2.0,0,0
STU-006873,2026,electronics,8.48,53.8,60.8,52.8,14.9,1.0,0.0,1.0,1,1
STU-006874,2025,information_technology,5.85,54.8,82.9,63.9,8.8,1.0,1.0,2.0,0,1
STU-006875,2025,computer_science,5.41,52.8,,63.1,4.9,3.0,0.0,3.0,0,0
STU-006876,2026,information_technology,5.12,84.0,43.0,47.7,5.0,2.0,0.0,1.0,0,0
STU-006877,2024,computer_science,7.95,59.5,59.4,81.5,18.8,4.0,0.0,4.0,0,1
STU-006878,2025,computer_science,5.44,51.7,37.2,50.4,3.0,2.0,0.0,2.0,1,0
STU-006879,2026,information_technology,7.73,22.0,31.4,82.1,4.7,4.0,1.0,3.0,1,0
STU-006880,2024,information_technology,6.72,61.0,24.3,43.2,33.3,1.0,1.0,1.0,2,0
STU-006881,2024,computer_science,6.21,26.8,,41.0,3.4,1.0,0.0,2.0,0,0
STU-006882,2026,electronics,5.95,64.2,70.9,57.3,25.4,2.0,2.0,,2,0
STU-006883,2025,information_technology,7.34,60.8,76.2,67.6,3.2,1.0,2.0,0.0,0,0
STU-006884,2027,electronics,6.23,68.4,33.0,67.5,7.8,1.0,0.0,1.0,1,0
STU-006885,2027,information_technology,7.09,48.7,,80.1,3.1,3.0,1.0,1.0,0,0
STU-006886,2027,electronics,7.56,59.5,59.5,51.2,4.2,3.0,0.0,2.0,1,0
STU-006887,2026,electronics,7.8,69.7,45.9,75.0,7.4,,0.0,3.0,1,0
STU-006888,2025,computer_science,8.17,46.4,81.9,38.8,5.9,2.0,1.0,2.0,0,0
STU-006889,2026,electronics,7.29,67.7,69.1,48.5,13.2,5.0,0.0,1.0,1,1
STU-006890,2026,mechanical,5.89,64.2,56.7,58.3,6.7,3.0,0.0,0.0,0,0
STU-006891,2026,computer_science,7.64,57.2,58.7,46.6,3.4,1.0,1.0,1.0,0,0
STU-006892,2025,electronics,7.85,83.4,31.8,69.7,10.8,4.0,0.0,2.0,1,0
STU-006893,2024,mechanical,6.89,65.5,77.6,52.9,2.4,0.0,0.0,2.0,1,0
STU-006894,2025,computer_science,6.77,32.4,63.9,76.0,7.6,1.0,1.0,2.0,3,1
STU-006895,2024,civil,9.95,78.7,73.7,74.2,16.4,3.0,1.0,3.0,0,1
STU-006896,2024,information_technology,5.61,45.4,36.9,52.5,4.6,4.0,1.0,3.0,0,0
STU-006897,2027,electronics,7.67,71.3,46.6,57.1,9.5,3.0,1.0,1.0,1,0
STU-006898,2024,mechanical,8.3,65.0,68.6,60.7,12.1,2.0,1.0,3.0,0,1
STU-006899,2026,civil,6.71,17.8,72.6,81.0,5.4,2.0,1.0,3.0,0,1
STU-006900,2027,electronics,6.91,66.9,83.9,48.8,13.6,1.0,0.0,1.0,2,1
STU-006901,2025,electronics,6.64,54.0,41.1,28.8,12.7,2.0,1.0,,0,0
STU-006902,2026,computer_science,7.1,51.3,52.7,56.1,2.2,2.0,2.0,6.0,0,0
STU-006903,2026,computer_science,8.13,53.9,23.9,49.1,4.9,2.0,,3.0,3,0
STU-006904,2025,mechanical,6.87,69.6,12.6,40.6,3.1,1.0,0.0,2.0,1,0
STU-006905,2026,information_technology,10.0,50.2,75.9,61.5,15.0,0.0,0.0,4.0,0,0
STU-006906,2027,mechanical,6.58,73.9,38.8,45.6,6.0,3.0,1.0,3.0,0,1
STU-006907,2027,computer_science,8.68,38.6,28.2,66.7,18.0,2.0,0.0,2.0,1,0
STU-006908,2027,computer_science,7.73,63.9,38.1,45.2,9.3,2.0,0.0,0.0,0,0
STU-006909,2027,computer_science,7.22,70.0,61.7,100.0,5.2,1.0,0.0,0.0,0,0
STU-006910,2025,information_technology,8.79,72.8,68.7,76.8,4.1,1.0,0.0,0.0,0,0
STU-006911,2027,computer_science,5.26,57.3,20.2,51.7,10.2,1.0,1.0,3.0,1,0
STU-006912,2026,information_technology,7.59,56.1,78.4,51.2,11.1,4.0,0.0,1.0,0,0
STU-006913,2026,civil,6.28,48.3,40.3,59.3,5.8,4.0,0.0,2.0,1,0
STU-006914,2027,mechanical,6.6,38.9,58.1,72.3,18.5,2.0,0.0,5.0,2,0
STU-006915,2027,mechanical,6.54,46.8,53.8,55.7,32.2,3.0,1.0,1.0,2,0
STU-006916,2027,computer_science,5.99,,50.8,45.7,4.0,3.0,0.0,1.0,0,0
STU-006917,2025,information_technology,5.2,37.5,31.9,41.7,8.3,3.0,0.0,2.0,0,0
STU-006918,2026,electronics,7.55,86.1,56.8,61.7,4.6,2.0,0.0,0.0,0,0
STU-006919,2025,computer_science,7.02,32.3,59.7,51.9,14.7,1.0,0.0,1.0,0,0
STU-006920,2026,information_technology,6.75,74.4,50.6,66.0,10.9,1.0,1.0,2.0,0,1
STU-006921,2027,civil,7.97,41.4,60.6,32.2,4.3,3.0,1.0,2.0,0,0
STU-006922,2027,computer_science,7.62,43.9,76.2,68.6,7.6,0.0,0.0,3.0,0,0
STU-006923,2026,civil,6.79,42.0,46.2,57.5,11.9,2.0,0.0,1.0,0,0
STU-006924,2026,computer_science,10.0,47.3,78.1,37.4,12.4,1.0,0.0,0.0,3,0
STU-006925,2025,computer_science,8.27,74.4,56.5,67.1,12.2,3.0,1.0,,0,1
STU-006926,2024,computer_science,9.91,72.6,90.9,69.0,5.6,2.0,0.0,3.0,0,0
STU-006927,2025,civil,6.62,53.8,29.6,50.7,1.2,3.0,0.0,1.0,1,0
STU-006928,2027,electronics,7.39,99.4,78.7,71.0,13.3,3.0,2.0,2.0,0,1
STU-006929,2025,electronics,5.68,55.1,40.7,42.9,2.8,0.0,0.0,1.0,1,0
STU-006930,2027,information_technology,6.72,58.3,89.8,29.9,6.3,5.0,0.0,1.0,0,0
STU-006931,2025,mechanical,6.43,46.6,60.1,59.6,8.4,5.0,0.0,0.0,1,1
STU-006932,2027,electronics,10.0,51.9,81.5,49.6,15.6,1.0,2.0,1.0,0,1
STU-006933,2026,electronics,6.3,48.6,49.5,44.6,12.0,0.0,,,0,0
STU-006934,2026,electronics,6.83,70.4,65.9,70.0,14.8,2.0,1.0,0.0,0,0
STU-006935,2026,mechanical,5.43,63.4,60.3,65.0,16.3,2.0,3.0,3.0,2,0
STU-006936,2026,electronics,7.71,78.8,55.4,85.0,7.4,0.0,1.0,3.0,0,1
STU-006937,2027,computer_science,6.06,45.4,64.3,67.8,27.6,2.0,1.0,0.0,2,1
STU-006938,2026,mechanical,8.16,69.2,2.5,69.7,3.3,2.0,,2.0,1,0
STU-006939,2024,computer_science,5.04,58.7,36.2,49.8,15.1,1.0,2.0,0.0,0,1
STU-006940,2025,civil,6.96,64.4,55.2,32.0,9.1,0.0,0.0,0.0,0,0
STU-006941,2026,information_technology,4.98,41.0,55.4,89.7,8.9,2.0,0.0,0.0,0,0
STU-006942,2026,computer_science,6.54,41.5,69.7,68.9,9.7,2.0,0.0,2.0,0,0
STU-006943,2026,computer_science,6.77,65.6,49.8,84.5,8.3,2.0,2.0,1.0,1,1
STU-006944,2026,electronics,6.41,69.9,46.0,45.5,9.4,1.0,0.0,0.0,0,1
STU-006945,2025,,6.52,47.8,67.9,76.1,8.0,1.0,0.0,3.0,0,0
STU-006946,2027,mechanical,8.22,69.6,79.4,66.0,4.0,2.0,4.0,2.0,0,0
STU-006947,2027,electronics,,81.2,78.0,76.9,10.7,1.0,0.0,2.0,0,0
STU-006948,2026,,7.49,,54.4,70.1,7.5,2.0,1.0,,0,0
STU-006949,2026,information_technology,6.11,34.6,94.8,58.8,17.0,3.0,1.0,3.0,0,0
STU-006950,2027,mechanical,7.17,38.6,57.0,65.9,20.4,3.0,0.0,2.0,2,0
STU-006951,2026,mechanical,6.69,47.2,57.4,57.1,14.3,2.0,0.0,1.0,0,1
STU-006952,2027,information_technology,8.12,53.6,87.3,73.7,18.4,2.0,1.0,1.0,0,1
STU-006953,2024,civil,7.43,58.3,82.7,50.9,18.1,1.0,0.0,2.0,3,0
STU-006954,2026,computer_science,5.29,54.3,60.2,52.2,,3.0,0.0,3.0,1,0
STU-006955,2026,electronics,8.36,56.6,45.1,59.7,10.0,1.0,0.0,3.0,0,1
STU-006956,2026,mechanical,8.21,70.6,61.8,70.6,4.7,0.0,0.0,0.0,1,0
STU-006957,2025,information_technology,8.82,50.2,71.1,62.7,9.8,4.0,0.0,2.0,1,1
STU-006958,2026,computer_science,6.51,76.0,86.2,57.4,22.5,3.0,,1.0,1,1
STU-006959,2025,electronics,7.45,73.0,100.0,76.8,18.6,1.0,1.0,2.0,0,0
STU-006960,2027,information_technology,5.74,,,70.2,14.6,0.0,0.0,1.0,3,0
STU-006961,2025,computer_science,7.04,48.2,69.7,55.6,10.6,2.0,2.0,0.0,0,0
STU-006962,2024,computer_science,7.56,57.4,43.4,47.4,12.9,3.0,0.0,0.0,2,0
STU-006963,2026,mechanical,6.37,67.6,50.4,59.5,3.6,1.0,1.0,0.0,1,0
STU-006964,2025,computer_science,7.49,56.0,42.2,53.3,26.3,2.0,1.0,3.0,1,0
STU-006965,2024,information_technology,7.29,48.1,84.5,51.2,,1.0,2.0,2.0,0,1
STU-006966,2026,civil,6.58,46.1,57.4,72.5,6.0,3.0,0.0,5.0,0,0
STU-006967,2026,electronics,8.71,51.1,66.8,77.8,5.2,5.0,0.0,2.0,1,1
STU-006968,2024,information_technology,6.83,40.2,55.2,61.2,5.9,2.0,0.0,4.0,0,0
STU-006969,2026,,7.25,100.0,62.4,61.9,10.9,3.0,,1.0,1,1
STU-006970,2026,computer_science,5.41,25.5,55.6,51.6,11.8,1.0,2.0,4.0,1,0
STU-006971,2027,information_technology,7.7,44.7,,47.1,1.9,1.0,0.0,2.0,0,0
STU-006972,2025,computer_science,6.55,66.0,24.5,73.1,2.9,0.0,0.0,0.0,1,0
STU-006973,2025,computer_science,8.2,50.2,37.2,44.2,9.8,0.0,1.0,4.0,0,1
STU-006974,2027,computer_science,5.59,,22.0,53.3,9.6,2.0,0.0,1.0,1,0
STU-006975,2026,electronics,7.6,65.1,60.7,52.9,14.4,1.0,1.0,3.0,1,0
STU-006976,2024,computer_science,4.59,68.7,,67.9,18.3,2.0,0.0,0.0,1,0
STU-006977,2027,computer_science,7.81,55.5,74.9,59.2,4.3,1.0,0.0,2.0,1,1
STU-006978,2025,mechanical,6.9,71.6,58.7,54.0,9.6,6.0,0.0,5.0,0,1
STU-006979,2027,computer_science,7.56,33.7,26.0,81.0,4.9,3.0,0.0,2.0,1,0
STU-006980,2026,electronics,6.41,47.7,45.7,84.8,15.9,0.0,0.0,2.0,0,0
STU-006981,2027,information_technology,6.01,63.4,14.9,67.5,6.0,3.0,0.0,1.0,2,0
STU-006982,2027,electronics,6.6,86.8,33.9,64.0,9.2,,1.0,4.0,0,1
STU-006983,2025,computer_science,7.32,44.2,47.9,55.0,4.1,2.0,1.0,4.0,0,1
STU-006984,2027,computer_science,7.76,42.4,42.0,61.7,9.5,2.0,0.0,4.0,0,1
STU-006985,2025,mechanical,7.45,64.0,88.8,45.1,7.4,4.0,0.0,1.0,0,0
STU-006986,2026,information_technology,6.02,56.8,63.8,75.8,24.3,2.0,1.0,3.0,1,0
STU-006987,2026,computer_science,9.21,51.7,58.3,60.2,3.2,3.0,2.0,1.0,0,0
STU-006988,2024,information_technology,7.48,40.7,81.2,52.4,6.6,1.0,0.0,2.0,1,0
STU-006989,2024,information_technology,6.38,49.1,36.0,57.4,7.2,2.0,0.0,1.0,0,0
STU-006990,2024,computer_science,7.59,67.0,51.7,71.9,6.4,0.0,0.0,0.0,0,0
STU-006991,2024,information_technology,7.39,53.8,71.1,58.4,5.9,4.0,0.0,1.0,0,0
STU-006992,2025,information_technology,6.9,75.4,35.6,51.0,9.0,2.0,1.0,2.0,2,0
STU-006993,2027,electronics,6.76,55.5,65.7,32.7,9.0,0.0,1.0,1.0,0,0
STU-006994,2026,mechanical,8.23,69.5,64.9,60.9,4.0,3.0,0.0,4.0,0,1
STU-006995,2027,,,66.4,73.3,67.3,15.6,1.0,2.0,5.0,0,1
STU-006996,2027,mechanical,4.76,47.5,76.6,,14.2,2.0,0.0,5.0,2,0
STU-006997,2027,information_technology,8.52,73.5,68.8,50.9,18.4,4.0,0.0,0.0,1,1
STU-006998,2025,information_technology,7.12,40.0,57.6,46.2,8.4,2.0,1.0,2.0,0,0
STU-006999,2027,electronics,,50.4,31.0,56.7,0.8,2.0,0.0,1.0,0,0
STU-007000,2027,electronics,8.65,55.1,65.2,46.4,15.2,1.0,1.0,1.0,0,0
STU-007001,2027,computer_science,4.05,57.8,35.0,46.3,10.9,3.0,1.0,3.0,0,0
STU-007002,2027,civil,8.04,69.5,57.1,55.3,10.8,1.0,0.0,0.0,1,0
STU-007003,2026,civil,8.57,48.9,,,23.5,1.0,1.0,3.0,0,1
STU-007004,2026,computer_science,6.31,42.3,60.6,94.7,11.8,0.0,,3.0,1,0
STU-007005,2027,information_technology,5.5,56.2,32.1,78.5,4.6,2.0,0.0,1.0,2,0
STU-007006,2026,mechanical,8.99,38.9,66.5,71.0,9.9,0.0,1.0,4.0,0,0
STU-007007,2027,civil,5.08,69.3,29.6,34.9,9.8,3.0,1.0,0.0,0,0
STU-007008,2024,electronics,7.58,55.8,26.7,99.5,29.6,3.0,0.0,3.0,0,0
STU-007009,2024,computer_science,8.28,43.0,54.3,67.5,13.7,2.0,1.0,3.0,1,0
STU-007010,2026,electronics,7.56,41.3,65.1,46.6,8.5,3.0,1.0,4.0,2,0
STU-007011,2024,computer_science,7.75,64.2,44.8,99.6,23.3,0.0,0.0,4.0,0,1
STU-007012,2027,electronics,6.8,61.9,56.5,60.6,32.8,0.0,3.0,1.0,0,0
STU-007013,2024,electronics,7.63,47.7,51.4,73.7,7.4,2.0,0.0,2.0,1,0
STU-007014,2026,electronics,6.29,54.9,34.5,57.6,3.2,1.0,0.0,1.0,1,0
STU-007015,2025,computer_science,,39.9,62.2,69.9,6.5,4.0,0.0,3.0,0,1
STU-007016,2027,information_technology,7.14,54.4,44.5,71.6,4.4,4.0,0.0,2.0,0,1
STU-007017,2025,electronics,5.33,76.8,54.7,74.0,9.2,0.0,0.0,3.0,0,0
STU-007018,2024,computer_science,7.76,91.5,33.2,80.0,10.5,3.0,0.0,1.0,0,1
STU-007019,2024,computer_science,4.25,49.3,46.3,64.2,5.7,4.0,1.0,4.0,2,0
STU-007020,2026,computer_science,7.52,65.5,67.7,64.9,15.8,3.0,0.0,,0,0
STU-007021,2027,mechanical,7.63,65.1,63.5,61.3,21.2,4.0,0.0,1.0,1,1
STU-007022,2027,information_technology,6.19,30.6,66.9,47.4,25.6,5.0,0.0,0.0,0,1
STU-007023,2025,electronics,5.68,38.1,60.7,49.3,20.3,3.0,2.0,3.0,0,0
STU-007024,2026,information_technology,6.63,22.5,58.6,57.7,13.4,1.0,0.0,1.0,1,0
STU-007025,2024,mechanical,7.84,66.4,72.7,79.7,8.3,3.0,2.0,,1,1
STU-007026,2026,information_technology,7.5,88.2,50.6,68.6,8.6,2.0,0.0,1.0,0,1
STU-007027,2026,computer_science,5.82,71.6,59.1,60.7,5.7,5.0,2.0,1.0,0,1
STU-007028,2025,computer_science,7.22,,56.3,58.3,2.3,1.0,0.0,1.0,0,0
STU-007029,2026,computer_science,7.4,57.4,88.1,45.7,30.7,4.0,0.0,2.0,0,0
STU-007030,2027,mechanical,7.35,53.4,61.1,49.4,23.9,1.0,1.0,1.0,0,1
STU-007031,2024,electronics,5.97,71.8,29.0,64.2,,1.0,2.0,0.0,0,0
STU-007032,2025,electronics,7.28,61.8,60.4,62.1,7.3,0.0,0.0,1.0,1,0
STU-007033,2025,electronics,8.16,61.2,43.5,72.9,4.6,5.0,0.0,2.0,0,0
STU-007034,2024,mechanical,7.72,42.9,70.3,59.0,13.7,1.0,1.0,3.0,0,0
STU-007035,2024,civil,7.57,68.2,70.0,69.9,18.3,0.0,0.0,,0,1
STU-007036,2026,electronics,8.99,,52.6,40.6,17.5,3.0,0.0,3.0,0,0
STU-007037,2024,computer_science,7.29,64.5,38.5,48.7,37.7,1.0,1.0,1.0,1,1
STU-007038,2027,computer_science,6.13,71.2,53.8,65.7,2.0,5.0,0.0,0.0,0,0
STU-007039,2027,electronics,6.14,31.7,36.2,62.2,8.0,2.0,0.0,2.0,0,0
STU-007040,2027,mechanical,7.3,54.2,,72.3,1.0,1.0,0.0,3.0,0,0
STU-007041,2026,electronics,5.45,48.3,40.2,78.5,5.5,3.0,0.0,0.0,2,0
STU-007042,2025,computer_science,6.74,49.6,64.6,79.1,13.5,0.0,0.0,2.0,0,1
STU-007043,2024,electronics,7.63,42.5,32.3,84.2,9.5,3.0,0.0,0.0,1,0
STU-007044,2025,information_technology,8.45,50.0,48.0,87.5,7.8,0.0,0.0,2.0,4,0
STU-007045,2027,computer_science,5.32,38.2,89.1,57.0,24.6,4.0,0.0,2.0,0,1
STU-007046,2027,mechanical,7.21,70.8,89.1,94.2,3.0,,1.0,0.0,0,1
STU-007047,2025,electronics,7.02,63.7,75.7,100.0,6.8,,0.0,0.0,0,0
STU-007048,2025,computer_science,7.14,62.9,56.3,43.8,9.8,2.0,1.0,1.0,2,0
STU-007049,2026,computer_science,7.26,29.6,68.8,53.8,3.3,1.0,0.0,1.0,0,0
STU-007050,2025,electronics,7.06,87.4,48.7,67.0,11.8,0.0,1.0,4.0,2,0
STU-007051,2027,information_technology,8.7,55.3,15.8,65.2,6.2,2.0,0.0,2.0,0,0
STU-007052,2025,computer_science,8.53,87.2,51.4,38.4,8.8,3.0,0.0,3.0,2,0
STU-007053,2025,electronics,9.56,74.4,57.2,48.7,6.6,3.0,0.0,2.0,0,0
STU-007054,2026,electronics,7.09,54.7,55.8,65.0,13.1,0.0,0.0,0.0,0,0
STU-007055,2024,computer_science,6.63,87.9,61.7,59.0,7.1,5.0,1.0,1.0,0,1
STU-007056,2025,information_technology,5.99,64.5,79.0,70.7,,4.0,0.0,2.0,0,0
STU-007057,2027,electronics,6.5,53.6,53.6,89.4,5.2,1.0,0.0,2.0,0,0
STU-007058,2024,computer_science,7.92,54.0,41.6,44.6,17.6,4.0,1.0,0.0,0,1
STU-007059,2026,computer_science,8.1,75.7,56.1,94.4,6.7,2.0,1.0,4.0,0,1
STU-007060,2025,computer_science,7.88,,69.5,88.3,13.9,2.0,,2.0,1,0
STU-007061,2024,information_technology,6.34,51.0,50.4,37.8,15.9,3.0,0.0,3.0,1,0
STU-007062,2024,mechanical,6.34,47.7,38.7,45.3,29.2,4.0,0.0,3.0,0,1
STU-007063,2025,information_technology,9.35,51.4,73.3,56.3,6.5,3.0,1.0,2.0,1,1
STU-007064,2024,civil,6.14,45.9,32.1,48.7,9.3,5.0,0.0,2.0,1,0
STU-007065,2025,information_technology,8.73,88.0,47.0,70.1,5.7,2.0,1.0,1.0,0,1
STU-007066,2027,electronics,7.57,74.2,64.3,70.9,21.5,2.0,0.0,0.0,2,1
STU-007067,2026,information_technology,6.26,60.0,38.7,64.0,5.5,,0.0,3.0,1,1
STU-007068,2027,mechanical,5.74,47.3,44.0,67.2,29.3,1.0,0.0,3.0,0,0
STU-007069,2026,mechanical,6.31,48.3,52.5,60.1,14.6,3.0,1.0,1.0,0,0
STU-007070,2026,information_technology,7.58,53.7,56.6,67.6,14.8,2.0,1.0,1.0,0,0
STU-007071,2026,information_technology,6.05,82.9,34.8,88.8,9.3,3.0,0.0,0.0,0,0
STU-007072,2025,civil,8.89,66.1,68.1,28.6,6.8,2.0,0.0,0.0,2,0
STU-007073,2025,civil,6.86,68.9,38.8,62.3,2.1,5.0,1.0,2.0,3,0
STU-007074,2026,,7.91,62.8,86.7,68.5,19.8,1.0,1.0,1.0,1,1
STU-007075,2027,computer_science,7.81,46.3,51.4,60.6,6.7,1.0,0.0,1.0,1,1
STU-007076,2026,computer_science,8.97,63.5,73.2,66.4,12.1,2.0,1.0,0.0,1,1
STU-007077,2025,information_technology,6.6,41.1,65.8,78.8,5.2,1.0,1.0,1.0,0,0
STU-007078,2027,electronics,7.22,,49.9,54.8,7.2,1.0,0.0,3.0,0,0
STU-007079,2024,computer_science,5.49,43.7,32.5,92.9,8.9,2.0,0.0,1.0,0,0
STU-007080,2027,information_technology,7.22,49.9,,41.2,16.0,5.0,0.0,1.0,2,0
STU-007081,2027,electronics,8.41,73.0,36.5,70.7,11.2,2.0,0.0,1.0,1,0
STU-007082,2027,computer_science,7.35,48.2,,61.8,30.3,0.0,1.0,3.0,1,1
STU-007083,2027,electronics,9.76,60.2,76.4,65.6,10.6,1.0,0.0,0.0,2,0
STU-007084,2025,computer_science,7.7,19.8,,72.7,10.9,0.0,0.0,3.0,0,1
STU-007085,2026,mechanical,6.48,52.1,40.9,53.3,11.0,2.0,2.0,3.0,2,0
STU-007086,2027,information_technology,7.62,68.2,49.0,77.4,9.2,2.0,0.0,2.0,0,0
STU-007087,2027,electronics,5.42,45.4,35.1,89.7,28.4,0.0,1.0,2.0,0,0
STU-007088,2025,information_technology,6.18,64.8,88.8,57.9,1.6,3.0,2.0,2.0,1,1
STU-007089,2025,computer_science,5.7,,67.1,54.8,20.5,3.0,,3.0,1,0
STU-007090,2025,information_technology,7.12,74.6,41.5,79.7,7.4,3.0,0.0,3.0,1,0
STU-007091,2026,mechanical,7.03,,49.8,75.8,3.0,2.0,0.0,2.0,0,0
STU-007092,2026,information_technology,8.49,57.3,71.1,40.1,17.9,4.0,0.0,3.0,3,1
STU-007093,2027,computer_science,6.99,35.9,38.4,69.7,9.5,1.0,2.0,5.0,1,0
STU-007094,2027,electronics,5.95,54.5,41.3,72.9,6.6,5.0,1.0,1.0,0,1
STU-007095,2026,computer_science,8.89,55.5,57.5,61.2,11.4,1.0,0.0,0.0,1,0
STU-007096,2025,information_technology,4.0,66.4,28.0,83.0,8.3,1.0,1.0,0.0,0,0
STU-007097,2026,information_technology,7.14,48.9,74.2,39.5,13.7,3.0,2.0,3.0,0,1
STU-007098,2025,information_technology,7.35,52.3,44.3,31.9,9.8,0.0,0.0,3.0,0,0
STU-007099,2025,computer_science,7.09,48.0,53.4,76.9,8.0,1.0,2.0,2.0,0,1
STU-007100,2024,computer_science,7.68,59.8,59.7,50.6,11.3,0.0,0.0,1.0,1,0
STU-007101,2025,computer_science,7.23,88.3,82.9,61.5,4.7,6.0,0.0,0.0,1,1
STU-007102,2025,information_technology,7.67,6.9,56.2,46.1,15.3,2.0,1.0,2.0,2,0
STU-007103,2026,electronics,6.41,56.1,89.0,73.9,10.0,5.0,,2.0,1,0
STU-007104,2024,electronics,5.42,72.5,42.5,66.8,24.1,2.0,3.0,5.0,1,0
STU-007105,2025,computer_science,7.05,50.4,51.4,60.1,15.0,1.0,1.0,4.0,0,1
STU-007106,2024,computer_science,5.92,63.7,66.6,44.7,14.6,0.0,0.0,2.0,0,0
STU-007107,2026,electronics,6.26,74.2,84.7,59.8,16.0,1.0,0.0,4.0,0,0
STU-007108,2026,information_technology,8.44,56.7,56.2,66.7,23.1,3.0,2.0,5.0,0,1
STU-007109,2025,mechanical,8.89,52.0,83.6,54.6,10.8,1.0,0.0,0.0,1,0
STU-007110,2024,computer_science,8.41,74.9,75.1,55.0,2.1,1.0,0.0,2.0,1,1
STU-007111,2027,computer_science,8.2,67.8,46.9,62.1,14.4,0.0,2.0,4.0,2,0
STU-007112,2026,information_technology,7.17,57.4,55.4,71.4,10.7,4.0,0.0,5.0,2,0
STU-007113,2026,electronics,8.27,69.7,59.4,67.9,7.1,1.0,0.0,1.0,2,0
STU-007114,2026,information_technology,7.51,73.4,39.5,78.5,4.2,3.0,1.0,2.0,0,0
STU-007115,2027,computer_science,9.34,61.9,67.1,60.7,4.7,4.0,0.0,2.0,0,0
STU-007116,2027,computer_science,6.04,60.7,52.5,76.2,12.4,2.0,0.0,1.0,2,0
STU-007117,2025,electronics,7.87,67.6,64.9,45.7,,3.0,0.0,0.0,3,1
STU-007118,2026,computer_science,5.65,48.4,50.8,67.6,10.7,3.0,0.0,4.0,0,0
STU-007119,2025,electronics,7.88,77.6,47.2,66.8,4.5,1.0,0.0,3.0,1,0
STU-007120,2026,computer_science,5.12,38.8,89.1,95.0,22.2,3.0,1.0,5.0,1,1
STU-007121,2025,computer_science,5.7,53.4,53.5,52.6,4.5,1.0,0.0,2.0,3,0
STU-007122,2024,computer_science,5.62,66.8,71.6,45.2,13.0,2.0,0.0,2.0,0,0
STU-007123,2027,civil,7.39,42.9,64.0,51.2,12.2,2.0,1.0,1.0,2,0
STU-007124,2027,computer_science,7.51,72.1,82.6,53.2,13.2,1.0,0.0,3.0,3,0
STU-007125,2025,computer_science,9.92,66.7,53.5,67.7,2.4,1.0,1.0,5.0,1,1
STU-007126,2027,mechanical,7.0,,53.5,44.4,21.3,2.0,0.0,1.0,0,1
STU-007127,2025,computer_science,7.99,69.2,51.3,66.8,9.7,1.0,0.0,1.0,1,1
STU-007128,2026,,7.29,56.1,46.4,62.5,5.5,0.0,2.0,1.0,0,0
STU-007129,2027,computer_science,7.89,63.3,63.1,74.8,18.1,3.0,1.0,0.0,1,1
STU-007130,2025,electronics,7.27,62.5,51.9,70.7,12.1,2.0,1.0,2.0,1,0
STU-007131,2026,information_technology,8.36,91.1,36.2,73.6,10.6,2.0,2.0,2.0,1,1
STU-007132,2026,mechanical,5.89,57.0,45.4,68.9,17.3,1.0,0.0,3.0,0,0
STU-007133,2024,electronics,4.29,50.5,37.6,78.3,1.5,4.0,0.0,,0,0
STU-007134,2026,information_technology,7.58,56.2,72.3,41.1,4.8,1.0,2.0,1.0,0,0
STU-007135,2025,computer_science,5.02,56.9,22.5,41.6,,6.0,1.0,2.0,1,0
STU-007136,2026,mechanical,8.61,44.2,52.7,61.7,,4.0,0.0,1.0,0,0
STU-007137,2024,mechanical,6.47,51.2,40.1,63.2,13.1,0.0,0.0,2.0,1,0
STU-007138,2025,mechanical,,40.6,63.3,47.7,14.0,1.0,1.0,0.0,1,0
STU-007139,2026,computer_science,10.0,50.8,57.7,69.8,11.8,1.0,0.0,,1,1
STU-007140,2024,electronics,7.08,70.2,73.1,43.7,13.6,2.0,1.0,2.0,1,0
STU-007141,2026,electronics,6.86,58.1,53.6,58.2,6.8,2.0,2.0,3.0,0,0
STU-007142,2026,civil,7.96,48.8,67.2,61.7,10.0,1.0,0.0,4.0,1,1
STU-007143,2027,computer_science,8.04,57.8,77.9,70.0,8.4,2.0,0.0,2.0,1,0
STU-007144,2024,mechanical,8.41,57.1,40.2,54.9,8.1,2.0,1.0,0.0,0,0
STU-007145,2027,electronics,5.57,55.9,45.1,79.0,5.3,1.0,0.0,4.0,0,1
STU-007146,2027,mechanical,7.72,36.8,65.0,85.5,12.2,1.0,0.0,1.0,0,0
STU-007147,2025,electronics,6.76,41.2,57.4,83.5,18.3,2.0,1.0,1.0,1,1
STU-007148,2027,mechanical,6.04,34.5,29.1,87.3,4.8,2.0,2.0,3.0,1,0
STU-007149,2027,information_technology,7.16,44.8,67.5,76.9,12.1,1.0,1.0,2.0,1,0
STU-007150,2026,computer_science,5.02,43.2,47.9,70.6,,4.0,0.0,2.0,3,0
STU-007151,2026,information_technology,8.16,,61.8,51.5,7.9,2.0,0.0,1.0,2,0
STU-007152,2027,mechanical,6.77,69.0,50.3,54.1,14.4,1.0,0.0,3.0,1,0
STU-007153,2027,computer_science,6.55,84.7,0.0,75.3,4.8,4.0,0.0,2.0,0,0
STU-007154,2026,electronics,6.94,70.3,64.0,37.1,,1.0,0.0,1.0,0,0
STU-007155,2027,civil,6.91,49.3,,80.5,13.4,3.0,1.0,,0,0
STU-007156,2027,mechanical,8.41,64.0,53.5,53.5,7.2,0.0,1.0,3.0,1,1
STU-007157,2027,electronics,5.84,54.7,25.1,54.5,3.9,3.0,0.0,,1,0
STU-007158,2027,mechanical,6.66,48.2,44.5,72.9,3.8,3.0,0.0,1.0,3,0
STU-007159,2025,computer_science,6.85,77.6,71.3,65.9,10.3,0.0,1.0,2.0,0,0
STU-007160,2024,information_technology,5.88,85.9,43.6,56.1,8.9,2.0,0.0,3.0,1,0
STU-007161,2026,information_technology,7.28,36.5,56.5,49.3,5.0,2.0,0.0,0.0,0,0
STU-007162,2026,mechanical,6.27,78.1,46.4,41.0,8.1,0.0,0.0,1.0,1,0
STU-007163,2026,computer_science,5.49,46.1,54.3,31.7,15.2,4.0,0.0,0.0,0,0
STU-007164,2027,computer_science,7.71,55.5,35.4,,13.7,1.0,0.0,3.0,0,1
STU-007165,2027,electronics,8.88,66.0,59.1,59.0,2.4,3.0,,0.0,1,0
STU-007166,2025,,7.16,81.5,74.3,49.6,34.1,2.0,0.0,0.0,0,1
STU-007167,2026,mechanical,6.98,62.2,39.3,72.5,13.9,3.0,2.0,0.0,0,0
STU-007168,2025,,6.96,64.1,50.2,51.1,3.7,2.0,0.0,2.0,0,0
STU-007169,2026,mechanical,,69.8,70.9,51.4,21.5,,0.0,5.0,0,0
STU-007170,2024,information_technology,,76.1,73.5,78.7,10.3,0.0,0.0,1.0,3,0
STU-007171,2026,mechanical,7.21,66.1,63.5,72.4,6.3,1.0,0.0,1.0,1,1
STU-007172,2026,electronics,4.59,68.4,52.0,64.6,0.2,2.0,1.0,4.0,0,0
STU-007173,2027,computer_science,8.48,52.0,67.3,54.2,20.1,4.0,0.0,5.0,1,1
STU-007174,2026,computer_science,8.2,34.4,55.9,65.3,21.7,2.0,1.0,0.0,1,1
STU-007175,2025,mechanical,7.79,87.0,76.9,70.1,16.4,3.0,0.0,2.0,0,1
STU-007176,2024,computer_science,4.0,36.4,35.0,65.6,6.4,3.0,1.0,2.0,1,0
STU-007177,2024,electronics,7.1,50.2,38.5,79.0,5.1,0.0,1.0,3.0,0,0
STU-007178,2027,computer_science,8.13,55.3,36.0,48.0,34.6,1.0,1.0,1.0,1,1
STU-007179,2027,electronics,7.54,51.5,46.7,58.4,11.6,3.0,0.0,0.0,0,0
STU-007180,2025,computer_science,7.34,47.8,45.6,69.8,5.1,3.0,3.0,1.0,0,0
STU-007181,2025,electronics,8.13,67.2,47.4,54.0,9.0,1.0,1.0,1.0,1,0
STU-007182,2026,electronics,7.26,65.6,36.1,75.3,8.0,4.0,1.0,0.0,1,0
STU-007183,2026,computer_science,8.48,70.3,67.3,80.8,8.5,1.0,2.0,4.0,0,0
STU-007184,2025,information_technology,7.29,66.9,40.1,62.8,2.4,0.0,2.0,4.0,0,0
STU-007185,2024,mechanical,7.19,52.1,65.1,67.4,6.3,2.0,0.0,3.0,1,0
STU-007186,2025,electronics,8.13,54.0,71.8,59.1,12.7,0.0,0.0,1.0,1,1
STU-007187,2025,civil,6.64,74.1,97.3,57.9,3.1,0.0,1.0,2.0,0,1
STU-007188,2025,mechanical,5.84,47.9,,80.0,7.1,2.0,0.0,3.0,0,0
STU-007189,2024,electronics,7.1,50.1,52.7,50.3,23.1,2.0,0.0,4.0,0,0
STU-007190,2026,electronics,7.78,73.5,45.4,73.6,12.4,1.0,1.0,4.0,1,0
STU-007191,2026,civil,8.16,60.0,39.7,55.1,9.1,3.0,0.0,2.0,0,0
STU-007192,2025,information_technology,8.17,52.8,52.5,50.2,5.7,1.0,0.0,6.0,2,0
STU-007193,2026,information_technology,7.02,50.6,41.9,76.1,7.1,1.0,0.0,3.0,0,0
STU-007194,2026,mechanical,6.9,74.7,34.5,71.7,12.1,1.0,1.0,2.0,0,1
STU-007195,2027,civil,6.42,65.6,56.7,52.9,4.2,6.0,0.0,3.0,0,0
STU-007196,2027,information_technology,7.39,62.3,38.3,59.6,21.1,2.0,1.0,3.0,0,0
STU-007197,2024,computer_science,5.21,36.9,57.5,60.3,15.3,2.0,1.0,4.0,1,0
STU-007198,2027,electronics,7.13,61.9,70.1,65.3,10.0,3.0,0.0,3.0,0,0
STU-007199,2026,electronics,10.0,60.8,52.3,55.1,16.3,1.0,,5.0,1,0
STU-007200,2026,information_technology,5.37,41.1,,86.3,,1.0,1.0,4.0,0,0
STU-007201,2025,electronics,7.28,49.5,62.9,46.5,2.4,1.0,0.0,1.0,2,1
STU-007202,2025,information_technology,7.53,69.5,55.9,40.8,7.0,1.0,2.0,2.0,2,0
STU-007203,2024,computer_science,7.68,78.0,27.5,,5.6,1.0,0.0,3.0,1,0
STU-007204,2027,electronics,5.99,40.1,21.8,34.2,3.0,4.0,0.0,0.0,0,0
STU-007205,2026,information_technology,7.69,45.4,84.5,51.1,3.0,2.0,1.0,1.0,0,0
STU-007206,2025,mechanical,6.49,67.4,75.4,53.1,15.4,3.0,,3.0,1,0
STU-007207,2026,computer_science,5.46,48.8,76.0,62.2,10.4,3.0,1.0,3.0,0,0
STU-007208,2024,mechanical,8.19,68.7,91.4,59.2,26.5,1.0,0.0,1.0,0,0
STU-007209,2024,computer_science,7.86,53.4,81.8,65.3,11.1,1.0,0.0,3.0,0,1
STU-007210,2026,civil,5.99,64.6,55.0,51.1,13.9,4.0,0.0,0.0,1,0
STU-007211,2026,electronics,6.47,,62.4,56.7,31.2,1.0,0.0,3.0,2,0
STU-007212,2027,computer_science,,65.1,41.1,70.1,17.4,1.0,2.0,0.0,0,0
STU-007213,2026,civil,5.21,22.9,51.9,30.2,4.4,0.0,1.0,4.0,0,0
STU-007214,2026,information_technology,7.98,73.8,71.6,67.9,12.2,3.0,0.0,1.0,3,0
STU-007215,2027,information_technology,8.02,59.5,72.1,32.0,12.5,1.0,2.0,1.0,2,0
STU-007216,2024,civil,6.72,64.1,51.7,62.1,10.7,4.0,0.0,1.0,2,0
STU-007217,2026,civil,,61.7,20.8,69.3,7.3,0.0,1.0,1.0,1,0
STU-007218,2026,electronics,7.23,32.9,30.2,66.3,31.2,4.0,0.0,3.0,0,1
STU-007219,2025,civil,7.38,79.3,64.6,53.3,6.0,6.0,1.0,2.0,0,0
STU-007220,2025,computer_science,5.55,60.1,40.6,65.6,5.3,3.0,0.0,4.0,0,0
STU-007221,2025,computer_science,7.66,70.7,69.0,48.8,4.6,6.0,0.0,1.0,0,0
STU-007222,2025,computer_science,5.75,43.5,29.3,81.3,17.9,1.0,0.0,2.0,0,0
STU-007223,2026,information_technology,7.88,63.4,81.7,73.6,15.9,3.0,2.0,5.0,1,1
STU-007224,2024,electronics,5.88,36.1,34.6,48.7,8.1,4.0,0.0,3.0,1,0
STU-007225,2026,computer_science,5.6,57.4,74.5,81.3,8.7,2.0,2.0,2.0,1,0
STU-007226,2024,electronics,7.07,44.0,28.9,64.7,15.8,1.0,2.0,3.0,0,1
STU-007227,2024,computer_science,7.04,100.0,65.4,46.2,0.3,6.0,2.0,2.0,0,1
STU-007228,2025,information_technology,7.22,67.5,40.0,78.3,3.3,3.0,0.0,0.0,0,0
STU-007229,2025,electronics,6.07,76.1,51.1,85.0,11.5,2.0,,4.0,0,0
STU-007230,2027,computer_science,7.33,54.9,74.6,58.4,14.4,0.0,0.0,1.0,0,0
STU-007231,2025,electronics,7.44,64.9,72.1,67.1,13.8,1.0,1.0,,1,0
STU-007232,2025,mechanical,8.44,74.5,46.8,61.8,19.7,1.0,1.0,5.0,1,0
STU-007233,2025,electronics,7.31,42.5,45.8,70.1,25.4,6.0,0.0,5.0,0,1
STU-007234,2025,mechanical,6.41,46.7,25.9,73.1,10.6,2.0,1.0,,0,1
STU-007235,2026,civil,5.55,69.7,18.7,75.8,,2.0,0.0,2.0,1,0
STU-007236,2027,computer_science,5.34,51.4,34.2,36.1,24.0,1.0,2.0,2.0,0,1
STU-007237,2025,electronics,7.47,47.7,42.4,54.7,5.3,2.0,0.0,6.0,1,1
STU-007238,2026,computer_science,8.01,50.6,33.4,75.5,5.5,3.0,1.0,4.0,0,1
STU-007239,2026,information_technology,6.08,37.8,47.8,52.2,8.6,2.0,2.0,1.0,0,1
STU-007240,2027,electronics,,29.4,56.0,66.9,1.7,0.0,2.0,2.0,1,0
STU-007241,2026,electronics,6.9,32.4,54.4,49.2,8.2,2.0,0.0,2.0,1,0
STU-007242,2025,mechanical,7.93,60.5,45.1,71.5,5.0,2.0,0.0,4.0,2,0
STU-007243,2026,,8.1,70.3,49.5,62.5,8.0,1.0,0.0,2.0,1,0
STU-007244,2027,mechanical,4.49,90.8,39.6,70.5,35.0,3.0,0.0,3.0,0,1
STU-007245,2026,electronics,8.29,60.0,74.0,67.5,6.2,1.0,1.0,1.0,0,0
STU-007246,2027,computer_science,7.39,39.6,45.1,42.3,6.0,2.0,1.0,2.0,0,0
STU-007247,2027,computer_science,6.49,56.6,24.4,91.3,5.8,1.0,0.0,1.0,0,0
STU-007248,2025,information_technology,6.52,67.6,47.6,43.7,17.3,3.0,1.0,1.0,1,0
STU-007249,2027,electronics,7.14,73.7,48.1,96.8,2.7,5.0,0.0,1.0,1,0
STU-007250,2026,computer_science,6.52,71.0,25.6,31.8,9.5,2.0,2.0,2.0,0,1
STU-007251,2026,information_technology,6.02,64.6,44.3,63.0,15.4,1.0,0.0,4.0,0,0
STU-007252,2026,computer_science,6.29,58.0,37.1,42.3,15.8,4.0,0.0,4.0,1,0
STU-007253,2027,electronics,5.9,66.9,49.3,84.6,8.4,3.0,1.0,4.0,0,0
STU-007254,2026,information_technology,8.65,43.5,68.7,47.8,1.7,3.0,2.0,2.0,0,1
STU-007255,2026,computer_science,7.16,,46.5,46.7,12.5,1.0,1.0,1.0,1,1
STU-007256,2024,computer_science,9.69,94.8,74.5,62.5,4.3,3.0,0.0,0.0,0,1
STU-007257,2026,computer_science,7.53,58.3,51.9,82.0,15.3,3.0,0.0,1.0,0,0
STU-007258,2027,information_technology,7.78,67.6,,79.3,9.6,1.0,0.0,0.0,0,0
STU-007259,2026,civil,5.88,13.7,45.3,58.9,11.9,4.0,1.0,,1,0
STU-007260,2024,computer_science,6.85,80.9,51.1,57.5,20.7,2.0,1.0,3.0,0,1
STU-007261,2027,information_technology,7.18,75.7,32.3,69.3,8.0,2.0,1.0,2.0,0,1
STU-007262,2027,electronics,6.37,33.3,21.4,61.2,27.1,2.0,0.0,2.0,0,0
STU-007263,2026,electronics,6.57,52.4,72.3,63.1,9.4,0.0,0.0,0.0,1,0
STU-007264,2024,computer_science,7.58,63.2,,60.0,4.6,2.0,,1.0,0,0
STU-007265,2026,computer_science,7.61,40.3,,70.5,7.5,0.0,0.0,1.0,0,0
STU-007266,2024,civil,5.56,62.5,67.3,68.3,3.0,0.0,1.0,1.0,1,0
STU-007267,2025,civil,7.43,74.5,100.0,83.3,5.4,3.0,0.0,2.0,0,0
STU-007268,2026,information_technology,7.74,64.3,32.4,53.1,10.7,0.0,0.0,3.0,1,0
STU-007269,2027,electronics,6.42,33.3,52.0,53.0,10.6,1.0,0.0,1.0,1,0
STU-007270,2025,computer_science,6.3,41.1,63.6,60.7,6.7,4.0,0.0,0.0,0,0
STU-007271,2027,computer_science,7.61,57.4,29.7,59.2,14.6,2.0,0.0,2.0,0,0
STU-007272,2027,computer_science,4.14,48.5,17.6,,25.2,4.0,1.0,3.0,1,0
STU-007273,2024,electronics,7.1,54.8,71.6,47.2,3.2,2.0,0.0,0.0,1,0
STU-007274,2025,,8.98,58.0,62.0,79.8,19.2,4.0,1.0,4.0,1,0
STU-007275,2026,computer_science,4.11,25.2,31.7,58.0,2.8,5.0,0.0,3.0,1,0
STU-007276,2027,computer_science,8.05,72.2,31.3,78.5,11.1,1.0,0.0,2.0,0,1
STU-007277,2025,computer_science,7.73,68.9,63.5,97.4,4.4,2.0,1.0,4.0,0,0
STU-007278,2026,information_technology,5.45,62.7,25.0,76.4,16.6,0.0,0.0,,1,0
STU-007279,2026,information_technology,7.7,65.8,40.5,70.7,14.1,3.0,0.0,0.0,1,1
STU-007280,2027,electronics,8.25,56.2,43.8,77.6,12.2,3.0,0.0,1.0,0,0
STU-007281,2026,information_technology,5.75,46.4,44.2,57.9,14.5,1.0,1.0,3.0,0,0
STU-007282,2024,information_technology,6.29,41.3,33.4,65.7,1.4,3.0,1.0,2.0,1,0
STU-007283,2024,electronics,7.13,81.4,39.4,52.6,4.8,1.0,0.0,1.0,0,0
STU-007284,2024,computer_science,8.22,60.1,76.0,53.5,4.1,2.0,1.0,1.0,0,0
STU-007285,2027,computer_science,6.48,32.0,55.8,66.3,20.0,4.0,2.0,1.0,0,1
STU-007286,2027,mechanical,7.05,57.7,55.5,63.3,6.3,3.0,0.0,4.0,0,0
STU-007287,2027,electronics,6.34,25.4,59.8,68.0,16.1,1.0,0.0,1.0,0,0
STU-007288,2024,information_technology,7.13,62.0,37.5,63.9,15.8,2.0,0.0,2.0,0,0
STU-007289,2026,computer_science,8.3,62.8,66.4,58.0,10.2,1.0,0.0,5.0,0,0
STU-007290,2025,computer_science,7.22,50.3,63.1,74.9,1.2,1.0,1.0,2.0,1,0
STU-007291,2025,computer_science,6.69,43.3,36.4,53.4,,2.0,1.0,0.0,0,0
STU-007292,2025,mechanical,7.06,66.6,65.4,65.5,7.0,2.0,1.0,3.0,0,0
STU-007293,2027,electronics,6.18,55.1,55.7,78.1,6.3,0.0,0.0,4.0,1,0
STU-007294,2024,computer_science,5.96,26.8,55.3,71.9,15.1,3.0,2.0,1.0,0,0
STU-007295,2026,computer_science,8.48,79.0,89.3,61.6,9.4,3.0,1.0,1.0,0,1
STU-007296,2027,computer_science,8.98,47.9,65.0,36.9,8.3,1.0,0.0,2.0,0,1
STU-007297,2026,computer_science,5.04,34.3,31.5,57.2,9.2,1.0,1.0,0.0,0,0
STU-007298,2024,,7.77,79.9,60.3,91.7,13.4,2.0,0.0,3.0,1,0
STU-007299,2027,information_technology,8.09,76.1,59.6,58.5,7.8,2.0,3.0,1.0,0,0
STU-007300,2026,mechanical,5.71,49.1,31.0,61.9,18.8,4.0,0.0,2.0,0,0
STU-007301,2026,electronics,6.56,38.3,18.8,64.4,7.4,3.0,0.0,1.0,0,0
STU-007302,2026,civil,6.44,43.2,51.6,68.0,31.0,4.0,0.0,1.0,0,0
STU-007303,2027,mechanical,9.29,56.0,80.2,52.8,6.9,6.0,0.0,1.0,3,0
STU-007304,2026,civil,9.0,80.2,79.2,72.6,7.5,0.0,1.0,,0,1
STU-007305,2026,civil,6.04,75.5,56.0,67.7,4.3,0.0,1.0,2.0,0,0
STU-007306,2026,computer_science,5.42,57.3,75.4,37.9,10.0,2.0,0.0,4.0,0,0
STU-007307,2024,computer_science,7.99,69.7,61.9,26.4,8.0,2.0,1.0,1.0,0,0
STU-007308,2027,computer_science,7.73,56.3,54.5,54.5,5.9,,1.0,3.0,0,0
STU-007309,2024,electronics,8.53,48.0,64.6,45.0,4.4,3.0,0.0,0.0,1,1
STU-007310,2025,electronics,5.88,33.3,38.1,66.3,1.8,4.0,0.0,0.0,2,0
STU-007311,2025,computer_science,7.93,64.7,37.2,56.8,17.4,3.0,1.0,1.0,0,0
STU-007312,2025,mechanical,6.26,70.0,35.4,68.6,5.6,3.0,0.0,2.0,0,0
STU-007313,2025,mechanical,7.82,52.0,50.1,,7.5,1.0,0.0,5.0,0,1
STU-007314,2026,,7.06,75.9,70.0,47.9,9.6,3.0,2.0,3.0,0,0
STU-007315,2025,information_technology,9.29,56.8,39.5,56.9,2.8,,0.0,0.0,1,0
STU-007316,2024,computer_science,7.61,60.5,40.9,54.3,18.1,2.0,0.0,2.0,0,1
STU-007317,2027,information_technology,6.74,54.2,67.6,75.1,1.4,1.0,1.0,0.0,0,0
STU-007318,2027,computer_science,7.26,77.1,50.0,59.5,22.7,1.0,1.0,4.0,1,1
STU-007319,2026,electronics,6.98,65.4,51.5,79.5,17.9,3.0,0.0,2.0,1,1
STU-007320,2025,computer_science,5.77,54.7,43.7,80.3,15.2,4.0,0.0,2.0,0,0
STU-007321,2024,computer_science,9.31,63.8,97.1,60.1,16.5,0.0,1.0,4.0,0,1
STU-007322,2024,information_technology,8.94,44.0,72.3,53.7,8.8,0.0,2.0,2.0,1,1
STU-007323,2025,electronics,6.9,24.3,58.9,49.7,24.1,2.0,0.0,3.0,0,0
STU-007324,2027,information_technology,7.9,,,71.9,20.9,,0.0,1.0,0,0
STU-007325,2027,civil,9.46,60.0,71.8,60.6,15.0,2.0,1.0,3.0,1,0
STU-007326,2025,computer_science,8.52,69.0,92.5,51.8,0.8,0.0,0.0,3.0,1,1
STU-007327,2027,civil,6.75,,47.6,74.6,10.7,3.0,0.0,0.0,0,0
STU-007328,2026,computer_science,7.0,51.0,57.9,74.8,17.5,0.0,1.0,3.0,0,0
STU-007329,2025,computer_science,5.12,10.0,48.0,48.7,10.0,1.0,0.0,1.0,1,0
STU-007330,2026,civil,7.99,67.9,74.3,67.1,12.8,3.0,0.0,4.0,0,1
STU-007331,2025,electronics,8.53,64.2,90.1,70.2,15.3,2.0,0.0,0.0,0,1
STU-007332,2027,electronics,8.54,73.3,51.1,85.8,3.2,0.0,0.0,0.0,1,0
STU-007333,2025,electronics,7.91,60.2,66.3,59.7,20.1,3.0,3.0,2.0,0,0
STU-007334,2026,information_technology,7.51,76.2,60.0,62.0,24.4,1.0,0.0,2.0,2,1
STU-007335,2025,mechanical,5.95,47.6,27.1,71.3,18.4,3.0,1.0,1.0,1,0
STU-007336,2027,computer_science,7.47,58.3,73.4,79.8,16.9,1.0,2.0,3.0,1,0
STU-007337,2026,mechanical,6.37,60.4,79.1,67.6,11.6,3.0,0.0,1.0,1,0
STU-007338,2026,civil,7.7,69.3,71.8,65.2,9.8,2.0,1.0,6.0,1,1
STU-007339,2024,mechanical,6.22,62.7,,54.1,4.8,4.0,0.0,2.0,0,0
STU-007340,2027,electronics,7.7,66.6,34.7,57.5,40.0,4.0,0.0,1.0,0,1
STU-007341,2026,electronics,8.62,65.3,72.4,59.9,,2.0,0.0,0.0,0,0
STU-007342,2025,information_technology,7.53,56.2,38.8,71.8,6.0,2.0,0.0,3.0,0,0
STU-007343,2027,information_technology,7.48,72.5,40.3,68.3,9.8,0.0,0.0,2.0,0,0
STU-007344,2024,mechanical,8.15,35.2,63.2,52.4,16.6,3.0,0.0,2.0,0,1
STU-007345,2025,electronics,9.14,52.8,76.1,73.9,8.1,1.0,1.0,2.0,0,0
STU-007346,2026,information_technology,6.98,81.8,49.2,59.6,13.4,0.0,0.0,1.0,2,0
STU-007347,2025,mechanical,7.7,49.3,54.3,59.8,7.8,1.0,0.0,2.0,2,0
STU-007348,2026,computer_science,8.84,60.5,60.4,72.8,16.6,2.0,1.0,3.0,0,1
STU-007349,2025,mechanical,7.87,80.6,42.9,74.5,11.4,1.0,1.0,2.0,0,0
STU-007350,2024,mechanical,4.8,51.7,39.7,,16.2,3.0,0.0,1.0,0,0
STU-007351,2024,computer_science,6.28,44.0,24.6,88.2,5.8,0.0,0.0,2.0,0,0
STU-007352,2024,computer_science,7.96,77.9,71.4,35.8,24.1,2.0,0.0,3.0,0,1
STU-007353,2027,,6.64,52.9,100.0,75.5,6.7,6.0,0.0,1.0,0,0
STU-007354,2026,computer_science,8.76,58.2,63.0,48.0,12.8,4.0,0.0,6.0,0,1
STU-007355,2026,civil,9.24,32.8,84.2,61.8,3.5,4.0,0.0,2.0,0,1
STU-007356,2025,computer_science,,54.9,48.2,62.3,5.0,1.0,0.0,1.0,1,0
STU-007357,2026,computer_science,5.91,66.1,27.8,61.3,5.4,2.0,0.0,0.0,0,1
STU-007358,2024,computer_science,6.68,50.9,92.0,49.4,13.1,2.0,0.0,2.0,0,0
STU-007359,2025,mechanical,6.62,38.0,39.1,43.1,9.6,3.0,3.0,2.0,1,0
STU-007360,2026,electronics,8.87,54.5,78.6,35.2,7.4,1.0,2.0,1.0,2,0
STU-007361,2026,mechanical,5.91,46.6,54.3,59.2,6.2,6.0,2.0,1.0,0,1
STU-007362,2027,civil,,56.1,79.0,64.0,24.7,0.0,1.0,2.0,0,1
STU-007363,2027,,8.7,53.6,60.6,70.4,8.4,3.0,0.0,1.0,0,0
STU-007364,2027,computer_science,8.04,85.1,39.4,78.4,10.7,1.0,2.0,1.0,1,1
STU-007365,2025,computer_science,7.6,63.7,46.1,73.9,4.1,2.0,0.0,0.0,1,1
STU-007366,2024,mechanical,6.91,31.7,94.6,76.0,13.4,2.0,,0.0,0,0
STU-007367,2024,computer_science,9.23,63.5,69.3,48.1,19.4,1.0,0.0,6.0,1,1
STU-007368,2027,mechanical,,57.0,91.3,77.6,16.8,3.0,0.0,2.0,1,1
STU-007369,2027,mechanical,8.19,78.3,53.5,67.4,2.4,2.0,0.0,2.0,0,0
STU-007370,2027,electronics,6.92,55.5,66.8,43.9,7.8,,1.0,3.0,2,0
STU-007371,2025,electronics,4.98,51.2,25.1,77.1,14.3,2.0,1.0,4.0,2,0
STU-007372,2027,civil,6.79,85.5,54.7,49.8,14.1,2.0,1.0,0.0,1,0
STU-007373,2026,electronics,6.92,41.8,92.5,47.6,1.8,0.0,0.0,0.0,0,0
STU-007374,2027,electronics,6.94,69.8,41.4,83.7,3.7,3.0,0.0,1.0,0,0
STU-007375,2026,information_technology,6.34,57.6,40.6,65.5,5.7,2.0,0.0,0.0,0,0
STU-007376,2024,information_technology,7.82,52.1,72.3,47.5,15.5,1.0,2.0,1.0,0,1
STU-007377,2024,information_technology,7.95,50.2,,54.6,8.9,2.0,0.0,0.0,1,0
STU-007378,2027,civil,6.75,77.9,86.2,76.9,5.5,2.0,0.0,0.0,2,0
STU-007379,2026,electronics,6.74,64.5,49.9,45.3,17.0,6.0,1.0,2.0,0,0
STU-007380,2025,mechanical,5.89,64.8,51.7,60.1,14.3,1.0,0.0,,0,0
STU-007381,2025,,7.39,72.1,62.0,60.1,14.8,3.0,0.0,1.0,1,1
STU-007382,2025,mechanical,8.68,66.5,43.5,100.0,7.0,1.0,2.0,0.0,0,0
STU-007383,2027,information_technology,8.69,45.5,39.7,41.7,1.2,4.0,2.0,2.0,0,0
STU-007384,2024,electronics,6.41,33.2,,42.3,10.0,1.0,1.0,0.0,0,0
STU-007385,2024,computer_science,9.39,85.9,8.3,54.2,5.0,3.0,0.0,2.0,0,0
STU-007386,2027,mechanical,6.68,60.5,52.3,53.2,21.4,2.0,1.0,2.0,0,0
STU-007387,2026,electronics,5.93,57.1,28.6,62.6,12.6,1.0,0.0,2.0,0,0
STU-007388,2024,information_technology,5.53,82.1,40.0,55.5,3.9,5.0,1.0,2.0,0,0
STU-007389,2024,computer_science,5.86,39.8,67.8,74.0,4.1,2.0,1.0,0.0,0,1
STU-007390,2025,computer_science,7.48,21.1,40.9,63.3,6.1,4.0,1.0,0.0,0,0
STU-007391,2025,computer_science,,,65.9,48.6,31.6,1.0,0.0,2.0,1,0
STU-007392,2024,computer_science,6.37,48.8,25.6,58.8,15.9,1.0,1.0,5.0,1,0
STU-007393,2025,information_technology,6.13,58.0,39.9,58.3,24.2,5.0,1.0,4.0,1,0
STU-007394,2027,information_technology,5.85,76.6,80.0,78.1,2.0,0.0,1.0,2.0,1,1
STU-007395,2027,information_technology,6.08,68.8,44.0,74.2,6.4,1.0,0.0,0.0,1,0
STU-007396,2027,electronics,8.27,22.1,82.0,72.1,23.6,1.0,0.0,1.0,1,1
STU-007397,2025,information_technology,9.17,100.0,100.0,52.0,28.8,3.0,0.0,1.0,0,1
STU-007398,2025,computer_science,9.24,,56.9,66.5,17.3,1.0,0.0,2.0,1,0
STU-007399,2027,mechanical,7.89,78.2,47.2,46.0,21.5,5.0,3.0,6.0,0,1
STU-007400,2027,information_technology,6.53,65.3,16.4,71.3,9.4,3.0,0.0,1.0,0,0
STU-007401,2026,electronics,6.33,56.7,57.3,79.2,5.3,2.0,0.0,2.0,1,1
STU-007402,2025,civil,7.97,56.4,65.3,32.9,3.1,3.0,0.0,1.0,2,0
STU-007403,2025,mechanical,6.82,40.9,67.4,61.0,20.6,4.0,1.0,2.0,0,1
STU-007404,2026,information_technology,7.57,39.8,80.9,60.9,11.5,0.0,1.0,3.0,0,1
STU-007405,2026,information_technology,9.32,60.1,46.8,74.9,38.2,3.0,1.0,0.0,1,1
STU-007406,2024,mechanical,7.35,37.9,88.2,54.0,2.4,0.0,0.0,0.0,0,0
STU-007407,2027,mechanical,9.72,,61.1,53.8,10.2,1.0,1.0,4.0,4,0
STU-007408,2026,computer_science,5.8,57.1,,64.5,9.7,3.0,1.0,2.0,0,0
STU-007409,2026,electronics,7.61,90.6,56.3,,27.2,1.0,0.0,2.0,0,1
STU-007410,2025,mechanical,7.46,,43.7,65.2,6.3,3.0,0.0,2.0,2,0
STU-007411,2027,mechanical,5.97,47.1,30.5,74.6,9.6,0.0,1.0,2.0,0,0
STU-007412,2027,computer_science,8.02,68.9,62.7,71.9,18.2,1.0,1.0,0.0,1,1
STU-007413,2024,information_technology,8.86,57.8,46.1,55.0,17.8,4.0,0.0,3.0,0,0
STU-007414,2026,,9.63,77.9,61.8,62.6,1.6,1.0,1.0,4.0,1,1
STU-007415,2026,computer_science,7.57,80.7,50.3,70.0,10.4,0.0,1.0,1.0,0,1
STU-007416,2027,electronics,4.91,70.3,40.5,,6.7,,0.0,1.0,0,0
STU-007417,2025,information_technology,7.65,79.8,27.0,52.8,8.2,0.0,1.0,2.0,1,0
STU-007418,2027,computer_science,7.95,72.2,5.0,41.9,18.4,1.0,0.0,,0,0
STU-007419,2026,computer_science,6.83,49.4,68.6,78.8,14.6,2.0,1.0,3.0,2,0
STU-007420,2024,mechanical,7.35,75.8,75.5,92.7,11.6,2.0,1.0,2.0,0,0
STU-007421,2024,mechanical,6.54,67.6,9.6,52.8,9.9,2.0,0.0,3.0,0,0
STU-007422,2025,mechanical,6.95,48.6,61.9,70.4,,2.0,0.0,1.0,2,0
STU-007423,2025,civil,8.27,,63.8,79.8,19.8,2.0,0.0,3.0,0,1
STU-007424,2026,civil,8.7,60.0,39.3,46.0,6.4,3.0,1.0,2.0,0,0
STU-007425,2027,information_technology,5.64,71.9,,67.2,10.1,0.0,0.0,2.0,0,0
STU-007426,2025,computer_science,6.51,58.8,72.4,80.9,7.4,3.0,3.0,2.0,0,1
STU-007427,2027,mechanical,5.27,54.5,66.1,58.7,4.8,4.0,2.0,0.0,1,0
STU-007428,2024,electronics,,60.0,93.5,61.3,3.3,2.0,0.0,3.0,0,0
STU-007429,2026,information_technology,8.1,54.9,76.4,81.8,28.6,2.0,1.0,1.0,0,1
STU-007430,2027,civil,4.8,,32.1,56.5,5.9,,1.0,3.0,2,0
STU-007431,2027,computer_science,7.03,70.0,55.4,54.4,1.2,2.0,2.0,1.0,1,1
STU-007432,2026,civil,6.77,42.3,60.6,59.9,14.1,1.0,1.0,1.0,0,0
STU-007433,2026,electronics,6.23,57.5,77.7,88.0,28.4,2.0,2.0,3.0,0,0
STU-007434,2024,computer_science,8.29,54.5,55.9,73.7,29.3,,1.0,3.0,0,0
STU-007435,2024,mechanical,8.27,72.0,49.3,70.1,8.7,3.0,0.0,1.0,1,0
STU-007436,2026,mechanical,7.41,53.7,28.5,69.9,16.1,2.0,1.0,1.0,0,0
STU-007437,2024,electronics,6.36,41.6,67.3,47.0,6.4,1.0,1.0,4.0,0,0
STU-007438,2025,electronics,6.37,71.6,56.0,70.5,40.0,2.0,2.0,4.0,2,1
STU-007439,2025,computer_science,7.15,45.9,40.9,56.7,6.8,2.0,0.0,0.0,0,0
STU-007440,2027,computer_science,6.57,59.5,66.4,60.0,4.8,2.0,0.0,,0,0
STU-007441,2027,computer_science,7.09,77.3,49.6,59.3,18.8,2.0,0.0,2.0,1,0
STU-007442,2027,computer_science,7.74,48.5,35.4,76.0,20.8,1.0,0.0,3.0,0,0
STU-007443,2026,computer_science,5.34,53.1,71.0,88.5,8.7,4.0,1.0,1.0,1,0
STU-007444,2024,information_technology,6.23,50.0,16.8,50.1,16.2,1.0,0.0,1.0,0,1
STU-007445,2024,computer_science,7.06,60.1,57.7,77.9,9.8,1.0,0.0,3.0,0,1
STU-007446,2026,information_technology,8.9,60.8,60.7,60.9,0.7,3.0,1.0,2.0,0,1
STU-007447,2026,computer_science,8.07,74.0,31.4,74.1,5.9,3.0,0.0,1.0,0,0
STU-007448,2025,computer_science,7.1,48.9,60.9,67.7,2.8,3.0,1.0,4.0,0,1
STU-007449,2026,civil,7.56,78.2,45.5,54.9,11.0,4.0,1.0,2.0,0,0
STU-007450,2026,civil,6.98,,83.6,54.7,12.6,3.0,1.0,1.0,0,0
STU-007451,2025,mechanical,8.34,64.5,77.4,60.5,9.3,3.0,0.0,2.0,0,1
STU-007452,2025,computer_science,7.6,47.3,61.2,68.5,1.3,1.0,1.0,1.0,0,0
STU-007453,2025,electronics,8.57,60.5,18.9,70.5,8.1,2.0,0.0,1.0,3,0
STU-007454,2026,computer_science,5.54,53.2,39.7,100.0,16.5,2.0,3.0,2.0,3,1
STU-007455,2027,electronics,6.17,82.9,40.9,71.2,24.7,0.0,1.0,2.0,0,0
STU-007456,2026,mechanical,7.42,57.3,77.2,45.4,10.3,5.0,1.0,1.0,0,1
STU-007457,2027,information_technology,7.67,80.1,60.7,81.2,1.8,0.0,1.0,0.0,0,0
STU-007458,2027,civil,9.86,65.4,71.8,72.0,7.1,1.0,1.0,2.0,0,1
STU-007459,2024,electronics,5.02,54.7,64.4,61.3,,0.0,1.0,1.0,0,0
STU-007460,2026,computer_science,7.06,52.8,83.0,48.1,5.1,0.0,0.0,1.0,0,0
STU-007461,2026,computer_science,7.01,54.1,79.8,59.7,26.0,0.0,0.0,1.0,2,0
STU-007462,2026,mechanical,7.37,72.1,65.8,80.0,9.1,4.0,2.0,1.0,1,0
STU-007463,2024,information_technology,9.09,51.2,58.8,70.6,24.0,2.0,1.0,1.0,1,0
STU-007464,2027,computer_science,8.11,,66.8,82.6,6.2,1.0,0.0,5.0,0,1
STU-007465,2027,computer_science,5.26,76.1,47.5,81.9,4.0,,2.0,3.0,0,0
STU-007466,2024,civil,8.86,52.9,75.8,66.5,6.6,4.0,1.0,3.0,0,0
STU-007467,2025,computer_science,8.83,79.8,52.7,19.5,15.7,3.0,0.0,0.0,0,0
STU-007468,2025,civil,7.4,74.5,72.0,51.0,13.2,0.0,0.0,2.0,2,1
STU-007469,2027,electronics,5.24,67.5,48.7,42.0,18.7,3.0,0.0,2.0,0,0
STU-007470,2026,computer_science,6.93,48.3,61.3,83.5,20.4,2.0,0.0,1.0,0,1
STU-007471,2024,information_technology,7.64,57.5,37.2,70.8,8.3,,1.0,1.0,0,0
STU-007472,2027,mechanical,8.25,58.7,55.3,60.6,22.0,4.0,1.0,5.0,0,1
STU-007473,2025,information_technology,5.06,85.5,54.8,56.3,2.4,3.0,0.0,1.0,1,0
STU-007474,2026,computer_science,6.22,56.3,48.8,78.8,22.7,4.0,0.0,3.0,0,0
STU-007475,2025,computer_science,8.36,58.0,20.6,51.0,12.2,2.0,1.0,,0,1
STU-007476,2026,mechanical,8.83,44.4,41.3,,27.3,2.0,0.0,1.0,1,0
STU-007477,2026,electronics,7.6,44.6,63.2,44.3,10.0,1.0,0.0,3.0,2,0
STU-007478,2025,information_technology,8.42,50.6,86.3,65.1,13.2,2.0,0.0,3.0,0,1
STU-007479,2026,computer_science,7.62,64.7,53.5,52.2,16.9,0.0,3.0,2.0,0,1
STU-007480,2027,information_technology,8.21,39.1,51.5,77.5,11.2,3.0,0.0,5.0,0,0
STU-007481,2026,mechanical,7.27,48.5,74.0,63.3,6.5,1.0,0.0,0.0,0,0
STU-007482,2027,computer_science,7.65,31.4,57.8,43.8,22.7,1.0,2.0,5.0,2,0
STU-007483,2026,civil,5.69,76.4,62.4,59.9,8.8,2.0,1.0,1.0,1,1
STU-007484,2027,mechanical,7.93,61.5,53.7,49.6,15.4,3.0,0.0,0.0,0,0
STU-007485,2025,computer_science,5.66,60.0,42.7,61.4,4.5,1.0,0.0,1.0,0,0
STU-007486,2027,mechanical,7.93,43.5,72.7,78.4,10.6,3.0,0.0,3.0,1,1
STU-007487,2025,electronics,6.6,74.6,64.8,60.9,20.9,2.0,1.0,0.0,1,1
STU-007488,2024,electronics,7.53,81.6,51.6,53.7,16.4,3.0,0.0,2.0,0,1
STU-007489,2024,computer_science,6.0,57.0,31.9,69.2,12.5,0.0,0.0,1.0,0,0
STU-007490,2024,civil,6.52,49.9,24.7,57.0,2.8,4.0,1.0,2.0,0,1
STU-007491,2027,information_technology,7.52,67.3,31.0,70.5,13.8,2.0,1.0,0.0,0,0
STU-007492,2027,mechanical,7.97,71.0,48.1,67.5,5.6,0.0,0.0,1.0,0,0
STU-007493,2027,computer_science,8.36,73.8,65.8,48.2,11.2,2.0,0.0,3.0,0,1
STU-007494,2024,computer_science,5.78,65.5,21.8,44.5,18.7,1.0,1.0,1.0,0,0
STU-007495,2027,civil,5.37,69.2,21.3,57.7,2.7,3.0,0.0,1.0,0,0
STU-007496,2027,information_technology,5.98,45.6,57.3,68.6,0.6,2.0,0.0,3.0,2,0
STU-007497,2025,computer_science,5.87,69.4,77.2,87.1,14.2,1.0,0.0,2.0,2,0
STU-007498,2026,mechanical,,55.0,81.1,47.0,15.4,3.0,2.0,4.0,2,1
STU-007499,2026,computer_science,8.64,23.6,30.3,48.7,4.7,0.0,0.0,1.0,0,0
STU-007500,2024,mechanical,5.95,49.0,57.5,76.4,11.0,1.0,1.0,2.0,0,0
STU-007501,2026,civil,9.07,53.8,79.5,65.4,9.6,1.0,0.0,3.0,0,1
STU-007502,2027,computer_science,8.57,64.8,52.9,60.2,3.4,1.0,1.0,5.0,1,0
STU-007503,2025,,5.23,67.0,43.9,72.1,6.7,2.0,0.0,1.0,3,1
STU-007504,2026,civil,5.92,58.7,56.3,80.0,7.7,,1.0,3.0,2,0
STU-007505,2026,civil,5.19,84.5,56.1,77.2,19.5,1.0,1.0,2.0,0,0
STU-007506,2027,information_technology,7.0,50.1,,52.8,15.6,3.0,1.0,1.0,1,0
STU-007507,2027,electronics,7.12,28.4,,,15.1,4.0,0.0,4.0,1,0
STU-007508,2027,electronics,7.12,62.4,59.1,78.5,14.8,1.0,0.0,2.0,0,1
STU-007509,2026,computer_science,4.77,45.4,35.4,58.6,,4.0,0.0,3.0,1,0
STU-007510,2026,electronics,5.46,38.6,41.2,67.9,4.2,1.0,3.0,2.0,0,0
STU-007511,2026,computer_science,7.4,54.3,43.4,54.4,5.9,2.0,0.0,1.0,0,1
STU-007512,2026,computer_science,7.82,47.9,50.4,49.3,19.6,0.0,2.0,1.0,1,0
STU-007513,2024,information_technology,4.78,,55.7,68.5,9.5,3.0,0.0,2.0,2,0
STU-007514,2026,mechanical,5.63,78.1,36.4,75.6,10.7,1.0,0.0,1.0,0,0
STU-007515,2026,computer_science,8.28,62.4,78.3,73.4,4.1,1.0,0.0,3.0,1,1
STU-007516,2026,computer_science,5.69,51.4,33.0,44.0,4.6,1.0,0.0,3.0,0,0
STU-007517,2027,computer_science,7.08,82.1,58.8,81.1,21.1,1.0,0.0,1.0,1,0
STU-007518,2026,computer_science,5.58,50.7,63.5,70.9,24.2,1.0,1.0,3.0,1,0
STU-007519,2025,civil,8.06,41.7,66.9,78.5,8.8,0.0,1.0,1.0,1,0
STU-007520,2024,information_technology,4.78,33.7,14.7,49.8,40.0,0.0,0.0,4.0,0,0
STU-007521,2024,computer_science,6.75,56.3,56.3,74.6,9.5,3.0,0.0,2.0,0,0
STU-007522,2025,civil,8.18,35.7,47.2,71.8,22.0,1.0,1.0,0.0,0,1
STU-007523,2026,computer_science,7.8,42.0,35.7,45.1,12.4,2.0,0.0,1.0,0,0
STU-007524,2024,information_technology,6.57,51.4,57.1,69.0,8.1,4.0,1.0,2.0,0,0
STU-007525,2025,mechanical,6.3,73.6,31.0,48.4,14.9,1.0,2.0,2.0,0,0
STU-007526,2025,mechanical,6.83,77.0,58.5,63.1,4.0,1.0,4.0,3.0,1,1
STU-007527,2027,computer_science,5.62,65.1,74.2,95.4,24.1,1.0,1.0,2.0,0,0
STU-007528,2027,electronics,6.98,57.9,60.1,67.0,7.4,2.0,0.0,5.0,1,0
STU-007529,2025,electronics,7.0,49.5,51.1,61.3,10.4,2.0,2.0,2.0,2,1
STU-007530,2024,electronics,6.62,63.1,50.7,42.1,6.5,3.0,0.0,0.0,0,0
STU-007531,2024,computer_science,8.25,87.2,75.5,67.0,11.7,2.0,1.0,4.0,0,1
STU-007532,2024,mechanical,5.87,57.9,45.3,60.8,7.8,3.0,0.0,1.0,0,1
STU-007533,2025,information_technology,5.14,47.3,,34.8,9.0,4.0,0.0,5.0,0,0
STU-007534,2024,electronics,6.5,54.6,,47.6,7.6,0.0,0.0,1.0,1,0
STU-007535,2025,civil,7.24,54.5,40.8,75.4,1.8,3.0,2.0,3.0,0,0
STU-007536,2027,mechanical,,66.2,70.1,81.0,12.8,4.0,0.0,0.0,0,1
STU-007537,2026,mechanical,6.93,46.4,46.4,64.0,6.3,2.0,0.0,2.0,1,0
STU-007538,2027,computer_science,5.8,61.7,59.7,77.1,17.5,3.0,0.0,1.0,0,1
STU-007539,2024,computer_science,5.97,64.5,61.7,,5.9,0.0,0.0,2.0,1,0
STU-007540,2025,electronics,6.54,62.2,36.9,52.4,8.2,0.0,0.0,1.0,0,0
STU-007541,2027,computer_science,6.45,40.6,39.3,93.8,14.2,3.0,0.0,2.0,2,0
STU-007542,2025,electronics,8.36,58.5,,43.2,,1.0,0.0,3.0,0,0
STU-007543,2026,electronics,7.4,50.9,59.0,68.9,0.2,3.0,0.0,1.0,0,1
STU-007544,2027,electronics,6.49,55.9,49.9,53.8,5.2,2.0,2.0,1.0,1,0
STU-007545,2026,computer_science,8.36,50.7,68.3,60.0,8.9,1.0,0.0,2.0,2,0
STU-007546,2025,mechanical,7.61,77.9,74.7,85.2,2.0,4.0,1.0,3.0,0,0
STU-007547,2026,electronics,5.54,57.9,48.5,,2.9,1.0,0.0,1.0,0,1
STU-007548,2024,information_technology,4.0,27.7,33.3,58.4,13.8,2.0,0.0,1.0,1,0
STU-007549,2024,electronics,5.57,35.2,51.3,55.3,12.0,3.0,0.0,5.0,0,0
STU-007550,2024,computer_science,7.78,77.6,44.5,70.8,22.8,2.0,1.0,3.0,0,0
STU-007551,2027,electronics,8.13,57.5,61.9,49.7,17.5,2.0,1.0,2.0,1,1
STU-007552,2026,computer_science,5.19,48.5,47.8,64.3,5.3,1.0,1.0,2.0,0,0
STU-007553,2025,electronics,7.86,76.6,44.6,61.1,21.3,5.0,0.0,1.0,1,0
STU-007554,2025,computer_science,7.81,57.4,,52.0,17.8,1.0,0.0,3.0,0,0
STU-007555,2026,computer_science,8.7,43.5,56.3,42.9,8.0,1.0,1.0,2.0,1,0
STU-007556,2027,computer_science,8.19,43.5,72.2,63.4,9.8,4.0,1.0,1.0,0,1
STU-007557,2025,computer_science,8.65,70.7,,57.7,11.4,1.0,0.0,1.0,0,1
STU-007558,2025,mechanical,,89.8,43.9,66.1,9.7,3.0,0.0,4.0,1,0
STU-007559,2027,mechanical,7.62,71.8,51.1,32.6,12.9,3.0,0.0,0.0,0,0
STU-007560,2027,computer_science,6.71,51.7,63.4,56.5,2.1,1.0,0.0,7.0,2,0
STU-007561,2027,computer_science,8.04,56.7,71.5,74.9,6.4,2.0,0.0,1.0,0,0
STU-007562,2025,mechanical,5.57,55.9,53.7,39.9,3.1,,0.0,3.0,1,0
STU-007563,2024,computer_science,6.94,27.6,66.9,89.2,5.7,5.0,0.0,2.0,0,0
STU-007564,2026,information_technology,7.72,59.8,77.6,68.0,12.5,2.0,1.0,1.0,1,1
STU-007565,2025,computer_science,,70.2,64.6,60.9,12.2,3.0,0.0,0.0,1,1
STU-007566,2027,electronics,6.55,83.7,39.6,64.4,12.1,2.0,1.0,3.0,1,1
STU-007567,2024,civil,8.21,76.8,58.5,51.0,23.2,4.0,0.0,2.0,0,0
STU-007568,2026,computer_science,6.87,86.7,31.3,82.8,11.2,2.0,0.0,1.0,2,0
STU-007569,2027,civil,8.24,85.7,66.7,65.4,8.6,1.0,1.0,1.0,1,0
STU-007570,2027,mechanical,6.18,77.3,43.4,63.8,9.8,2.0,0.0,2.0,0,0
STU-007571,2026,civil,7.93,60.3,60.6,77.0,1.2,1.0,0.0,1.0,0,0
STU-007572,2027,mechanical,6.99,63.2,,68.3,13.1,4.0,,1.0,0,0
STU-007573,2024,mechanical,5.74,30.4,43.4,53.4,5.6,2.0,1.0,0.0,2,0
STU-007574,2025,electronics,6.92,59.8,,62.4,19.2,1.0,0.0,1.0,0,0
STU-007575,2024,mechanical,8.62,69.7,59.4,70.9,3.1,1.0,0.0,2.0,1,0
STU-007576,2027,computer_science,5.93,51.6,40.0,63.7,13.8,1.0,3.0,4.0,1,0
STU-007577,2027,electronics,5.39,31.7,29.9,44.0,14.9,2.0,0.0,6.0,0,0
STU-007578,2024,,7.56,82.9,63.3,82.5,28.5,1.0,1.0,2.0,2,0
STU-007579,2024,computer_science,5.17,60.4,27.2,65.1,12.0,0.0,0.0,2.0,1,0
STU-007580,2025,computer_science,8.9,87.6,93.1,57.4,21.2,2.0,0.0,3.0,1,1
STU-007581,2025,computer_science,8.87,72.9,84.4,72.0,5.1,3.0,1.0,2.0,1,0
STU-007582,2027,information_technology,8.29,81.1,,56.0,13.6,2.0,0.0,4.0,0,0
STU-007583,2024,computer_science,7.09,75.6,66.0,41.4,13.6,2.0,1.0,4.0,1,0
STU-007584,2027,computer_science,9.01,51.8,82.4,62.8,32.1,4.0,0.0,1.0,1,1
STU-007585,2026,computer_science,8.65,53.7,51.6,72.2,17.0,2.0,,0.0,0,1
STU-007586,2025,electronics,6.49,50.5,58.9,59.1,23.1,3.0,0.0,1.0,1,1
STU-007587,2024,computer_science,8.75,47.0,59.9,59.6,7.0,5.0,,1.0,0,1
STU-007588,2027,computer_science,6.05,82.6,62.8,60.2,11.1,1.0,2.0,3.0,0,0
STU-007589,2026,computer_science,6.87,58.4,46.9,61.4,9.0,4.0,1.0,3.0,0,0
STU-007590,2026,information_technology,5.04,61.0,64.4,64.9,28.7,5.0,0.0,0.0,5,0
STU-007591,2025,computer_science,,,53.6,74.0,,2.0,1.0,1.0,1,0
STU-007592,2027,civil,6.76,69.8,48.7,73.1,15.6,4.0,1.0,0.0,1,1
STU-007593,2027,computer_science,6.58,51.0,64.3,91.3,5.5,3.0,0.0,0.0,1,0
STU-007594,2027,computer_science,6.91,76.7,70.0,87.2,22.1,4.0,2.0,5.0,1,1
STU-007595,2026,information_technology,6.43,46.6,13.0,50.8,11.3,1.0,0.0,1.0,0,0
STU-007596,2027,mechanical,7.15,78.3,6.2,59.6,7.8,1.0,1.0,3.0,0,0
STU-007597,2025,information_technology,8.58,75.3,67.1,72.9,11.5,0.0,3.0,0.0,1,1
STU-007598,2026,computer_science,5.88,48.8,39.3,37.7,2.3,4.0,1.0,2.0,0,1
STU-007599,2025,electronics,8.09,81.5,36.9,67.2,19.9,5.0,1.0,3.0,0,1
STU-007600,2026,information_technology,7.35,75.9,50.0,50.8,21.5,2.0,0.0,2.0,0,0
STU-007601,2027,information_technology,7.53,66.4,100.0,62.1,16.5,2.0,0.0,4.0,1,0
STU-007602,2027,civil,7.06,43.2,32.6,63.0,16.2,2.0,1.0,2.0,0,0
STU-007603,2026,civil,6.27,68.6,67.2,38.0,7.7,4.0,0.0,3.0,0,0
STU-007604,2026,electronics,7.61,60.2,44.5,96.7,3.7,2.0,1.0,3.0,2,0
STU-007605,2027,computer_science,7.7,60.1,33.1,55.2,13.1,2.0,1.0,1.0,1,1
STU-007606,2027,electronics,6.18,57.5,41.3,82.9,4.5,0.0,0.0,2.0,2,0
STU-007607,2027,civil,5.56,54.7,25.1,39.9,3.6,1.0,0.0,3.0,0,0
STU-007608,2024,civil,7.2,45.4,29.1,53.6,12.2,2.0,1.0,3.0,0,0
STU-007609,2025,computer_science,7.97,37.2,46.5,73.7,15.0,3.0,1.0,2.0,1,1
STU-007610,2027,computer_science,8.26,34.7,41.5,59.2,11.4,1.0,,0.0,0,1
STU-007611,2027,computer_science,8.48,65.5,58.5,73.7,23.9,1.0,1.0,2.0,0,1
STU-007612,2027,mechanical,7.53,,60.0,71.4,16.9,1.0,1.0,1.0,0,0
STU-007613,2026,information_technology,6.8,68.5,40.8,50.9,1.6,5.0,0.0,5.0,1,0
STU-007614,2025,computer_science,7.1,65.8,66.1,79.7,4.2,0.0,1.0,1.0,0,0
STU-007615,2025,computer_science,5.67,50.8,38.4,70.6,26.3,3.0,0.0,2.0,0,0
STU-007616,2027,computer_science,6.31,72.0,49.6,42.3,12.6,6.0,0.0,3.0,2,0
STU-007617,2025,mechanical,7.04,54.2,18.3,63.9,12.0,2.0,2.0,1.0,0,1
STU-007618,2026,information_technology,6.79,63.9,55.6,71.6,2.1,2.0,1.0,2.0,1,0
STU-007619,2027,computer_science,7.21,29.0,94.1,61.1,,1.0,0.0,4.0,2,0
STU-007620,2027,electronics,5.52,21.4,62.6,63.2,7.5,3.0,1.0,0.0,1,0
STU-007621,2025,electronics,5.78,52.0,47.2,69.3,6.1,2.0,1.0,1.0,0,0
STU-007622,2027,electronics,7.99,66.3,39.3,39.6,5.1,3.0,0.0,0.0,1,0
STU-007623,2024,mechanical,6.14,70.5,79.3,59.7,5.9,3.0,1.0,,2,0
STU-007624,2024,computer_science,6.32,54.0,49.6,57.2,9.9,2.0,0.0,0.0,1,0
STU-007625,2025,computer_science,7.21,62.1,44.4,73.0,5.2,3.0,2.0,2.0,0,0
STU-007626,2024,computer_science,6.03,67.9,40.1,54.6,12.4,5.0,0.0,3.0,3,0
STU-007627,2027,electronics,8.37,,95.7,89.7,4.9,2.0,,1.0,0,0
STU-007628,2027,civil,5.65,64.1,47.6,54.2,18.5,2.0,0.0,6.0,1,0
STU-007629,2024,computer_science,7.1,41.3,63.1,46.7,23.2,2.0,0.0,0.0,1,0
STU-007630,2027,mechanical,6.24,31.6,48.5,79.6,8.8,3.0,2.0,2.0,0,0
STU-007631,2026,electronics,7.28,50.6,55.0,70.8,14.2,2.0,0.0,0.0,1,0
STU-007632,2026,civil,6.53,68.7,45.9,67.8,1.1,1.0,0.0,1.0,0,0
STU-007633,2027,information_technology,7.07,47.5,79.5,59.0,4.1,3.0,0.0,1.0,2,0
STU-007634,2026,computer_science,8.5,70.8,61.8,57.4,3.9,3.0,1.0,3.0,1,0
STU-007635,2024,mechanical,6.31,41.2,28.3,68.8,4.1,0.0,1.0,3.0,1,0
STU-007636,2024,mechanical,6.3,47.9,58.9,54.4,3.7,1.0,2.0,4.0,0,0
STU-007637,2026,electronics,6.74,61.1,52.0,87.2,15.3,0.0,1.0,4.0,0,0
STU-007638,2027,mechanical,8.8,51.6,68.7,65.7,1.5,3.0,1.0,3.0,0,1
STU-007639,2026,information_technology,7.0,50.5,49.4,58.5,37.7,3.0,,2.0,0,1
STU-007640,2025,electronics,8.52,21.9,51.9,56.5,12.7,4.0,0.0,2.0,1,1
STU-007641,2024,computer_science,,70.4,69.8,45.3,16.3,1.0,1.0,2.0,1,0
STU-007642,2027,information_technology,8.47,59.2,92.5,72.2,4.4,1.0,0.0,3.0,2,0
STU-007643,2025,computer_science,7.57,45.0,25.7,51.2,8.1,1.0,0.0,1.0,1,0
STU-007644,2026,computer_science,7.74,87.0,59.3,60.2,17.0,1.0,1.0,6.0,3,1
STU-007645,2026,computer_science,5.45,43.1,39.6,97.7,18.9,2.0,1.0,1.0,0,1
STU-007646,2025,,5.28,46.8,32.6,36.7,12.4,2.0,0.0,4.0,1,0
STU-007647,2024,mechanical,8.33,46.2,23.7,60.6,6.3,5.0,2.0,5.0,0,0
STU-007648,2025,computer_science,8.32,77.2,66.4,42.8,20.2,1.0,2.0,0.0,0,1
STU-007649,2025,information_technology,9.88,85.3,58.3,54.5,5.2,3.0,1.0,1.0,0,1
STU-007650,2026,computer_science,5.39,74.8,39.3,60.0,6.5,2.0,1.0,1.0,2,0
STU-007651,2027,information_technology,7.66,79.2,78.1,43.7,3.6,8.0,0.0,1.0,0,1
STU-007652,2025,computer_science,5.92,46.9,43.2,67.7,13.9,1.0,1.0,2.0,0,0
STU-007653,2026,electronics,6.25,81.6,43.8,,7.2,3.0,1.0,0.0,1,1
STU-007654,2024,civil,6.52,54.1,30.4,66.7,10.4,3.0,1.0,3.0,0,0
STU-007655,2025,information_technology,7.54,35.9,41.7,73.8,,0.0,0.0,3.0,0,0
STU-007656,2027,electronics,6.34,50.3,77.3,,10.7,1.0,1.0,3.0,1,0
STU-007657,2027,electronics,7.14,63.2,66.0,70.5,18.2,1.0,2.0,2.0,3,1
STU-007658,2027,computer_science,8.06,50.4,81.1,29.0,6.6,0.0,0.0,5.0,2,0
STU-007659,2024,information_technology,8.4,63.0,46.3,64.5,12.7,3.0,0.0,3.0,0,1
STU-007660,2026,computer_science,7.9,67.8,64.7,27.0,10.0,1.0,0.0,4.0,1,0
STU-007661,2026,information_technology,7.62,65.4,75.3,51.9,14.4,3.0,0.0,2.0,0,0
STU-007662,2027,mechanical,6.94,67.7,64.6,41.0,15.3,2.0,0.0,2.0,0,0
STU-007663,2026,information_technology,,54.2,79.6,65.8,3.2,2.0,1.0,2.0,1,0
STU-007664,2027,information_technology,7.72,48.5,64.7,49.4,17.4,2.0,1.0,3.0,0,0
STU-007665,2024,,5.89,33.7,50.5,66.2,9.9,1.0,0.0,3.0,0,0
STU-007666,2026,computer_science,7.24,57.2,15.9,72.9,15.9,3.0,1.0,0.0,1,1
STU-007667,2027,civil,5.86,47.7,57.5,48.6,1.0,2.0,0.0,1.0,0,0
STU-007668,2025,computer_science,7.05,56.3,65.4,65.5,14.3,3.0,0.0,2.0,3,0
STU-007669,2026,electronics,,24.7,70.1,25.3,5.8,0.0,0.0,,0,0
STU-007670,2026,computer_science,6.64,34.5,40.0,41.1,11.7,0.0,0.0,4.0,0,0
STU-007671,2027,computer_science,6.32,64.3,51.7,79.7,13.4,1.0,1.0,2.0,1,0
STU-007672,2024,computer_science,6.18,31.8,24.7,49.7,,2.0,0.0,0.0,1,0
STU-007673,2027,civil,7.0,55.1,27.6,54.6,11.1,3.0,0.0,2.0,1,0
STU-007674,2025,computer_science,4.31,40.2,53.0,50.6,10.4,1.0,,1.0,1,0
STU-007675,2026,electronics,5.03,40.6,68.6,37.7,4.2,0.0,2.0,3.0,1,0
STU-007676,2026,computer_science,8.02,61.3,81.2,47.5,9.1,0.0,2.0,2.0,0,1
STU-007677,2025,electronics,7.27,59.0,63.5,61.9,4.6,1.0,4.0,1.0,0,0
STU-007678,2027,electronics,6.27,64.7,86.9,56.6,15.4,2.0,0.0,2.0,1,1
STU-007679,2027,electronics,8.22,43.9,53.2,77.0,13.9,2.0,1.0,0.0,0,0
STU-007680,2027,computer_science,6.36,43.5,67.7,53.3,17.0,2.0,0.0,,1,0
STU-007681,2027,computer_science,6.43,73.7,30.3,61.8,7.7,2.0,2.0,3.0,0,0
STU-007682,2026,mechanical,6.2,53.0,0.0,54.4,2.9,0.0,1.0,1.0,0,0
STU-007683,2026,electronics,9.29,68.1,56.0,75.1,7.9,2.0,0.0,4.0,2,0
STU-007684,2027,computer_science,7.37,51.3,54.4,41.9,10.9,3.0,0.0,1.0,1,1
STU-007685,2024,information_technology,7.33,65.5,60.3,68.7,26.8,2.0,3.0,0.0,1,1
STU-007686,2027,computer_science,7.64,21.9,,67.7,28.1,1.0,2.0,2.0,2,0
STU-007687,2026,information_technology,4.97,71.2,53.0,50.5,5.7,3.0,1.0,3.0,0,0
STU-007688,2026,information_technology,6.42,50.0,82.3,60.6,9.7,1.0,0.0,2.0,0,0
STU-007689,2025,computer_science,7.62,,70.0,67.4,3.3,2.0,0.0,1.0,1,0
STU-007690,2025,information_technology,7.1,,42.4,52.3,2.5,0.0,0.0,2.0,0,0
STU-007691,2024,electronics,9.64,59.3,22.8,52.0,18.7,2.0,2.0,4.0,0,0
STU-007692,2026,civil,6.48,55.3,34.7,44.8,2.5,6.0,1.0,2.0,0,0
STU-007693,2025,electronics,8.18,62.5,82.6,90.3,18.2,0.0,3.0,2.0,2,1
STU-007694,2025,information_technology,8.03,42.2,50.5,55.5,18.0,4.0,0.0,5.0,0,0
STU-007695,2025,mechanical,7.26,71.6,67.6,44.8,5.6,2.0,0.0,3.0,0,0
STU-007696,2026,computer_science,7.47,51.1,67.8,37.2,4.9,0.0,0.0,3.0,2,0
STU-007697,2025,electronics,6.77,48.9,53.1,50.8,8.2,1.0,,,0,1
STU-007698,2027,computer_science,4.83,50.3,44.8,65.7,10.4,1.0,0.0,2.0,0,0
STU-007699,2024,computer_science,7.5,68.9,45.7,58.4,10.3,0.0,0.0,,1,0
STU-007700,2026,electronics,7.59,58.7,95.2,66.9,7.0,1.0,0.0,1.0,0,0
STU-007701,2024,computer_science,7.77,51.4,41.8,72.0,1.8,3.0,0.0,,0,0
STU-007702,2026,electronics,7.17,53.5,74.7,59.9,11.3,2.0,0.0,1.0,0,1
STU-007703,2026,,8.22,78.7,74.0,60.2,,0.0,0.0,3.0,0,1
STU-007704,2026,computer_science,6.1,72.0,61.9,83.9,9.2,3.0,0.0,,0,0
STU-007705,2026,information_technology,8.79,67.1,60.1,72.3,7.3,3.0,1.0,0.0,0,1
STU-007706,2026,electronics,5.96,58.2,25.7,67.4,24.7,4.0,0.0,0.0,0,0
STU-007707,2025,electronics,6.98,92.7,35.4,57.2,5.4,1.0,0.0,1.0,0,0
STU-007708,2026,mechanical,7.88,66.7,45.4,71.5,10.2,2.0,0.0,1.0,1,0
STU-007709,2025,computer_science,6.51,59.7,59.3,,21.5,4.0,0.0,4.0,1,1
STU-007710,2026,mechanical,,56.9,74.0,66.4,11.7,,0.0,5.0,0,0
STU-007711,2026,information_technology,6.71,62.8,59.2,72.0,23.1,2.0,1.0,2.0,0,0
STU-007712,2027,computer_science,7.24,12.8,60.4,66.6,7.6,2.0,1.0,1.0,1,0
STU-007713,2026,electronics,6.89,73.2,72.3,40.7,21.2,2.0,0.0,0.0,1,0
STU-007714,2025,computer_science,6.44,37.8,17.2,62.8,12.5,0.0,0.0,3.0,0,0
STU-007715,2025,computer_science,9.69,52.6,28.2,46.4,15.8,3.0,0.0,1.0,0,1
STU-007716,2024,computer_science,6.13,35.3,25.2,70.9,6.8,2.0,0.0,,1,0
STU-007717,2026,mechanical,4.47,41.9,60.6,40.0,11.7,2.0,0.0,3.0,0,0
STU-007718,2027,civil,6.18,51.2,17.5,61.6,8.9,1.0,0.0,2.0,0,0
STU-007719,2027,civil,7.25,71.8,55.8,62.8,8.8,1.0,0.0,,0,0
STU-007720,2026,computer_science,6.67,76.7,38.2,45.9,13.2,1.0,1.0,1.0,1,1
STU-007721,2025,,8.27,89.7,62.7,60.9,8.5,1.0,,1.0,0,0
STU-007722,2027,mechanical,8.23,62.0,,72.7,4.8,3.0,0.0,1.0,2,0
STU-007723,2024,computer_science,6.73,54.2,58.2,54.2,2.3,0.0,0.0,1.0,2,0
STU-007724,2025,information_technology,5.17,66.0,40.9,66.1,6.6,1.0,0.0,3.0,1,0
STU-007725,2027,computer_science,5.62,42.4,61.5,69.1,14.3,0.0,0.0,2.0,0,0
STU-007726,2025,electronics,7.06,43.6,80.1,47.1,13.9,,1.0,3.0,0,1
STU-007727,2024,electronics,5.3,49.1,69.7,62.6,17.3,1.0,0.0,1.0,0,1
STU-007728,2025,computer_science,6.68,56.8,47.5,59.0,4.0,2.0,1.0,1.0,1,0
STU-007729,2026,computer_science,8.73,30.5,47.2,61.8,8.1,3.0,0.0,2.0,1,1
STU-007730,2024,electronics,7.49,75.0,,39.5,4.0,6.0,0.0,3.0,0,0
STU-007731,2026,electronics,7.15,61.9,89.2,42.3,7.4,1.0,3.0,1.0,1,0
STU-007732,2026,computer_science,5.9,67.8,49.7,79.1,8.4,0.0,,4.0,0,0
STU-007733,2025,computer_science,7.31,35.1,70.5,72.6,16.5,3.0,3.0,0.0,2,0
STU-007734,2025,civil,6.8,47.6,67.5,65.1,13.7,4.0,0.0,0.0,2,0
STU-007735,2027,electronics,7.37,48.0,69.6,74.6,8.4,1.0,1.0,2.0,1,1
STU-007736,2025,electronics,7.94,56.8,80.4,43.4,2.6,2.0,1.0,1.0,0,1
STU-007737,2027,electronics,8.13,59.8,37.1,58.8,5.7,1.0,1.0,1.0,2,0
STU-007738,2026,civil,7.25,71.5,39.6,57.5,8.2,0.0,0.0,0.0,0,0
STU-007739,2024,computer_science,7.69,60.9,58.6,51.2,26.9,3.0,,4.0,0,1
STU-007740,2026,computer_science,6.51,45.9,74.0,46.1,12.8,2.0,0.0,1.0,1,0
STU-007741,2026,information_technology,8.4,93.6,81.5,80.4,5.2,3.0,4.0,3.0,0,0
STU-007742,2026,mechanical,6.08,52.2,50.5,53.2,4.7,1.0,1.0,4.0,0,0
STU-007743,2027,computer_science,6.86,44.1,71.4,68.3,9.3,6.0,2.0,2.0,0,0
STU-007744,2027,computer_science,8.52,32.8,53.9,66.7,6.3,5.0,0.0,2.0,2,1
STU-007745,2027,computer_science,6.55,58.4,39.1,76.6,5.1,1.0,1.0,,2,0
STU-007746,2026,electronics,5.56,65.5,26.6,72.3,6.3,2.0,2.0,4.0,0,0
STU-007747,2026,electronics,6.63,40.2,51.2,57.7,8.2,2.0,1.0,2.0,1,0
STU-007748,2026,information_technology,8.7,70.8,55.9,44.3,19.6,6.0,0.0,4.0,0,1
STU-007749,2025,computer_science,4.49,54.2,62.0,74.5,16.6,2.0,1.0,3.0,0,0
STU-007750,2027,electronics,7.22,31.8,65.4,79.1,14.2,3.0,0.0,2.0,1,0
STU-007751,2027,computer_science,6.37,66.1,53.4,96.5,17.1,3.0,2.0,1.0,2,0
STU-007752,2025,electronics,6.91,53.8,55.6,75.7,14.0,4.0,1.0,1.0,0,0
STU-007753,2027,computer_science,6.7,40.5,46.7,53.1,18.9,1.0,0.0,4.0,1,0
STU-007754,2027,civil,8.2,,29.6,54.9,5.3,4.0,0.0,7.0,1,0
STU-007755,2026,information_technology,7.16,72.4,35.5,32.9,3.7,1.0,1.0,1.0,0,0
STU-007756,2027,electronics,8.26,43.3,,,11.3,3.0,1.0,,0,1
STU-007757,2024,computer_science,8.58,65.6,59.0,44.2,15.8,4.0,1.0,2.0,0,0
STU-007758,2024,computer_science,7.13,,33.2,70.2,10.2,2.0,0.0,1.0,0,0
STU-007759,2025,electronics,6.69,56.4,77.0,75.4,,2.0,0.0,2.0,2,0
STU-007760,2026,information_technology,7.53,51.3,86.0,93.6,14.3,2.0,0.0,2.0,1,1
STU-007761,2025,mechanical,7.76,57.3,78.5,100.0,11.4,3.0,3.0,2.0,0,1
STU-007762,2027,electronics,,69.6,57.3,65.5,6.9,2.0,0.0,2.0,1,0
STU-007763,2025,,7.37,64.9,61.4,53.8,7.1,4.0,0.0,1.0,3,0
STU-007764,2025,mechanical,6.81,28.7,53.8,56.5,2.1,3.0,0.0,2.0,0,0
STU-007765,2026,information_technology,6.62,25.1,56.2,52.3,3.6,5.0,0.0,1.0,1,0
STU-007766,2024,mechanical,6.31,28.8,62.9,94.8,3.3,1.0,0.0,2.0,0,0
STU-007767,2027,information_technology,6.38,36.4,64.5,23.2,2.9,1.0,0.0,5.0,1,0
STU-007768,2025,computer_science,8.54,49.8,68.9,84.7,15.4,1.0,1.0,4.0,0,1
STU-007769,2027,mechanical,6.68,50.6,0.0,48.9,1.5,6.0,0.0,2.0,2,0
STU-007770,2026,computer_science,8.42,59.8,80.2,56.5,1.2,3.0,0.0,2.0,1,1
STU-007771,2024,computer_science,7.25,58.0,59.4,25.9,32.7,3.0,0.0,2.0,0,1
STU-007772,2024,computer_science,5.8,54.9,,76.8,7.6,3.0,2.0,1.0,0,1
STU-007773,2024,information_technology,,75.8,59.6,73.1,4.0,0.0,1.0,1.0,1,0
STU-007774,2027,electronics,5.73,30.3,,46.7,34.2,0.0,1.0,1.0,0,0
STU-007775,2026,,7.8,64.6,31.5,77.5,5.2,1.0,0.0,4.0,1,0
STU-007776,2026,computer_science,6.86,62.7,43.5,74.8,16.0,1.0,0.0,2.0,0,1
STU-007777,2025,computer_science,8.08,41.2,40.5,,7.8,2.0,0.0,1.0,1,0
STU-007778,2027,computer_science,8.75,69.5,45.4,33.3,2.7,1.0,0.0,3.0,0,1
STU-007779,2025,computer_science,5.1,59.8,57.1,58.9,,1.0,2.0,0.0,1,0
STU-007780,2026,computer_science,6.57,56.5,42.7,76.6,8.4,2.0,0.0,2.0,0,0
STU-007781,2027,mechanical,5.71,19.2,51.4,49.2,5.0,3.0,0.0,0.0,0,0
STU-007782,2025,electronics,9.58,77.6,77.9,77.1,8.4,1.0,0.0,3.0,0,0
STU-007783,2026,computer_science,6.59,60.6,46.0,50.0,16.3,4.0,2.0,2.0,2,0
STU-007784,2025,computer_science,5.59,61.2,62.6,60.7,11.9,4.0,1.0,3.0,0,0
STU-007785,2025,computer_science,9.68,12.5,88.7,51.7,,1.0,0.0,1.0,3,0
STU-007786,2027,information_technology,6.27,48.6,66.4,64.2,2.7,0.0,0.0,3.0,1,1
STU-007787,2026,information_technology,5.23,33.0,58.1,73.5,7.9,1.0,1.0,1.0,0,0
STU-007788,2027,civil,5.77,74.9,64.6,84.8,27.6,4.0,0.0,6.0,1,1
STU-007789,2026,electronics,7.26,42.0,62.8,64.9,2.3,4.0,0.0,2.0,0,0
STU-007790,2025,information_technology,7.15,80.5,70.0,40.2,5.5,3.0,,3.0,0,0
STU-007791,2026,computer_science,6.14,70.6,,70.8,9.1,0.0,,2.0,0,0
STU-007792,2026,electronics,6.54,60.4,51.9,57.8,0.9,4.0,0.0,2.0,0,0
STU-007793,2024,civil,7.16,75.4,62.3,57.5,18.3,2.0,1.0,1.0,0,1
STU-007794,2025,computer_science,8.62,47.1,60.2,63.5,29.9,2.0,2.0,2.0,1,1
STU-007795,2026,mechanical,7.48,47.5,99.5,69.8,7.7,2.0,2.0,1.0,1,0
STU-007796,2027,computer_science,,70.7,,56.2,11.0,2.0,1.0,2.0,0,1
STU-007797,2025,electronics,6.84,43.6,24.0,70.1,7.9,0.0,1.0,2.0,1,0
STU-007798,2027,,7.99,40.1,59.9,67.7,14.9,2.0,1.0,1.0,2,0
STU-007799,2025,electronics,9.03,57.2,77.2,70.1,10.6,3.0,0.0,0.0,2,0
STU-007800,2025,computer_science,5.83,42.4,35.5,74.3,27.7,5.0,0.0,1.0,1,0
STU-007801,2025,information_technology,8.38,88.7,59.9,31.1,9.4,4.0,0.0,2.0,0,1
STU-007802,2027,electronics,6.74,69.1,52.7,56.5,16.9,2.0,0.0,3.0,2,0
STU-007803,2025,electronics,5.23,45.8,46.9,59.9,9.9,1.0,0.0,3.0,2,0
STU-007804,2026,electronics,5.0,39.0,36.8,58.5,3.6,3.0,0.0,2.0,0,0
STU-007805,2025,computer_science,8.63,66.3,80.2,49.9,17.8,2.0,0.0,2.0,1,0
STU-007806,2026,electronics,8.77,79.4,98.9,52.9,3.0,0.0,0.0,3.0,1,0
STU-007807,2027,computer_science,6.45,,38.5,69.3,14.1,1.0,0.0,5.0,0,0
STU-007808,2025,electronics,6.86,43.4,,68.5,9.0,2.0,2.0,1.0,0,0
STU-007809,2027,computer_science,5.05,32.6,39.8,62.5,8.9,3.0,2.0,3.0,0,0
STU-007810,2024,information_technology,7.98,54.3,82.8,47.9,17.0,2.0,2.0,1.0,0,1
STU-007811,2024,information_technology,7.07,62.9,50.9,74.0,19.8,1.0,0.0,3.0,0,0
STU-007812,2026,civil,5.31,47.6,54.5,73.0,14.1,1.0,1.0,0.0,0,0
STU-007813,2026,electronics,7.34,73.8,40.8,77.6,22.6,0.0,1.0,0.0,0,1
STU-007814,2025,computer_science,5.5,62.9,79.3,51.1,7.5,3.0,0.0,4.0,1,0
STU-007815,2026,electronics,7.74,63.0,52.9,100.0,7.8,1.0,0.0,3.0,0,1
STU-007816,2025,computer_science,5.85,63.3,54.7,65.1,2.4,3.0,0.0,,0,0
STU-007817,2026,computer_science,7.49,38.1,43.4,51.4,7.8,0.0,1.0,0.0,1,0
STU-007818,2026,information_technology,6.35,49.2,37.2,95.3,6.6,2.0,2.0,1.0,0,0
STU-007819,2027,mechanical,4.38,37.2,44.5,72.5,9.4,2.0,0.0,1.0,0,0
STU-007820,2026,civil,8.25,66.3,61.8,64.8,10.5,1.0,3.0,1.0,0,0
STU-007821,2026,civil,8.31,45.2,74.9,66.5,10.2,2.0,0.0,0.0,0,0
STU-007822,2026,,6.5,58.2,24.3,80.0,6.4,2.0,0.0,1.0,0,0
STU-007823,2025,computer_science,7.42,56.4,40.5,65.5,10.0,3.0,1.0,1.0,1,1
STU-007824,2025,mechanical,7.6,68.2,45.7,37.9,10.3,5.0,0.0,2.0,0,0
STU-007825,2027,computer_science,7.64,41.3,59.6,61.7,17.9,1.0,0.0,3.0,1,0
STU-007826,2025,electronics,9.08,68.9,44.1,74.6,3.2,1.0,1.0,4.0,1,1
STU-007827,2027,civil,7.58,43.1,55.7,61.3,7.1,1.0,1.0,0.0,0,0
STU-007828,2024,computer_science,6.69,42.9,42.8,48.2,5.2,0.0,1.0,3.0,0,0
STU-007829,2027,information_technology,7.59,57.0,55.1,61.5,18.4,2.0,0.0,4.0,0,1
STU-007830,2025,mechanical,6.61,75.1,40.3,74.1,2.0,0.0,0.0,2.0,0,0
STU-007831,2027,electronics,5.87,43.1,33.3,79.9,19.4,3.0,0.0,2.0,0,0
STU-007832,2026,civil,8.5,34.3,,46.5,4.2,0.0,1.0,1.0,0,0
STU-007833,2024,electronics,7.71,45.2,76.8,45.5,20.0,2.0,1.0,3.0,1,1
STU-007834,2026,computer_science,4.96,48.1,60.7,61.2,5.3,3.0,0.0,0.0,0,0
STU-007835,2026,mechanical,6.31,84.7,71.2,52.3,13.9,1.0,1.0,2.0,1,1
STU-007836,2025,electronics,7.97,65.8,79.8,53.9,5.0,1.0,0.0,2.0,0,1
STU-007837,2025,civil,5.3,43.3,45.5,58.2,11.5,1.0,1.0,2.0,2,0
STU-007838,2026,information_technology,6.23,54.3,83.7,72.7,11.0,4.0,0.0,0.0,2,0
STU-007839,2027,information_technology,10.0,87.6,79.9,50.2,5.8,2.0,1.0,2.0,1,1
STU-007840,2025,computer_science,6.72,53.8,37.7,45.7,9.1,3.0,,0.0,0,1
STU-007841,2027,computer_science,8.35,57.3,49.0,51.7,6.6,2.0,0.0,2.0,1,0
STU-007842,2025,civil,8.83,55.6,64.9,40.8,4.8,0.0,2.0,1.0,1,0
STU-007843,2024,civil,6.06,66.6,66.2,62.7,39.7,1.0,0.0,1.0,1,0
STU-007844,2026,information_technology,7.41,50.9,52.7,63.5,0.9,0.0,0.0,1.0,0,0
STU-007845,2024,civil,9.47,76.0,48.4,76.1,12.1,,1.0,2.0,0,1
STU-007846,2025,information_technology,7.63,75.2,71.0,47.2,7.2,5.0,0.0,2.0,0,1
STU-007847,2026,mechanical,9.82,72.8,47.3,63.7,7.0,1.0,1.0,3.0,1,0
STU-007848,2025,electronics,6.37,53.4,57.6,66.7,7.4,2.0,,2.0,0,0
STU-007849,2025,electronics,9.17,41.4,64.4,40.3,10.7,2.0,0.0,0.0,1,0
STU-007850,2026,electronics,7.12,54.9,32.7,65.1,29.6,0.0,0.0,0.0,0,0
STU-007851,2026,electronics,6.72,47.4,84.1,65.6,11.9,1.0,1.0,4.0,1,0
STU-007852,2027,mechanical,7.84,48.0,58.6,60.2,6.4,2.0,4.0,1.0,0,1
STU-007853,2026,information_technology,6.97,54.4,34.7,44.1,6.6,2.0,1.0,2.0,1,0
STU-007854,2026,mechanical,7.0,65.2,55.8,60.9,2.5,4.0,1.0,3.0,0,0
STU-007855,2025,computer_science,7.66,50.0,28.2,34.6,5.4,2.0,0.0,3.0,1,0
STU-007856,2027,computer_science,5.02,33.4,53.2,66.6,12.0,2.0,1.0,1.0,1,0
STU-007857,2025,electronics,6.18,42.0,66.4,72.4,14.0,4.0,1.0,,0,0
STU-007858,2025,electronics,7.93,85.2,100.0,58.9,34.6,,2.0,0.0,0,1
STU-007859,2027,civil,8.24,68.7,61.6,79.9,12.8,0.0,0.0,1.0,0,1
STU-007860,2027,computer_science,7.51,44.7,45.8,52.2,7.1,5.0,0.0,6.0,1,1
STU-007861,2026,computer_science,7.42,78.2,60.2,51.8,9.8,0.0,0.0,2.0,0,0
STU-007862,2024,information_technology,7.56,,81.7,58.1,18.8,9.0,1.0,2.0,2,0
STU-007863,2024,mechanical,8.2,94.6,68.3,93.7,15.8,0.0,0.0,2.0,0,0
STU-007864,2026,civil,5.46,58.9,63.0,58.0,7.2,2.0,1.0,3.0,0,0
STU-007865,2027,mechanical,6.51,65.5,66.0,92.0,7.2,2.0,0.0,1.0,0,0
STU-007866,2026,information_technology,7.01,70.6,63.7,61.5,20.5,3.0,0.0,0.0,2,0
STU-007867,2024,mechanical,,80.9,32.5,50.7,8.0,2.0,1.0,2.0,0,0
STU-007868,2025,computer_science,4.67,46.8,20.9,89.3,5.3,0.0,4.0,2.0,0,0
STU-007869,2026,civil,5.65,76.3,22.8,64.6,14.3,3.0,0.0,4.0,0,0
STU-007870,2026,electronics,7.08,,35.0,57.9,18.0,5.0,0.0,0.0,0,0
STU-007871,2024,information_technology,8.27,55.1,41.7,74.1,5.7,2.0,1.0,3.0,0,0
STU-007872,2024,electronics,6.62,57.4,85.1,79.5,19.1,2.0,1.0,0.0,0,1
STU-007873,2025,mechanical,6.33,70.5,40.3,53.9,25.9,4.0,0.0,,0,1
STU-007874,2024,computer_science,7.71,54.5,59.5,74.6,15.4,3.0,1.0,0.0,1,0
STU-007875,2026,computer_science,6.72,82.2,49.7,58.8,2.1,1.0,0.0,2.0,0,1
STU-007876,2024,electronics,8.11,80.1,62.7,48.3,9.2,4.0,4.0,0.0,0,0
STU-007877,2026,civil,6.85,,55.6,52.1,22.4,3.0,1.0,,0,1
STU-007878,2027,electronics,5.82,41.1,28.9,45.6,18.3,1.0,0.0,4.0,0,0
STU-007879,2027,,,76.5,72.1,63.2,0.5,2.0,0.0,2.0,0,1
STU-007880,2027,electronics,8.52,29.6,49.5,63.3,11.7,0.0,0.0,1.0,0,0
STU-007881,2025,computer_science,6.0,67.1,38.9,78.0,12.5,3.0,0.0,2.0,1,0
STU-007882,2024,computer_science,7.56,46.8,52.0,74.2,18.3,2.0,2.0,2.0,1,0
STU-007883,2025,computer_science,6.72,76.3,67.6,56.3,4.9,1.0,0.0,2.0,1,1
STU-007884,2026,information_technology,7.81,38.8,47.6,59.3,14.5,1.0,3.0,4.0,0,0
STU-007885,2024,computer_science,6.09,46.3,52.9,52.9,16.6,6.0,0.0,2.0,2,0
STU-007886,2025,computer_science,8.1,66.8,66.3,63.5,8.5,2.0,2.0,2.0,1,0
STU-007887,2025,computer_science,8.47,70.0,65.3,58.9,8.2,2.0,0.0,3.0,1,0
STU-007888,2025,electronics,6.01,46.6,54.5,62.7,21.4,4.0,1.0,3.0,0,0
STU-007889,2026,computer_science,7.18,53.4,31.9,82.5,8.3,5.0,0.0,1.0,0,0
STU-007890,2026,computer_science,8.5,75.3,63.2,83.2,6.4,2.0,1.0,2.0,1,1
STU-007891,2026,information_technology,5.95,71.0,35.2,53.3,,1.0,0.0,2.0,0,1
STU-007892,2027,,6.33,51.4,22.4,72.9,11.4,1.0,1.0,2.0,0,1
STU-007893,2024,mechanical,7.86,50.6,50.6,71.1,7.5,5.0,0.0,1.0,1,0
STU-007894,2024,information_technology,6.92,37.3,45.8,54.3,7.7,2.0,0.0,5.0,0,0
STU-007895,2025,electronics,5.29,58.4,98.5,81.8,10.4,3.0,2.0,1.0,0,0
STU-007896,2026,mechanical,6.73,69.7,70.5,41.3,19.7,5.0,0.0,0.0,0,1
STU-007897,2026,electronics,9.11,,76.8,77.1,17.8,1.0,0.0,3.0,2,0
STU-007898,2024,information_technology,9.47,,58.0,60.4,15.9,,1.0,1.0,0,1
STU-007899,2027,computer_science,6.37,83.5,49.3,47.0,6.6,5.0,0.0,3.0,0,0
STU-007900,2025,computer_science,6.05,24.5,94.9,59.4,13.8,0.0,0.0,4.0,0,0
STU-007901,2025,computer_science,6.57,70.3,42.5,88.3,2.7,1.0,1.0,4.0,1,1
STU-007902,2026,information_technology,9.17,65.6,68.0,97.2,11.8,5.0,1.0,3.0,1,1
STU-007903,2027,civil,8.07,67.2,90.6,51.1,6.0,1.0,2.0,2.0,0,1
STU-007904,2026,computer_science,8.78,49.8,49.8,61.5,11.1,1.0,0.0,1.0,0,0
STU-007905,2027,information_technology,8.25,58.2,62.5,59.4,7.5,5.0,0.0,1.0,1,0
STU-007906,2025,civil,5.58,59.6,49.0,61.7,9.7,1.0,1.0,1.0,0,0
STU-007907,2026,electronics,6.01,54.7,35.9,84.7,1.6,1.0,3.0,3.0,0,1
STU-007908,2027,computer_science,6.3,29.7,65.4,56.5,37.2,0.0,1.0,2.0,0,0
STU-007909,2026,civil,6.5,82.7,34.0,51.1,11.2,3.0,0.0,0.0,0,0
STU-007910,2025,computer_science,6.32,66.4,65.5,55.8,19.4,3.0,0.0,0.0,0,1
STU-007911,2027,computer_science,6.45,,60.1,59.4,12.8,1.0,0.0,2.0,0,0
STU-007912,2024,information_technology,7.84,61.2,73.6,72.8,1.6,2.0,1.0,2.0,1,0
STU-007913,2025,computer_science,7.26,83.8,52.7,63.8,11.6,4.0,0.0,2.0,1,0
STU-007914,2027,mechanical,8.5,49.9,67.6,71.3,2.1,2.0,0.0,0.0,0,0
STU-007915,2027,computer_science,,44.3,74.0,76.8,,5.0,0.0,3.0,1,0
STU-007916,2027,mechanical,6.32,69.4,28.3,58.1,9.8,2.0,0.0,3.0,0,0
STU-007917,2027,computer_science,7.32,65.6,35.7,61.0,8.0,3.0,1.0,2.0,0,1
STU-007918,2024,civil,5.36,39.6,58.3,68.9,3.3,2.0,,2.0,0,0
STU-007919,2027,computer_science,4.44,69.2,58.8,53.4,3.3,2.0,0.0,4.0,1,1
STU-007920,2026,civil,7.84,64.1,60.7,62.6,17.4,1.0,0.0,3.0,0,0
STU-007921,2026,computer_science,8.27,47.1,75.7,76.8,19.7,1.0,1.0,,0,0
STU-007922,2025,mechanical,7.18,65.7,49.6,63.7,14.4,2.0,2.0,0.0,1,1
STU-007923,2027,mechanical,6.65,62.4,75.1,79.9,20.7,2.0,0.0,2.0,0,0
STU-007924,2026,electronics,5.56,53.8,48.0,49.2,37.1,2.0,0.0,1.0,1,0
STU-007925,2027,computer_science,8.44,66.6,47.5,66.7,12.0,4.0,1.0,3.0,2,1
STU-007926,2025,electronics,7.67,68.7,81.9,70.1,17.8,2.0,2.0,0.0,0,0
STU-007927,2025,electronics,7.43,72.6,70.8,66.4,8.9,1.0,0.0,1.0,0,0
STU-007928,2026,information_technology,7.09,,47.7,58.0,4.8,5.0,1.0,,1,0
STU-007929,2024,electronics,6.56,53.1,45.9,41.6,2.3,1.0,1.0,0.0,1,0
STU-007930,2026,civil,5.82,59.2,60.5,77.7,25.7,1.0,1.0,2.0,1,0
STU-007931,2025,civil,7.39,76.6,39.6,42.2,5.1,4.0,0.0,2.0,2,0
STU-007932,2026,information_technology,6.48,66.4,58.4,43.3,0.5,4.0,,2.0,0,0
STU-007933,2024,computer_science,6.61,52.3,50.6,70.1,6.4,,,2.0,0,0
STU-007934,2024,computer_science,9.08,63.0,,56.8,9.4,2.0,0.0,3.0,2,1
STU-007935,2026,electronics,7.04,83.1,,64.0,36.9,4.0,0.0,0.0,0,1
STU-007936,2025,civil,4.28,63.8,28.7,44.0,11.8,4.0,1.0,3.0,1,0
STU-007937,2025,information_technology,6.48,,57.2,66.1,7.4,1.0,0.0,4.0,0,0
STU-007938,2025,computer_science,5.95,73.0,,73.7,18.2,2.0,0.0,3.0,1,0
STU-007939,2025,information_technology,6.94,49.7,52.5,40.1,9.8,2.0,0.0,0.0,1,0
STU-007940,2026,information_technology,5.46,59.9,61.1,65.5,8.8,5.0,1.0,2.0,0,1
STU-007941,2024,civil,7.6,87.3,32.2,74.6,14.4,2.0,1.0,3.0,0,0
STU-007942,2025,electronics,6.76,67.3,46.4,43.3,7.9,0.0,0.0,1.0,0,0
STU-007943,2026,computer_science,6.55,81.4,58.0,64.0,27.0,2.0,0.0,2.0,1,1
STU-007944,2026,computer_science,7.27,57.3,55.0,62.7,25.9,2.0,0.0,0.0,1,1
STU-007945,2026,computer_science,7.01,50.9,68.0,67.0,19.0,0.0,3.0,2.0,0,0
STU-007946,2025,electronics,6.95,75.3,50.4,58.2,5.5,3.0,0.0,1.0,1,0
STU-007947,2027,electronics,6.84,30.3,50.2,41.6,8.5,1.0,1.0,2.0,0,0
STU-007948,2025,computer_science,7.08,60.9,66.4,56.4,16.5,4.0,0.0,2.0,0,0
STU-007949,2025,computer_science,7.49,74.5,47.8,54.2,8.3,2.0,0.0,4.0,1,0
STU-007950,2027,civil,7.35,67.1,41.0,61.1,7.7,5.0,0.0,2.0,1,0
STU-007951,2026,mechanical,8.4,29.3,,78.9,12.3,4.0,3.0,1.0,2,0
STU-007952,2026,electronics,6.47,36.8,36.5,41.2,5.2,1.0,1.0,0.0,0,0
STU-007953,2027,information_technology,7.37,57.0,80.6,75.4,9.1,2.0,0.0,1.0,0,1
STU-007954,2024,civil,9.91,70.9,35.3,86.8,6.7,0.0,1.0,0.0,0,1
STU-007955,2027,electronics,7.05,65.8,50.1,85.9,3.9,2.0,0.0,2.0,0,1
STU-007956,2026,civil,7.1,,83.0,87.1,13.5,0.0,0.0,,0,0
STU-007957,2025,,5.65,66.2,,64.7,4.4,0.0,0.0,2.0,0,0
STU-007958,2025,computer_science,6.28,63.1,50.6,63.0,3.1,3.0,3.0,1.0,2,0
STU-007959,2024,computer_science,6.98,56.0,73.7,36.7,2.4,0.0,2.0,1.0,0,0
STU-007960,2027,mechanical,7.71,67.5,71.0,59.0,13.9,4.0,1.0,1.0,0,1
STU-007961,2024,electronics,7.85,50.0,50.0,77.9,4.2,1.0,1.0,0.0,3,0
STU-007962,2025,computer_science,7.48,68.5,64.8,42.1,5.2,0.0,0.0,2.0,0,0
STU-007963,2026,civil,8.02,47.3,44.5,50.0,18.5,2.0,0.0,3.0,1,0
STU-007964,2026,civil,5.95,63.2,24.2,63.5,2.1,2.0,0.0,1.0,1,0
STU-007965,2024,computer_science,7.66,66.3,66.2,38.8,7.6,3.0,1.0,3.0,1,0
STU-007966,2027,electronics,7.12,53.7,65.0,87.5,5.5,1.0,0.0,3.0,2,0
STU-007967,2026,electronics,7.24,68.0,35.8,70.2,17.2,6.0,2.0,3.0,1,1
STU-007968,2027,computer_science,6.68,80.5,51.3,66.8,7.2,2.0,0.0,2.0,1,0
STU-007969,2024,electronics,6.0,40.7,30.9,73.3,5.3,5.0,0.0,2.0,3,0
STU-007970,2024,computer_science,5.7,,42.0,57.3,8.2,4.0,2.0,1.0,2,0
STU-007971,2026,civil,7.47,75.2,49.5,65.9,10.1,2.0,1.0,4.0,0,0
STU-007972,2024,mechanical,7.67,56.2,70.3,48.3,2.5,2.0,1.0,2.0,1,0
STU-007973,2026,civil,6.95,69.9,46.3,29.6,5.4,7.0,,0.0,0,0
STU-007974,2024,electronics,7.08,54.3,33.9,,17.4,3.0,1.0,3.0,0,1
STU-007975,2027,computer_science,6.27,75.4,81.3,84.1,7.5,1.0,0.0,1.0,0,0
STU-007976,2027,information_technology,7.68,18.3,66.1,85.4,19.6,1.0,2.0,1.0,2,0
STU-007977,2027,electronics,7.17,,,59.4,25.3,1.0,0.0,2.0,0,0
STU-007978,2027,computer_science,6.68,40.7,64.1,58.1,19.8,3.0,0.0,2.0,2,0
STU-007979,2027,electronics,8.1,61.5,75.4,40.2,21.0,3.0,0.0,2.0,2,1
STU-007980,2026,computer_science,7.84,47.5,65.8,76.9,10.0,1.0,0.0,2.0,0,0
STU-007981,2025,computer_science,5.33,77.1,56.2,67.9,4.3,3.0,1.0,0.0,0,0
STU-007982,2027,information_technology,7.16,54.9,57.8,59.4,18.3,0.0,0.0,2.0,2,0
STU-007983,2027,electronics,6.0,47.9,43.5,34.4,22.4,1.0,2.0,1.0,0,0
STU-007984,2027,information_technology,7.26,75.3,71.1,36.8,12.9,0.0,0.0,3.0,0,0
STU-007985,2027,electronics,,63.0,38.5,63.8,6.6,1.0,0.0,7.0,0,0
STU-007986,2025,information_technology,7.33,53.6,58.3,40.4,6.6,,0.0,1.0,0,0
STU-007987,2027,mechanical,7.92,45.0,65.0,69.5,21.6,1.0,0.0,1.0,0,1
STU-007988,2027,electronics,6.97,41.1,62.6,70.2,3.6,2.0,0.0,2.0,1,1
STU-007989,2026,electronics,5.76,74.6,32.8,43.6,1.5,4.0,0.0,0.0,0,0
STU-007990,2027,information_technology,9.35,69.0,67.8,62.7,13.6,4.0,0.0,1.0,1,1
STU-007991,2026,information_technology,8.43,63.5,43.4,48.9,9.3,0.0,1.0,1.0,1,0
STU-007992,2027,computer_science,6.49,64.4,56.0,75.2,17.7,1.0,1.0,3.0,0,1
STU-007993,2024,electronics,6.8,28.4,67.5,100.0,10.6,1.0,1.0,4.0,0,0
STU-007994,2027,computer_science,4.82,48.8,76.9,60.3,13.8,0.0,2.0,3.0,0,1
STU-007995,2024,mechanical,7.64,54.8,67.4,82.7,18.0,1.0,0.0,2.0,0,0
STU-007996,2025,mechanical,5.53,69.8,63.8,76.4,16.5,0.0,0.0,1.0,0,1
STU-007997,2024,information_technology,7.87,37.7,40.0,60.9,11.3,2.0,0.0,4.0,0,0
STU-007998,2026,mechanical,8.28,76.4,69.3,69.4,27.0,2.0,0.0,0.0,0,1
STU-007999,2025,electronics,7.02,85.0,36.1,44.3,22.9,4.0,,1.0,0,1
STU-008000,2027,computer_science,5.88,30.0,70.9,63.9,20.3,1.0,1.0,6.0,0,0
STU-008001,2026,electronics,8.54,61.3,43.0,57.8,8.9,1.0,0.0,1.0,1,0
STU-008002,2027,civil,7.1,65.7,38.8,81.0,8.1,1.0,0.0,0.0,0,0
STU-008003,2025,computer_science,7.21,71.5,68.7,53.2,3.6,5.0,1.0,0.0,0,1
STU-008004,2024,computer_science,6.03,23.6,79.7,47.2,14.1,1.0,1.0,3.0,1,0
STU-008005,2027,electronics,7.32,63.7,74.3,47.8,9.5,1.0,2.0,0.0,1,1
STU-008006,2026,information_technology,6.87,54.5,,74.0,27.5,2.0,2.0,1.0,0,1
STU-008007,2026,electronics,5.57,50.9,32.5,59.4,24.7,3.0,0.0,1.0,1,0
STU-008008,2027,electronics,8.64,92.3,54.3,38.4,4.5,1.0,0.0,1.0,0,0
STU-008009,2027,mechanical,9.12,59.0,65.6,76.2,2.5,2.0,1.0,1.0,0,1
STU-008010,2026,computer_science,8.27,67.3,58.8,40.9,5.4,2.0,2.0,4.0,0,0
STU-008011,2027,information_technology,8.1,58.4,41.9,54.3,28.8,0.0,1.0,2.0,0,1
STU-008012,2026,mechanical,9.13,65.9,85.4,59.1,37.0,,0.0,3.0,0,1
STU-008013,2026,information_technology,5.9,64.1,72.8,46.7,16.5,1.0,0.0,2.0,0,1
STU-008014,2025,information_technology,5.88,69.2,82.6,38.2,17.4,1.0,1.0,2.0,1,1
STU-008015,2024,computer_science,6.62,45.6,25.3,,3.5,1.0,1.0,2.0,1,0
STU-008016,2025,computer_science,7.44,61.2,43.0,71.1,10.6,1.0,0.0,2.0,1,0
STU-008017,2027,information_technology,6.76,60.3,58.3,62.8,28.6,3.0,3.0,5.0,1,1
STU-008018,2026,information_technology,5.93,31.1,50.8,67.1,5.8,2.0,1.0,3.0,1,0
STU-008019,2025,electronics,7.11,43.9,47.8,38.2,15.4,2.0,2.0,3.0,0,0
STU-008020,2026,electronics,6.99,71.3,40.4,69.3,17.4,2.0,2.0,0.0,0,0
STU-008021,2025,mechanical,8.07,,42.3,67.8,5.5,1.0,1.0,2.0,3,0
STU-008022,2025,mechanical,7.15,97.5,90.0,68.2,14.3,0.0,0.0,1.0,0,1
STU-008023,2027,computer_science,4.91,68.3,22.4,68.1,2.1,4.0,0.0,,0,0
STU-008024,2025,computer_science,7.54,65.9,30.7,75.9,7.5,,1.0,1.0,1,0
STU-008025,2025,mechanical,8.92,84.5,42.5,60.4,8.3,2.0,2.0,1.0,0,1
STU-008026,2026,computer_science,7.13,69.9,58.8,62.9,8.2,2.0,2.0,0.0,0,1
STU-008027,2025,information_technology,8.24,63.2,55.3,43.3,8.2,1.0,1.0,3.0,2,0
STU-008028,2027,computer_science,6.52,35.8,60.1,71.6,,1.0,0.0,2.0,0,1
STU-008029,2027,electronics,7.75,69.5,46.0,52.6,7.0,2.0,1.0,2.0,0,0
STU-008030,2026,computer_science,6.24,77.4,53.5,53.6,40.0,2.0,1.0,2.0,1,1
STU-008031,2026,computer_science,6.82,48.7,55.7,56.3,7.9,1.0,0.0,1.0,2,0
STU-008032,2025,information_technology,6.83,30.3,81.1,47.0,3.6,1.0,0.0,4.0,0,0
STU-008033,2026,electronics,,43.3,87.8,60.5,6.3,1.0,0.0,1.0,0,1
STU-008034,2025,computer_science,6.15,82.7,49.0,73.5,19.0,1.0,1.0,2.0,0,0
STU-008035,2024,electronics,5.42,56.0,63.2,46.4,10.8,1.0,0.0,2.0,0,0
STU-008036,2027,information_technology,7.64,81.2,60.3,61.8,12.5,2.0,0.0,4.0,1,1
STU-008037,2026,information_technology,7.6,59.5,70.5,71.3,7.4,3.0,1.0,3.0,0,0
STU-008038,2026,information_technology,7.23,51.0,62.5,,3.1,4.0,1.0,5.0,1,0
STU-008039,2024,computer_science,8.17,92.4,72.2,88.0,1.4,2.0,1.0,5.0,0,1
STU-008040,2027,computer_science,6.87,52.2,69.0,55.5,5.7,3.0,1.0,,1,1
STU-008041,2024,mechanical,7.42,55.1,63.9,48.9,8.5,3.0,1.0,2.0,1,1
STU-008042,2025,computer_science,6.7,64.3,56.1,63.1,8.0,2.0,0.0,1.0,0,0
STU-008043,2027,civil,6.8,53.3,71.9,52.6,6.8,1.0,,1.0,2,0
STU-008044,2026,computer_science,7.49,70.7,54.7,61.0,9.3,1.0,0.0,1.0,1,0
STU-008045,2027,information_technology,,70.1,56.0,51.5,18.5,3.0,0.0,1.0,1,0
STU-008046,2025,electronics,7.95,67.2,32.4,77.8,6.7,4.0,0.0,1.0,1,0
STU-008047,2026,mechanical,7.73,50.2,65.2,99.6,14.9,4.0,0.0,3.0,0,0
STU-008048,2027,computer_science,7.99,35.0,,72.1,9.0,3.0,0.0,2.0,1,0
STU-008049,2026,computer_science,4.4,40.3,15.3,64.8,30.9,4.0,0.0,1.0,0,0
STU-008050,2026,electronics,7.47,47.8,46.4,54.3,13.3,1.0,0.0,2.0,1,0
STU-008051,2025,computer_science,8.15,64.7,72.4,76.9,3.6,2.0,0.0,1.0,0,0
STU-008052,2027,electronics,7.2,46.2,53.3,51.2,7.4,3.0,0.0,0.0,0,0
STU-008053,2027,mechanical,7.05,36.1,56.1,66.5,10.8,2.0,0.0,1.0,0,0
STU-008054,2026,computer_science,6.02,38.8,66.6,54.7,15.1,2.0,1.0,0.0,2,0
STU-008055,2027,mechanical,6.6,63.0,51.6,44.4,11.1,2.0,2.0,1.0,0,0
STU-008056,2026,computer_science,6.14,66.6,58.1,59.0,4.1,2.0,1.0,4.0,1,0
STU-008057,2026,mechanical,8.25,52.9,41.6,48.2,,0.0,0.0,0.0,0,0
STU-008058,2025,civil,8.83,55.7,68.3,82.7,10.8,4.0,0.0,2.0,1,1
STU-008059,2026,electronics,9.33,71.9,41.5,51.4,17.0,1.0,0.0,4.0,1,1
STU-008060,2027,civil,6.12,58.7,29.4,60.2,28.5,2.0,0.0,1.0,1,0
STU-008061,2026,mechanical,6.33,74.5,43.8,52.9,15.6,0.0,0.0,2.0,1,0
STU-008062,2025,computer_science,6.24,54.1,61.3,44.7,18.2,1.0,3.0,0.0,0,1
STU-008063,2026,computer_science,5.93,43.4,,71.6,5.3,2.0,0.0,2.0,0,0
STU-008064,2027,computer_science,5.95,72.2,37.4,60.7,18.4,3.0,0.0,2.0,2,0
STU-008065,2027,information_technology,6.51,52.3,67.9,94.8,16.5,4.0,0.0,1.0,0,0
STU-008066,2024,electronics,8.11,48.4,64.8,76.7,11.3,0.0,0.0,0.0,0,0
STU-008067,2024,information_technology,6.27,69.9,69.9,63.0,21.9,2.0,0.0,2.0,0,0
STU-008068,2025,electronics,8.31,82.4,45.1,67.1,11.4,0.0,0.0,1.0,2,0
STU-008069,2024,information_technology,8.67,64.1,86.1,60.7,10.8,1.0,0.0,1.0,0,1
STU-008070,2027,computer_science,7.43,43.8,83.6,47.6,9.9,3.0,3.0,4.0,2,0
STU-008071,2026,computer_science,8.51,84.0,76.6,41.9,18.0,1.0,1.0,4.0,1,1
STU-008072,2026,civil,5.53,60.7,57.4,47.2,,4.0,2.0,0.0,1,0
STU-008073,2025,information_technology,6.46,60.2,61.3,80.7,12.1,2.0,0.0,3.0,0,0
STU-008074,2026,computer_science,7.32,52.6,61.9,65.6,20.7,2.0,,2.0,2,0
STU-008075,2027,computer_science,7.36,75.7,33.1,69.5,4.1,1.0,0.0,5.0,0,0
STU-008076,2026,civil,8.74,,51.8,73.0,8.7,3.0,3.0,1.0,1,1
STU-008077,2024,computer_science,5.95,37.8,49.0,59.2,6.4,4.0,0.0,3.0,0,0
STU-008078,2025,electronics,,85.4,35.4,53.5,7.8,2.0,0.0,1.0,0,0
STU-008079,2027,computer_science,7.0,45.1,79.4,90.3,4.6,1.0,0.0,4.0,1,0
STU-008080,2027,computer_science,6.5,71.4,61.5,69.4,4.2,3.0,0.0,0.0,1,1
STU-008081,2025,electronics,5.9,76.5,80.9,38.7,6.5,1.0,1.0,2.0,0,0
STU-008082,2026,electronics,6.55,60.3,66.6,37.4,3.2,3.0,2.0,1.0,1,0
STU-008083,2024,electronics,6.82,44.4,30.5,72.5,7.2,0.0,0.0,4.0,1,0
STU-008084,2026,,8.76,71.0,84.3,49.6,25.1,2.0,0.0,0.0,1,1
STU-008085,2024,civil,5.93,76.7,43.0,60.2,1.6,1.0,0.0,3.0,0,0
STU-008086,2027,information_technology,8.04,65.2,82.3,31.4,12.2,2.0,2.0,2.0,1,0
STU-008087,2027,civil,8.56,,86.9,55.5,,3.0,1.0,1.0,0,1
STU-008088,2024,computer_science,6.51,61.6,76.0,74.8,7.0,2.0,1.0,2.0,1,1
STU-008089,2026,information_technology,7.4,38.0,74.8,54.5,4.8,1.0,2.0,2.0,0,0
STU-008090,2024,computer_science,7.76,44.9,65.4,45.6,3.7,4.0,0.0,1.0,1,0
STU-008091,2025,electronics,7.57,55.3,57.1,58.6,8.6,1.0,1.0,2.0,0,1
STU-008092,2024,electronics,7.19,59.3,87.8,,5.0,4.0,1.0,2.0,0,0
STU-008093,2025,information_technology,6.32,38.6,56.9,57.1,16.3,3.0,1.0,3.0,0,0
STU-008094,2027,computer_science,7.86,63.5,51.9,39.9,6.2,2.0,1.0,4.0,0,0
STU-008095,2024,computer_science,6.67,65.2,61.2,67.5,39.0,0.0,0.0,1.0,1,1
STU-008096,2027,computer_science,7.13,55.0,75.1,54.0,7.6,0.0,1.0,2.0,0,0
STU-008097,2024,mechanical,7.3,26.2,75.1,64.4,13.0,2.0,0.0,1.0,0,0
STU-008098,2026,computer_science,8.08,61.7,40.9,,18.2,1.0,1.0,1.0,2,0
STU-008099,2026,computer_science,9.32,89.9,82.6,79.4,8.3,4.0,0.0,4.0,1,1
STU-008100,2027,,6.25,63.4,63.7,72.0,15.7,3.0,2.0,2.0,1,0
STU-008101,2025,computer_science,7.16,58.6,49.8,57.0,6.0,1.0,0.0,4.0,0,0
STU-008102,2024,civil,5.39,49.2,34.6,66.3,6.9,1.0,1.0,,1,1
STU-008103,2027,computer_science,8.8,70.3,86.5,84.9,13.2,1.0,0.0,2.0,2,0
STU-008104,2027,civil,7.15,61.4,81.6,78.5,9.3,,0.0,1.0,0,1
STU-008105,2026,electronics,6.76,68.1,80.7,83.1,20.3,8.0,1.0,2.0,1,1
STU-008106,2024,electronics,7.16,41.9,33.4,70.5,9.0,0.0,0.0,1.0,0,0
STU-008107,2025,information_technology,7.22,60.3,52.3,54.4,31.6,5.0,0.0,2.0,0,1
STU-008108,2027,electronics,6.26,49.6,53.0,70.2,14.6,2.0,1.0,2.0,0,1
STU-008109,2026,electronics,,66.5,,,26.4,1.0,2.0,1.0,0,1
STU-008110,2026,computer_science,7.84,30.5,72.1,70.5,4.2,2.0,0.0,1.0,0,0
STU-008111,2025,civil,8.0,54.1,55.2,50.4,7.1,0.0,0.0,3.0,0,0
STU-008112,2025,information_technology,6.32,64.8,55.0,62.9,7.7,2.0,1.0,2.0,1,0
STU-008113,2027,information_technology,6.26,67.1,64.2,72.6,8.8,5.0,0.0,2.0,1,0
STU-008114,2027,information_technology,6.97,57.5,67.6,64.4,9.8,1.0,0.0,0.0,0,0
STU-008115,2024,electronics,8.02,27.6,87.6,72.7,40.0,0.0,0.0,1.0,0,1
STU-008116,2027,information_technology,7.68,69.0,82.5,53.3,,3.0,0.0,2.0,0,1
STU-008117,2026,information_technology,6.21,80.2,73.0,59.0,4.0,5.0,,2.0,1,1
STU-008118,2025,computer_science,7.87,47.2,45.5,66.8,25.7,3.0,0.0,3.0,1,1
STU-008119,2025,information_technology,5.98,49.6,39.0,67.4,7.3,0.0,0.0,3.0,0,0
STU-008120,2027,computer_science,6.34,68.8,35.5,53.1,9.3,,0.0,1.0,0,0
STU-008121,2025,mechanical,7.28,71.1,63.3,27.7,6.9,2.0,2.0,1.0,0,0
STU-008122,2026,computer_science,5.75,72.0,42.0,21.7,14.0,2.0,0.0,2.0,0,0
STU-008123,2026,,5.99,71.2,61.1,61.3,3.7,0.0,0.0,2.0,0,0
STU-008124,2025,electronics,8.88,38.8,75.1,64.6,35.1,4.0,0.0,1.0,0,1
STU-008125,2027,electronics,8.67,54.2,65.9,59.1,5.8,3.0,0.0,3.0,1,1
STU-008126,2025,civil,9.73,72.9,81.4,62.5,9.4,2.0,3.0,3.0,2,1
STU-008127,2025,computer_science,7.62,57.9,47.0,84.4,6.2,4.0,0.0,1.0,0,1
STU-008128,2026,electronics,7.84,65.2,33.7,55.0,2.8,1.0,1.0,0.0,0,0
STU-008129,2026,computer_science,6.92,55.9,,67.1,2.1,2.0,0.0,2.0,0,0
STU-008130,2026,computer_science,6.7,50.9,68.5,85.6,17.4,1.0,2.0,1.0,1,1
STU-008131,2026,information_technology,8.1,56.6,91.2,47.5,12.9,1.0,0.0,1.0,1,0
STU-008132,2027,electronics,8.67,44.5,87.3,86.8,7.3,5.0,0.0,2.0,0,0
STU-008133,2027,mechanical,8.0,49.2,56.2,75.6,12.8,3.0,1.0,1.0,0,0
STU-008134,2027,computer_science,6.13,55.3,68.4,57.7,5.3,1.0,0.0,3.0,0,0
STU-008135,2025,electronics,7.55,58.4,34.2,26.5,6.8,0.0,0.0,0.0,0,0
STU-008136,2025,computer_science,6.21,64.9,78.8,81.5,4.8,0.0,1.0,1.0,0,0
STU-008137,2026,computer_science,6.73,53.2,63.5,86.8,3.4,1.0,1.0,3.0,0,0
STU-008138,2024,computer_science,8.98,87.1,77.0,52.3,4.6,0.0,0.0,0.0,0,0
STU-008139,2027,electronics,5.72,73.9,18.1,87.7,4.5,4.0,1.0,4.0,0,0
STU-008140,2025,information_technology,9.59,55.7,74.0,38.3,12.4,1.0,1.0,4.0,1,1
STU-008141,2025,computer_science,7.73,62.4,90.0,66.1,9.4,1.0,0.0,3.0,0,1
STU-008142,2025,computer_science,6.56,75.3,59.1,59.5,7.9,1.0,1.0,0.0,2,0
STU-008143,2025,electronics,7.18,48.7,55.0,43.3,11.1,3.0,1.0,2.0,0,0
STU-008144,2025,mechanical,6.31,45.4,48.7,58.5,5.7,3.0,1.0,0.0,0,0
STU-008145,2026,computer_science,6.47,76.4,41.4,61.6,3.9,3.0,1.0,0.0,0,1
STU-008146,2026,electronics,7.18,68.7,58.1,45.3,5.3,4.0,0.0,3.0,0,0
STU-008147,2025,electronics,6.72,73.6,34.0,71.5,10.6,1.0,0.0,2.0,0,0
STU-008148,2025,information_technology,6.03,60.8,59.6,52.5,5.7,2.0,0.0,4.0,0,0
STU-008149,2027,computer_science,6.85,53.9,74.1,,9.3,0.0,0.0,3.0,0,0
STU-008150,2024,civil,5.59,,42.9,82.3,8.3,1.0,1.0,1.0,1,0
STU-008151,2026,information_technology,5.64,57.3,56.9,52.8,7.0,3.0,1.0,2.0,0,0
STU-008152,2026,information_technology,5.63,,49.3,30.3,2.6,0.0,0.0,0.0,1,0
STU-008153,2026,mechanical,9.02,80.7,70.7,58.5,6.2,4.0,1.0,2.0,1,1
STU-008154,2027,mechanical,7.57,75.2,73.6,63.5,11.4,0.0,2.0,1.0,0,1
STU-008155,2026,electronics,7.79,71.4,66.0,58.6,17.1,3.0,0.0,2.0,0,0
STU-008156,2027,mechanical,7.11,91.4,70.9,74.0,16.4,1.0,0.0,1.0,0,0
STU-008157,2027,computer_science,7.68,36.1,67.4,67.6,15.4,2.0,0.0,1.0,1,0
STU-008158,2025,mechanical,8.45,64.4,76.3,53.6,3.4,2.0,0.0,2.0,1,0
STU-008159,2025,computer_science,7.57,45.1,63.5,71.8,20.6,3.0,1.0,0.0,0,1
STU-008160,2025,mechanical,8.99,85.3,69.4,68.5,4.9,3.0,1.0,1.0,1,0
STU-008161,2025,information_technology,7.06,49.8,67.8,68.1,6.6,3.0,2.0,4.0,1,1
STU-008162,2026,computer_science,7.79,74.7,57.8,59.8,10.3,2.0,0.0,3.0,1,0
STU-008163,2025,information_technology,7.91,53.1,67.1,66.0,19.5,1.0,1.0,3.0,0,1
STU-008164,2025,electronics,6.03,62.4,36.8,63.5,4.5,0.0,0.0,1.0,0,0
STU-008165,2025,information_technology,7.15,56.7,25.6,57.8,40.0,4.0,0.0,0.0,1,0
STU-008166,2026,mechanical,4.98,,49.3,68.7,8.6,1.0,2.0,1.0,2,0
STU-008167,2026,computer_science,6.95,62.9,42.1,69.8,8.5,1.0,3.0,4.0,0,1
STU-008168,2027,,6.78,,87.8,69.8,9.7,0.0,1.0,1.0,0,0
STU-008169,2025,electronics,6.71,55.8,41.1,70.6,16.7,0.0,1.0,1.0,1,0
STU-008170,2025,information_technology,6.63,70.6,67.3,30.5,15.2,2.0,2.0,0.0,0,1
STU-008171,2027,electronics,7.69,74.9,46.5,74.7,4.0,3.0,2.0,6.0,0,0
STU-008172,2026,civil,6.08,49.9,51.7,48.5,13.2,1.0,0.0,5.0,0,0
STU-008173,2026,electronics,9.24,90.8,45.7,77.7,13.4,4.0,0.0,3.0,0,0
STU-008174,2026,information_technology,,70.7,38.2,43.0,21.8,2.0,0.0,0.0,0,0
STU-008175,2024,information_technology,6.18,49.9,57.3,84.1,1.8,2.0,2.0,3.0,0,0
STU-008176,2027,civil,7.84,68.9,52.4,31.4,23.4,3.0,0.0,3.0,0,1
STU-008177,2026,electronics,8.24,76.1,73.3,66.5,20.1,0.0,0.0,2.0,0,1
STU-008178,2026,mechanical,7.52,67.9,79.1,56.9,18.8,1.0,1.0,2.0,0,0
STU-008179,2026,computer_science,5.94,58.9,24.4,68.5,26.4,2.0,1.0,0.0,0,1
STU-008180,2025,electronics,9.67,11.6,84.3,86.2,20.6,2.0,1.0,1.0,0,0
STU-008181,2025,computer_science,7.84,45.2,42.0,65.3,14.1,4.0,0.0,2.0,0,0
STU-008182,2027,,5.67,65.5,44.0,75.2,8.6,2.0,0.0,0.0,2,0
STU-008183,2026,mechanical,7.34,43.9,32.5,83.5,3.9,3.0,1.0,0.0,1,0
STU-008184,2024,civil,6.85,65.4,31.1,53.3,4.9,3.0,0.0,1.0,0,0
STU-008185,2025,computer_science,7.11,71.5,22.4,67.1,24.2,2.0,0.0,0.0,1,0
STU-008186,2027,mechanical,5.73,53.8,43.0,81.2,7.6,0.0,0.0,1.0,0,0
STU-008187,2025,computer_science,7.16,31.9,,66.9,8.6,3.0,0.0,2.0,1,1
STU-008188,2025,information_technology,6.14,45.2,45.3,53.8,12.7,4.0,1.0,6.0,0,0
STU-008189,2026,electronics,6.7,67.7,23.4,69.2,7.7,2.0,1.0,0.0,0,0
STU-008190,2027,information_technology,7.55,77.9,23.9,63.6,12.3,1.0,0.0,1.0,1,1
STU-008191,2026,computer_science,6.55,25.9,53.4,69.1,8.3,5.0,0.0,2.0,1,0
STU-008192,2027,electronics,6.77,58.7,67.5,54.6,10.7,2.0,0.0,2.0,0,0
STU-008193,2024,electronics,,38.1,63.4,65.4,12.4,,0.0,6.0,0,1
STU-008194,2027,electronics,6.08,57.5,83.1,60.0,,2.0,1.0,4.0,1,0
STU-008195,2027,information_technology,6.35,54.4,51.8,55.1,12.6,4.0,0.0,,0,0
STU-008196,2026,electronics,5.66,90.7,55.0,,7.6,2.0,1.0,2.0,1,0
STU-008197,2026,information_technology,,48.2,51.3,54.8,28.2,0.0,2.0,1.0,0,1
STU-008198,2025,computer_science,7.25,74.2,42.7,51.4,1.7,2.0,0.0,4.0,0,0
STU-008199,2026,information_technology,7.84,74.8,55.5,45.4,20.7,0.0,0.0,2.0,1,1
STU-008200,2025,electronics,6.17,53.4,65.9,61.1,7.7,4.0,0.0,1.0,0,0
STU-008201,2024,computer_science,7.8,61.4,73.1,59.9,16.1,2.0,1.0,1.0,0,0
STU-008202,2027,computer_science,7.22,58.4,62.0,72.1,8.4,1.0,0.0,4.0,0,0
STU-008203,2025,civil,5.51,43.9,75.9,44.8,14.2,2.0,1.0,2.0,0,1
STU-008204,2026,mechanical,7.3,46.1,64.0,38.4,12.6,1.0,1.0,2.0,0,1
STU-008205,2025,electronics,8.47,54.8,66.4,36.0,8.4,3.0,2.0,1.0,1,0
STU-008206,2025,mechanical,,36.8,72.2,68.4,5.2,3.0,0.0,2.0,0,0
STU-008207,2025,civil,9.41,55.3,52.5,76.5,2.4,1.0,1.0,6.0,0,0
STU-008208,2025,electronics,6.4,53.9,76.9,75.3,13.1,4.0,0.0,0.0,0,0
STU-008209,2026,computer_science,5.2,56.8,31.3,55.0,16.9,5.0,0.0,2.0,0,1
STU-008210,2027,electronics,7.26,65.2,51.5,63.8,2.6,0.0,1.0,3.0,0,1
STU-008211,2026,civil,8.06,57.2,28.0,30.5,9.7,5.0,0.0,7.0,1,0
STU-008212,2027,electronics,6.78,46.0,58.4,84.7,4.0,1.0,0.0,1.0,1,0
STU-008213,2026,computer_science,7.46,65.3,,78.2,15.4,4.0,0.0,0.0,2,0
STU-008214,2026,civil,9.54,74.9,49.2,74.7,1.8,6.0,1.0,2.0,0,1
STU-008215,2025,electronics,7.34,51.4,51.5,49.4,5.2,3.0,2.0,2.0,0,1
STU-008216,2024,information_technology,10.0,49.3,63.2,56.9,7.6,3.0,0.0,3.0,3,1
STU-008217,2027,civil,8.55,54.4,57.6,59.3,10.9,4.0,,2.0,0,1
STU-008218,2026,electronics,7.16,55.6,37.8,85.8,9.6,2.0,1.0,0.0,0,0
STU-008219,2025,mechanical,7.44,76.0,57.4,76.0,20.9,2.0,0.0,1.0,1,0
STU-008220,2027,civil,6.73,67.9,80.6,59.4,23.7,2.0,0.0,1.0,0,1
STU-008221,2025,computer_science,7.39,58.7,48.0,,17.2,2.0,0.0,4.0,0,0
STU-008222,2027,mechanical,7.75,88.0,61.9,49.2,,1.0,3.0,1.0,2,0
STU-008223,2025,information_technology,6.64,56.7,57.3,42.6,10.2,0.0,0.0,,1,0
STU-008224,2027,mechanical,5.51,76.2,42.3,61.0,6.9,2.0,1.0,2.0,0,0
STU-008225,2025,mechanical,8.62,79.6,66.2,46.1,8.5,2.0,1.0,0.0,1,0
STU-008226,2024,mechanical,8.22,77.7,53.4,38.3,22.9,3.0,1.0,,0,1
STU-008227,2026,mechanical,5.47,59.8,56.0,62.5,27.3,2.0,0.0,1.0,0,0
STU-008228,2024,mechanical,,60.3,55.0,58.3,18.8,2.0,0.0,2.0,0,0
STU-008229,2027,computer_science,8.28,60.6,36.2,47.9,12.4,3.0,1.0,2.0,0,0
STU-008230,2026,information_technology,8.16,73.1,29.1,56.4,10.4,2.0,1.0,1.0,1,0
STU-008231,2025,computer_science,6.3,44.8,15.9,67.3,11.6,6.0,0.0,0.0,1,1
STU-008232,2025,mechanical,8.23,56.5,52.9,58.8,10.7,7.0,2.0,3.0,1,1
STU-008233,2027,electronics,7.12,83.2,69.6,64.0,18.9,4.0,1.0,1.0,0,1
STU-008234,2026,electronics,7.55,68.4,44.8,59.6,13.2,2.0,0.0,3.0,0,1
STU-008235,2027,computer_science,6.04,70.4,47.0,86.2,9.3,0.0,0.0,2.0,0,1
STU-008236,2024,electronics,4.0,33.7,31.9,80.6,16.2,1.0,0.0,4.0,0,0
STU-008237,2027,information_technology,6.21,49.9,37.6,63.6,9.8,3.0,1.0,2.0,0,0
STU-008238,2026,civil,7.72,64.4,95.3,50.5,6.1,1.0,0.0,2.0,1,0
STU-008239,2026,,6.86,57.1,40.9,54.2,5.4,1.0,0.0,0.0,0,0
STU-008240,2025,information_technology,7.85,41.3,35.4,43.9,2.6,1.0,2.0,2.0,0,0
STU-008241,2024,,8.37,72.1,45.3,50.8,37.4,2.0,1.0,4.0,1,1
STU-008242,2027,computer_science,6.72,73.6,55.2,71.4,13.8,3.0,1.0,2.0,0,0
STU-008243,2027,computer_science,6.61,52.9,43.7,53.7,12.0,3.0,0.0,1.0,0,1
STU-008244,2025,electronics,4.59,65.1,50.2,59.6,3.9,0.0,1.0,1.0,2,0
STU-008245,2027,,5.32,85.1,35.9,78.5,4.6,1.0,0.0,1.0,0,0
STU-008246,2024,computer_science,5.56,78.0,39.2,69.7,11.9,5.0,1.0,2.0,0,0
STU-008247,2024,computer_science,7.74,55.9,45.9,63.0,8.7,1.0,2.0,1.0,0,0
STU-008248,2024,information_technology,6.73,,52.4,60.4,3.9,4.0,0.0,1.0,2,0
STU-008249,2025,computer_science,6.49,60.4,65.1,59.2,4.9,5.0,0.0,0.0,0,0
STU-008250,2024,information_technology,6.35,91.9,66.3,75.0,6.8,4.0,2.0,0.0,2,0
STU-008251,2025,information_technology,6.2,76.5,75.7,66.2,11.8,1.0,2.0,4.0,0,0
STU-008252,2024,civil,8.16,60.2,37.3,58.4,,0.0,1.0,2.0,0,0
STU-008253,2027,computer_science,7.21,81.8,38.2,44.2,7.4,2.0,1.0,3.0,1,0
STU-008254,2027,computer_science,8.24,78.0,44.3,68.8,1.9,3.0,2.0,4.0,0,0
STU-008255,2026,computer_science,4.58,24.7,45.3,66.8,11.8,2.0,0.0,1.0,1,0
STU-008256,2025,computer_science,7.71,75.3,39.5,,6.1,1.0,0.0,3.0,2,1
STU-008257,2027,electronics,6.54,58.9,,59.8,22.8,2.0,0.0,2.0,1,0
STU-008258,2025,information_technology,6.78,44.6,65.7,66.7,21.8,2.0,1.0,4.0,0,0
STU-008259,2027,computer_science,8.66,62.7,79.8,58.3,12.3,3.0,0.0,1.0,1,1
STU-008260,2026,civil,6.65,63.5,65.4,87.4,15.2,1.0,0.0,4.0,1,0
STU-008261,2025,mechanical,,47.4,63.1,,24.7,4.0,0.0,,2,0
STU-008262,2024,computer_science,5.93,54.1,39.5,44.3,15.9,1.0,1.0,3.0,1,1
STU-008263,2027,computer_science,7.14,53.3,55.9,58.5,10.8,1.0,3.0,0.0,0,0
STU-008264,2027,mechanical,5.27,66.5,67.5,75.6,5.3,4.0,0.0,0.0,0,0
STU-008265,2026,electronics,7.03,53.5,66.4,60.8,13.2,1.0,1.0,2.0,0,0
STU-008266,2027,civil,7.54,33.6,72.2,,5.0,2.0,1.0,4.0,0,0
STU-008267,2027,computer_science,8.37,54.0,76.7,52.9,24.6,2.0,0.0,2.0,0,0
STU-008268,2025,mechanical,6.16,42.1,46.1,40.0,4.9,4.0,1.0,2.0,0,0
STU-008269,2027,computer_science,6.49,37.6,63.7,71.7,8.6,2.0,0.0,1.0,1,0
STU-008270,2025,computer_science,6.36,74.4,46.0,57.3,3.7,3.0,0.0,2.0,0,0
STU-008271,2026,electronics,6.81,69.7,64.3,98.1,2.2,3.0,0.0,2.0,0,0
STU-008272,2024,electronics,5.99,41.5,71.8,75.2,22.8,1.0,0.0,0.0,0,0
STU-008273,2027,computer_science,4.62,34.2,71.9,47.2,8.9,2.0,0.0,4.0,0,0
STU-008274,2027,computer_science,5.9,54.3,60.7,,28.9,2.0,0.0,1.0,2,0
STU-008275,2025,mechanical,7.04,38.2,61.9,61.0,15.1,3.0,0.0,2.0,2,0
STU-008276,2025,computer_science,6.93,54.2,78.3,69.4,4.5,2.0,0.0,0.0,0,0
STU-008277,2026,computer_science,7.73,60.5,43.2,51.9,38.7,5.0,0.0,0.0,1,1
STU-008278,2027,computer_science,8.07,64.7,83.9,66.4,9.4,2.0,1.0,0.0,0,1
STU-008279,2027,computer_science,6.58,62.3,55.6,76.8,22.8,3.0,0.0,1.0,0,1
STU-008280,2025,,5.28,42.8,50.5,73.5,10.3,0.0,2.0,3.0,1,0
STU-008281,2026,computer_science,7.56,60.2,49.6,77.3,5.6,3.0,2.0,1.0,0,1
STU-008282,2026,information_technology,7.09,77.4,35.4,100.0,12.5,2.0,0.0,2.0,0,0
STU-008283,2025,electronics,6.8,26.1,79.2,55.5,23.2,1.0,0.0,0.0,1,0
STU-008284,2026,computer_science,8.5,65.9,67.9,87.3,11.5,3.0,0.0,2.0,0,0
STU-008285,2024,electronics,7.62,41.6,51.2,66.1,9.3,2.0,0.0,0.0,1,0
STU-008286,2024,computer_science,7.24,79.5,61.9,56.6,13.5,3.0,3.0,1.0,1,0
STU-008287,2025,mechanical,7.29,70.8,50.4,61.9,18.9,5.0,0.0,0.0,0,0
STU-008288,2027,mechanical,8.08,71.9,30.3,74.6,18.3,3.0,2.0,1.0,0,1
STU-008289,2025,mechanical,6.31,43.8,49.2,56.8,13.2,1.0,1.0,3.0,2,0
STU-008290,2025,information_technology,6.09,60.1,27.4,34.6,13.1,2.0,2.0,1.0,0,0
STU-008291,2027,mechanical,6.83,63.3,58.4,73.8,7.6,3.0,1.0,0.0,0,0
STU-008292,2027,electronics,5.75,,76.9,65.2,9.5,2.0,1.0,0.0,1,0
STU-008293,2026,information_technology,7.05,60.3,44.3,54.7,8.7,2.0,0.0,0.0,0,0
STU-008294,2024,computer_science,7.21,67.6,69.3,44.3,15.8,1.0,1.0,3.0,1,0
STU-008295,2026,computer_science,7.02,36.8,44.2,67.7,18.5,2.0,0.0,1.0,0,0
STU-008296,2025,computer_science,6.68,66.4,53.4,80.1,7.5,2.0,0.0,1.0,0,0
STU-008297,2026,computer_science,9.0,63.5,48.1,49.4,12.9,4.0,0.0,3.0,0,1
STU-008298,2025,civil,8.18,81.1,70.3,,3.4,5.0,,1.0,0,1
STU-008299,2024,civil,6.99,51.8,77.8,93.0,12.2,1.0,0.0,2.0,1,0
STU-008300,2025,computer_science,7.21,61.1,59.1,75.3,1.0,3.0,1.0,2.0,1,0
STU-008301,2026,civil,,66.5,70.8,62.1,4.9,3.0,1.0,2.0,0,1
STU-008302,2025,electronics,6.43,14.7,61.8,60.7,3.7,3.0,0.0,4.0,0,0
STU-008303,2025,information_technology,5.99,50.7,46.7,55.5,1.3,2.0,1.0,5.0,1,0
STU-008304,2026,civil,7.36,60.0,78.7,63.2,6.9,0.0,1.0,1.0,0,0
STU-008305,2027,electronics,7.58,23.8,48.5,56.3,18.9,1.0,2.0,1.0,0,0
STU-008306,2024,electronics,,69.4,30.9,58.4,2.3,4.0,0.0,3.0,0,0
STU-008307,2026,computer_science,8.05,61.4,43.5,60.5,13.4,4.0,0.0,0.0,0,0
STU-008308,2026,computer_science,6.26,57.7,62.5,39.7,20.8,1.0,0.0,1.0,1,0
STU-008309,2025,civil,5.48,65.8,42.3,60.2,23.0,1.0,1.0,5.0,2,0
STU-008310,2027,computer_science,6.43,50.7,54.3,100.0,7.0,0.0,0.0,2.0,0,0
STU-008311,2027,computer_science,7.77,60.2,54.0,43.1,,0.0,2.0,3.0,1,1
STU-008312,2025,computer_science,6.04,69.1,54.2,84.1,5.2,2.0,2.0,2.0,2,0
STU-008313,2024,information_technology,4.88,54.6,65.1,77.4,20.1,2.0,0.0,2.0,0,0
STU-008314,2025,information_technology,7.27,30.9,82.0,71.8,10.3,,0.0,1.0,0,0
STU-008315,2025,civil,6.45,57.7,36.3,55.3,5.7,2.0,1.0,3.0,0,0
STU-008316,2026,information_technology,5.11,55.2,63.3,75.8,4.3,2.0,0.0,1.0,1,0
STU-008317,2027,mechanical,7.19,71.9,59.1,88.7,12.3,,0.0,0.0,0,1
STU-008318,2027,electronics,6.66,52.2,32.8,78.3,5.3,3.0,0.0,0.0,1,0
STU-008319,2025,information_technology,9.03,47.4,71.5,66.7,12.8,5.0,1.0,3.0,2,0
STU-008320,2026,computer_science,7.2,43.8,,63.5,9.1,1.0,0.0,4.0,1,0
STU-008321,2024,computer_science,7.77,81.2,45.5,54.3,33.6,0.0,1.0,0.0,0,1
STU-008322,2026,mechanical,7.08,62.5,51.4,64.8,6.2,3.0,2.0,3.0,1,0
STU-008323,2024,mechanical,,77.7,25.4,71.0,11.2,3.0,0.0,2.0,2,0
STU-008324,2027,information_technology,6.54,80.1,51.2,64.0,11.5,3.0,2.0,2.0,1,0
STU-008325,2027,civil,8.34,49.5,63.1,62.3,11.9,4.0,2.0,2.0,0,0
STU-008326,2025,mechanical,7.96,47.6,92.4,62.5,5.3,1.0,0.0,,1,0
STU-008327,2026,computer_science,5.39,52.9,32.7,89.1,3.6,2.0,0.0,2.0,0,0
STU-008328,2026,electronics,5.66,64.5,66.0,65.9,10.2,1.0,0.0,2.0,0,0
STU-008329,2027,mechanical,5.73,34.4,55.0,66.4,18.7,0.0,0.0,3.0,1,0
STU-008330,2026,mechanical,8.32,67.5,98.3,29.9,11.2,3.0,1.0,1.0,0,1
STU-008331,2025,computer_science,5.11,60.3,50.4,77.0,6.0,2.0,0.0,8.0,0,0
STU-008332,2026,computer_science,8.0,43.1,58.1,71.7,24.9,2.0,0.0,1.0,0,1
STU-008333,2024,information_technology,7.56,42.8,71.6,71.0,7.1,2.0,1.0,3.0,0,1
STU-008334,2026,computer_science,7.27,65.2,64.4,72.0,13.8,2.0,1.0,4.0,1,0
STU-008335,2025,computer_science,6.56,88.2,69.1,50.2,5.3,3.0,1.0,2.0,1,0
STU-008336,2026,electronics,8.47,56.5,70.4,59.4,15.7,6.0,0.0,0.0,0,1
STU-008337,2027,information_technology,7.23,63.4,30.8,88.1,6.1,0.0,0.0,1.0,1,0
STU-008338,2024,computer_science,,45.8,57.6,43.8,4.5,3.0,1.0,2.0,1,0
STU-008339,2025,electronics,5.71,,58.3,44.7,14.0,2.0,1.0,3.0,0,0
STU-008340,2027,computer_science,5.21,45.0,35.3,42.9,6.5,2.0,0.0,2.0,0,0
STU-008341,2024,information_technology,8.48,57.1,65.8,60.9,9.4,1.0,0.0,2.0,1,0
STU-008342,2026,mechanical,8.74,98.2,30.7,85.8,5.8,1.0,0.0,1.0,1,1
STU-008343,2026,mechanical,8.35,62.3,64.7,67.3,4.2,3.0,1.0,0.0,0,1
STU-008344,2025,computer_science,6.94,34.4,66.4,78.7,8.8,2.0,2.0,2.0,0,0
STU-008345,2027,mechanical,5.46,64.6,65.2,35.5,8.2,3.0,2.0,1.0,1,0
STU-008346,2026,mechanical,5.89,72.7,62.5,51.7,11.5,0.0,0.0,1.0,0,0
STU-008347,2026,electronics,5.96,66.1,35.8,53.9,10.3,2.0,1.0,4.0,0,0
STU-008348,2024,civil,7.05,55.4,30.3,85.9,12.9,3.0,1.0,1.0,0,0
STU-008349,2024,computer_science,8.7,47.6,77.8,65.4,3.0,1.0,2.0,1.0,1,1
STU-008350,2024,computer_science,8.69,48.0,68.6,62.8,6.5,4.0,0.0,1.0,1,1
STU-008351,2027,mechanical,6.54,54.2,61.5,66.2,13.2,0.0,2.0,0.0,0,0
STU-008352,2027,information_technology,4.53,47.6,73.7,60.1,18.1,4.0,1.0,1.0,0,0
STU-008353,2027,information_technology,5.76,47.1,22.7,91.3,21.7,3.0,0.0,2.0,1,0
STU-008354,2025,computer_science,8.47,79.2,91.5,90.7,17.9,1.0,0.0,2.0,0,0
STU-008355,2026,computer_science,7.37,72.6,46.9,79.1,5.1,4.0,0.0,,0,0
STU-008356,2027,computer_science,,76.4,67.8,77.6,10.6,1.0,1.0,2.0,0,0
STU-008357,2026,computer_science,6.61,45.4,53.2,56.3,5.3,4.0,0.0,3.0,1,0
STU-008358,2024,civil,6.24,42.7,46.1,70.0,11.6,2.0,1.0,2.0,0,0
STU-008359,2027,computer_science,5.72,56.6,24.2,35.4,11.3,5.0,2.0,2.0,0,0
STU-008360,2024,mechanical,9.48,69.2,53.5,57.4,1.4,1.0,1.0,2.0,2,0
STU-008361,2024,computer_science,9.08,63.2,71.2,41.7,17.8,2.0,0.0,1.0,1,0
STU-008362,2027,computer_science,6.15,61.5,57.7,70.5,11.0,0.0,0.0,1.0,1,0
STU-008363,2026,civil,5.08,77.9,63.5,62.0,5.0,2.0,0.0,1.0,0,0
STU-008364,2025,computer_science,7.29,55.3,44.4,74.2,1.6,2.0,1.0,3.0,1,1
STU-008365,2026,computer_science,6.93,70.0,67.4,72.6,32.9,3.0,0.0,0.0,2,1
STU-008366,2027,mechanical,7.82,67.4,59.4,79.2,12.0,3.0,1.0,0.0,0,0
STU-008367,2024,computer_science,8.08,61.6,70.1,52.7,10.9,3.0,0.0,1.0,1,0
STU-008368,2027,computer_science,5.75,66.9,58.7,38.3,12.6,1.0,0.0,0.0,1,0
STU-008369,2025,civil,8.57,49.6,53.3,90.6,10.2,0.0,0.0,,0,0
STU-008370,2024,information_technology,6.69,42.9,58.1,55.9,4.0,2.0,1.0,1.0,0,0
STU-008371,2026,electronics,7.8,66.1,66.0,62.8,8.5,3.0,1.0,4.0,2,1
STU-008372,2026,computer_science,6.8,33.0,67.6,78.5,6.2,2.0,0.0,,0,0
STU-008373,2025,computer_science,8.16,68.0,85.2,59.4,18.4,2.0,0.0,4.0,1,0
STU-008374,2025,information_technology,4.38,35.8,33.7,47.5,14.5,2.0,0.0,2.0,0,0
STU-008375,2026,electronics,7.95,82.7,39.0,93.1,15.4,1.0,0.0,2.0,1,0
STU-008376,2026,computer_science,6.14,50.3,73.4,55.8,1.8,4.0,0.0,1.0,0,0
STU-008377,2027,mechanical,7.18,80.2,33.9,89.3,22.5,1.0,0.0,3.0,0,0
STU-008378,2027,mechanical,8.53,57.9,78.7,68.7,3.7,2.0,0.0,0.0,0,1
STU-008379,2025,information_technology,6.18,52.5,36.2,77.6,32.4,3.0,1.0,1.0,1,1
STU-008380,2026,information_technology,6.0,69.0,40.3,77.4,5.8,3.0,0.0,,0,0
STU-008381,2026,electronics,6.67,61.7,52.3,57.8,11.5,2.0,0.0,1.0,2,1
STU-008382,2026,electronics,6.6,56.2,28.7,72.0,6.8,4.0,0.0,1.0,2,0
STU-008383,2024,computer_science,5.89,49.7,34.1,91.2,0.4,4.0,0.0,1.0,0,0
STU-008384,2025,mechanical,7.22,52.5,27.4,82.1,3.4,1.0,0.0,2.0,0,0
STU-008385,2024,information_technology,7.28,93.9,67.5,79.8,19.0,6.0,0.0,2.0,2,1
STU-008386,2025,civil,7.63,34.1,57.3,73.2,9.7,1.0,1.0,2.0,0,0
STU-008387,2027,civil,6.16,38.3,51.9,62.2,15.7,2.0,3.0,2.0,0,0
STU-008388,2026,computer_science,6.01,73.7,50.0,51.7,0.8,2.0,1.0,2.0,0,0
STU-008389,2026,information_technology,6.96,74.5,54.6,86.0,4.7,1.0,1.0,4.0,0,0
STU-008390,2026,information_technology,6.82,43.8,46.1,55.7,13.1,3.0,0.0,2.0,1,0
STU-008391,2026,information_technology,6.84,31.4,70.6,56.8,5.6,2.0,0.0,1.0,0,0
STU-008392,2026,mechanical,6.29,75.7,22.2,63.9,28.9,4.0,1.0,3.0,1,1
STU-008393,2026,computer_science,7.48,,32.4,43.2,40.0,2.0,2.0,2.0,0,0
STU-008394,2026,electronics,6.02,48.7,74.2,58.4,8.6,1.0,0.0,2.0,1,1
STU-008395,2024,civil,6.96,59.4,59.4,53.1,8.9,0.0,2.0,0.0,0,0
STU-008396,2026,civil,6.75,41.4,19.6,43.6,6.9,2.0,0.0,1.0,0,0
STU-008397,2026,computer_science,7.06,72.0,60.7,46.1,15.5,4.0,1.0,0.0,2,0
STU-008398,2027,civil,8.46,61.2,33.8,63.2,10.2,2.0,0.0,2.0,0,0
STU-008399,2027,computer_science,5.59,41.9,,77.9,30.7,1.0,0.0,1.0,1,0
STU-008400,2027,information_technology,4.35,40.8,60.0,62.3,5.4,0.0,1.0,1.0,0,0
STU-008401,2026,computer_science,6.42,76.3,88.3,48.2,12.7,0.0,0.0,1.0,1,0
STU-008402,2024,electronics,5.78,51.4,45.0,54.3,18.0,2.0,1.0,4.0,0,0
STU-008403,2026,computer_science,4.0,61.2,22.3,68.3,14.3,1.0,0.0,1.0,1,0
STU-008404,2027,computer_science,9.11,62.1,54.2,79.6,30.6,4.0,3.0,2.0,0,1
STU-008405,2027,computer_science,7.74,33.2,49.2,76.9,15.7,2.0,1.0,,0,0
STU-008406,2027,civil,7.87,70.9,65.0,,6.6,3.0,0.0,4.0,3,1
STU-008407,2025,electronics,6.77,73.7,23.0,84.7,28.1,5.0,0.0,1.0,0,0
STU-008408,2026,electronics,7.58,86.8,,56.1,8.5,4.0,0.0,8.0,1,1
STU-008409,2027,electronics,6.61,28.7,36.2,47.1,4.3,2.0,0.0,1.0,1,0
STU-008410,2026,information_technology,8.04,12.7,50.4,59.5,20.1,1.0,1.0,1.0,0,0
STU-008411,2026,computer_science,7.32,68.2,79.8,81.2,3.9,1.0,0.0,4.0,0,0
STU-008412,2026,computer_science,7.06,49.1,72.3,73.3,7.7,2.0,0.0,3.0,0,0
STU-008413,2026,information_technology,7.14,36.8,68.0,78.8,13.3,3.0,0.0,2.0,0,0
STU-008414,2025,civil,8.79,63.2,73.0,62.3,1.7,3.0,1.0,2.0,0,0
STU-008415,2024,computer_science,7.29,51.8,51.7,65.6,5.9,1.0,2.0,1.0,0,0
STU-008416,2027,electronics,5.92,36.7,49.8,60.6,2.9,1.0,1.0,2.0,2,0
STU-008417,2027,mechanical,7.49,57.7,,51.5,10.3,4.0,1.0,2.0,0,1
STU-008418,2027,civil,7.66,67.8,36.7,64.1,8.4,1.0,0.0,0.0,0,1
STU-008419,2025,computer_science,6.93,60.5,56.9,60.5,16.5,4.0,0.0,1.0,0,0
STU-008420,2024,civil,7.04,60.8,36.1,56.9,27.8,3.0,1.0,2.0,0,0
STU-008421,2025,electronics,5.87,62.4,62.2,72.1,7.8,2.0,0.0,2.0,0,0
STU-008422,2027,information_technology,7.21,33.1,55.0,65.5,17.0,2.0,0.0,4.0,0,0
STU-008423,2026,mechanical,5.7,54.6,44.8,82.6,4.0,3.0,1.0,2.0,0,1
STU-008424,2027,,6.81,61.2,43.9,51.5,20.8,1.0,1.0,3.0,1,0
STU-008425,2025,mechanical,6.33,51.0,60.0,58.0,29.5,3.0,0.0,4.0,2,0
STU-008426,2026,electronics,8.23,48.0,71.4,38.9,8.7,0.0,0.0,1.0,0,0
STU-008427,2027,mechanical,8.88,50.6,47.6,49.8,6.0,4.0,0.0,1.0,1,0
STU-008428,2025,mechanical,5.78,51.2,41.2,72.5,7.1,1.0,0.0,1.0,0,0
STU-008429,2027,electronics,7.09,71.9,52.2,75.1,5.0,2.0,1.0,1.0,1,1
STU-008430,2026,computer_science,6.74,80.4,59.4,73.4,14.7,1.0,1.0,6.0,1,1
STU-008431,2024,computer_science,7.63,79.1,62.8,81.8,,0.0,0.0,2.0,1,0
STU-008432,2024,mechanical,7.21,35.0,54.1,71.3,4.4,2.0,0.0,2.0,0,1
STU-008433,2027,electronics,6.65,43.2,65.7,64.6,9.8,1.0,0.0,0.0,1,1
STU-008434,2026,mechanical,7.21,68.3,,73.1,9.4,1.0,0.0,2.0,0,0
STU-008435,2027,information_technology,6.85,77.2,,53.1,5.9,0.0,1.0,3.0,3,0
STU-008436,2027,information_technology,8.93,47.4,85.4,40.8,,2.0,0.0,4.0,0,1
STU-008437,2026,mechanical,6.19,59.1,,58.3,11.1,2.0,0.0,0.0,0,0
STU-008438,2027,,7.4,41.8,33.2,59.9,13.1,1.0,1.0,3.0,0,0
STU-008439,2027,information_technology,7.69,63.5,60.8,65.4,14.8,0.0,0.0,6.0,0,0
STU-008440,2024,computer_science,7.6,49.6,79.5,52.6,17.4,3.0,2.0,3.0,0,1
STU-008441,2027,mechanical,6.76,60.3,48.9,55.4,30.2,3.0,1.0,2.0,0,1
STU-008442,2025,mechanical,8.67,43.2,74.8,74.8,13.3,2.0,2.0,3.0,0,1
STU-008443,2025,information_technology,4.7,28.9,64.7,46.8,,0.0,1.0,2.0,0,0
STU-008444,2025,information_technology,5.84,100.0,54.9,62.5,22.3,0.0,2.0,2.0,1,1
STU-008445,2027,computer_science,7.86,60.8,94.9,55.2,10.1,3.0,2.0,3.0,0,1
STU-008446,2024,information_technology,6.09,88.2,62.4,40.2,25.0,1.0,0.0,3.0,1,0
STU-008447,2026,computer_science,6.02,78.7,52.8,58.2,5.0,5.0,0.0,0.0,0,0
STU-008448,2026,computer_science,6.56,32.6,50.4,51.3,18.2,2.0,0.0,2.0,3,1
STU-008449,2024,mechanical,6.2,61.8,51.0,58.0,6.0,3.0,0.0,0.0,2,0
STU-008450,2027,information_technology,7.83,40.2,48.7,65.0,4.7,4.0,0.0,,0,0
STU-008451,2027,mechanical,8.14,55.8,40.6,33.4,5.7,3.0,1.0,2.0,0,0
STU-008452,2024,information_technology,7.2,30.1,40.5,78.3,2.5,3.0,0.0,4.0,0,0
STU-008453,2024,computer_science,8.31,37.0,57.8,100.0,1.8,4.0,1.0,5.0,1,0
STU-008454,2027,information_technology,5.51,42.2,62.7,50.7,2.8,0.0,0.0,4.0,0,0
STU-008455,2025,computer_science,7.19,50.2,61.3,55.7,5.4,1.0,0.0,2.0,0,0
STU-008456,2024,electronics,8.65,61.9,,52.4,11.8,4.0,1.0,0.0,0,0
STU-008457,2027,civil,8.22,44.9,95.9,48.7,5.3,2.0,1.0,0.0,1,0
STU-008458,2027,mechanical,8.75,63.7,90.6,91.8,31.1,1.0,0.0,2.0,0,1
STU-008459,2026,mechanical,6.42,73.9,,59.5,2.0,3.0,0.0,,1,0
STU-008460,2026,mechanical,8.15,64.4,71.6,73.6,19.6,2.0,1.0,1.0,0,0
STU-008461,2027,mechanical,6.61,56.2,33.3,80.4,13.7,2.0,0.0,3.0,2,0
STU-008462,2026,electronics,7.78,64.7,62.7,78.5,5.9,4.0,2.0,1.0,2,0
STU-008463,2026,electronics,,39.7,38.1,79.6,8.6,1.0,1.0,2.0,1,0
STU-008464,2027,information_technology,6.19,70.7,41.4,45.5,26.4,2.0,0.0,2.0,2,0
STU-008465,2026,computer_science,4.97,36.0,57.5,76.7,9.2,,0.0,6.0,0,0
STU-008466,2026,electronics,9.22,85.7,56.2,58.5,4.4,1.0,1.0,1.0,0,0
STU-008467,2025,electronics,7.66,70.9,39.3,86.9,5.1,3.0,0.0,1.0,0,1
STU-008468,2026,computer_science,6.98,66.3,43.2,51.5,8.1,2.0,1.0,0.0,1,1
STU-008469,2026,civil,6.91,66.8,38.6,47.2,31.6,2.0,1.0,4.0,1,0
STU-008470,2025,computer_science,4.69,53.4,52.8,63.1,5.7,1.0,2.0,1.0,2,0
STU-008471,2026,electronics,7.34,46.9,76.8,72.1,21.6,4.0,1.0,,2,0
STU-008472,2027,civil,6.49,,49.6,38.0,6.7,2.0,0.0,0.0,0,0
STU-008473,2025,computer_science,7.16,84.6,73.1,57.4,5.1,0.0,1.0,2.0,2,0
STU-008474,2024,civil,7.13,59.8,45.8,47.7,8.8,2.0,0.0,2.0,1,0
STU-008475,2025,mechanical,4.0,35.3,41.3,76.0,1.9,2.0,0.0,2.0,1,0
STU-008476,2025,electronics,7.66,67.1,88.0,55.1,14.3,2.0,2.0,0.0,1,1
STU-008477,2027,civil,7.32,63.8,53.2,78.8,9.6,3.0,1.0,4.0,2,0
STU-008478,2026,electronics,7.47,54.0,75.1,53.0,,2.0,1.0,3.0,1,0
STU-008479,2025,information_technology,6.89,44.3,42.3,67.3,23.3,1.0,0.0,1.0,1,1
STU-008480,2027,electronics,7.16,69.3,,43.7,8.1,2.0,0.0,3.0,1,0
STU-008481,2024,information_technology,7.3,72.8,41.6,61.5,8.8,1.0,1.0,1.0,2,0
STU-008482,2024,computer_science,7.42,,57.8,47.7,15.9,3.0,0.0,3.0,0,0
STU-008483,2027,computer_science,7.65,60.4,61.7,84.4,3.9,,0.0,4.0,2,1
STU-008484,2026,information_technology,7.43,47.1,69.6,78.1,,0.0,0.0,3.0,0,0
STU-008485,2027,mechanical,9.23,69.7,54.1,66.1,3.3,3.0,1.0,1.0,0,0
STU-008486,2027,civil,6.27,47.0,49.2,77.4,4.2,7.0,0.0,7.0,1,0
STU-008487,2027,civil,6.67,38.3,73.9,56.0,20.7,2.0,0.0,1.0,1,0
STU-008488,2024,computer_science,9.05,79.0,42.6,71.6,9.1,2.0,,1.0,0,0
STU-008489,2027,electronics,6.92,42.4,12.6,61.9,10.6,1.0,3.0,2.0,2,0
STU-008490,2026,electronics,8.17,31.9,48.6,70.3,11.8,1.0,0.0,1.0,0,0
STU-008491,2025,computer_science,7.26,78.1,66.4,64.8,21.6,1.0,1.0,1.0,0,0
STU-008492,2027,electronics,6.84,31.5,55.8,62.3,9.9,1.0,3.0,1.0,2,0
STU-008493,2025,information_technology,8.23,54.6,43.7,37.7,3.5,1.0,1.0,2.0,0,0
STU-008494,2027,civil,7.7,43.0,59.0,54.0,10.4,3.0,2.0,1.0,1,0
STU-008495,2026,computer_science,5.34,43.8,42.1,88.5,30.8,3.0,1.0,2.0,0,0
STU-008496,2026,mechanical,7.3,92.0,29.6,61.4,7.2,2.0,0.0,2.0,0,1
STU-008497,2024,mechanical,5.96,54.4,,53.1,23.9,0.0,0.0,1.0,2,0
STU-008498,2027,electronics,8.56,66.5,73.9,63.8,12.4,5.0,1.0,2.0,1,1
STU-008499,2026,computer_science,9.12,74.1,58.7,41.8,24.2,6.0,0.0,1.0,2,1
STU-008500,2024,computer_science,9.26,52.8,38.3,56.5,6.0,1.0,0.0,5.0,0,0
STU-008501,2024,civil,7.51,75.1,86.4,65.7,5.2,1.0,0.0,4.0,0,1
STU-008502,2027,,6.57,62.8,36.4,70.0,1.1,,0.0,1.0,0,0
STU-008503,2024,computer_science,7.47,70.2,,68.0,7.5,1.0,0.0,1.0,0,1
STU-008504,2026,civil,6.02,45.2,65.3,84.3,4.5,1.0,0.0,0.0,0,0
STU-008505,2026,mechanical,9.8,70.3,73.4,53.7,6.5,1.0,2.0,1.0,0,1
STU-008506,2025,electronics,8.47,60.8,56.9,42.1,13.0,3.0,0.0,2.0,1,0
STU-008507,2026,computer_science,7.45,75.8,25.9,58.1,1.0,3.0,1.0,2.0,0,0
STU-008508,2025,information_technology,8.25,52.4,79.9,55.2,0.7,1.0,0.0,5.0,1,0
STU-008509,2027,mechanical,6.53,87.6,33.3,65.7,13.7,3.0,0.0,3.0,0,0
STU-008510,2027,computer_science,5.83,60.7,,59.0,6.3,4.0,2.0,1.0,0,0
STU-008511,2025,,4.55,,64.1,65.1,19.7,2.0,0.0,1.0,0,1
STU-008512,2026,computer_science,7.2,54.8,35.0,64.5,,3.0,1.0,4.0,0,1
STU-008513,2026,electronics,6.86,,33.4,75.5,7.8,1.0,0.0,1.0,4,0
STU-008514,2027,computer_science,7.7,50.0,51.1,62.9,5.8,2.0,0.0,1.0,0,1
STU-008515,2025,mechanical,7.12,68.2,71.1,65.9,10.2,3.0,0.0,2.0,0,0
STU-008516,2026,computer_science,7.64,59.1,47.4,88.0,19.4,1.0,0.0,1.0,1,0
STU-008517,2027,computer_science,8.03,89.2,60.7,40.1,16.4,3.0,1.0,4.0,2,0
STU-008518,2024,civil,5.42,48.3,40.1,65.6,32.5,2.0,1.0,0.0,2,0
STU-008519,2026,civil,8.1,58.4,72.8,61.4,5.4,5.0,0.0,3.0,1,0
STU-008520,2024,electronics,6.63,50.8,42.7,63.7,5.9,3.0,0.0,4.0,0,0
STU-008521,2026,civil,7.7,87.4,45.5,71.2,20.4,2.0,0.0,2.0,0,0
STU-008522,2025,computer_science,8.28,38.9,42.6,51.4,7.9,1.0,3.0,3.0,0,0
STU-008523,2027,information_technology,8.28,62.0,42.1,55.1,4.3,1.0,0.0,2.0,0,0
STU-008524,2025,computer_science,7.25,63.2,74.1,73.3,5.8,4.0,2.0,2.0,2,0
STU-008525,2024,information_technology,7.31,41.7,50.1,60.9,11.1,2.0,0.0,1.0,0,0
STU-008526,2027,mechanical,8.13,99.9,43.3,,29.7,4.0,1.0,3.0,0,1
STU-008527,2027,mechanical,5.37,40.8,20.1,74.1,27.6,3.0,0.0,1.0,1,0
STU-008528,2026,computer_science,6.01,56.5,46.4,71.9,19.1,3.0,4.0,2.0,0,1
STU-008529,2027,information_technology,6.78,82.8,40.2,65.2,7.4,2.0,0.0,2.0,2,1
STU-008530,2025,civil,5.57,49.5,32.1,68.7,7.1,1.0,0.0,3.0,2,0
STU-008531,2026,electronics,6.79,59.7,41.0,70.9,29.0,2.0,1.0,,0,1
STU-008532,2024,computer_science,6.72,52.3,,61.7,6.4,2.0,0.0,0.0,0,0
STU-008533,2025,information_technology,7.2,57.6,36.1,67.3,20.7,4.0,1.0,1.0,0,0
STU-008534,2027,,7.03,74.3,49.9,46.3,12.8,1.0,1.0,1.0,1,0
STU-008535,2027,information_technology,8.33,54.3,75.4,60.0,6.0,2.0,0.0,0.0,1,0
STU-008536,2025,information_technology,7.76,19.7,48.6,76.4,,3.0,0.0,1.0,0,1
STU-008537,2024,information_technology,7.02,57.5,37.0,93.7,13.4,6.0,0.0,1.0,0,0
STU-008538,2027,information_technology,6.72,58.4,71.8,64.7,1.6,2.0,0.0,3.0,0,0
STU-008539,2024,information_technology,7.05,61.0,53.7,50.3,8.3,3.0,1.0,4.0,2,1
STU-008540,2025,computer_science,7.07,55.4,52.3,58.0,,4.0,1.0,3.0,0,0
STU-008541,2025,computer_science,10.0,51.1,75.8,42.6,12.2,2.0,1.0,3.0,0,1
STU-008542,2024,information_technology,5.42,51.2,47.2,72.3,5.6,0.0,0.0,2.0,0,0
STU-008543,2025,mechanical,6.03,82.5,52.3,63.6,8.5,4.0,1.0,3.0,0,0
STU-008544,2027,mechanical,5.87,55.1,23.8,49.6,7.1,1.0,1.0,3.0,0,0
STU-008545,2025,computer_science,7.41,68.6,,60.3,7.5,2.0,0.0,0.0,0,0
STU-008546,2026,information_technology,7.36,43.2,88.1,72.8,26.5,2.0,0.0,1.0,1,1
STU-008547,2027,electronics,6.44,52.5,35.1,63.6,25.0,2.0,1.0,1.0,0,0
STU-008548,2026,information_technology,8.13,45.3,,53.3,3.4,1.0,1.0,2.0,0,0
STU-008549,2027,electronics,7.53,78.5,86.7,77.3,9.7,3.0,2.0,3.0,2,1
STU-008550,2026,civil,8.18,37.0,71.4,67.7,16.8,0.0,0.0,2.0,0,0
STU-008551,2026,computer_science,8.48,66.6,65.9,52.2,5.4,1.0,0.0,2.0,0,0
STU-008552,2026,information_technology,4.65,58.4,32.0,63.3,9.6,2.0,0.0,0.0,2,0
STU-008553,2027,information_technology,7.89,63.9,48.0,33.3,4.0,2.0,3.0,3.0,0,1
STU-008554,2026,electronics,5.62,20.1,44.2,66.6,3.5,0.0,1.0,1.0,0,0
STU-008555,2027,computer_science,7.39,28.4,62.3,100.0,10.0,2.0,0.0,2.0,0,0
STU-008556,2024,electronics,7.02,59.8,76.7,78.2,3.4,0.0,2.0,1.0,0,0
STU-008557,2026,computer_science,7.07,44.3,57.3,60.5,11.5,3.0,0.0,2.0,1,0
STU-008558,2027,electronics,5.71,45.8,40.2,66.4,,0.0,1.0,0.0,0,0
STU-008559,2025,electronics,8.29,54.2,58.5,70.5,13.0,2.0,0.0,1.0,2,0
STU-008560,2027,computer_science,5.62,39.4,58.3,71.4,3.2,3.0,1.0,1.0,1,0
STU-008561,2025,civil,7.96,41.5,64.6,61.2,2.2,3.0,2.0,2.0,1,1
STU-008562,2025,mechanical,5.45,54.9,44.6,32.3,35.1,3.0,1.0,4.0,0,0
STU-008563,2027,information_technology,7.08,29.6,36.3,,8.8,1.0,2.0,2.0,1,0
STU-008564,2025,civil,9.18,54.8,82.0,54.5,14.4,,0.0,1.0,0,0
STU-008565,2025,mechanical,9.82,53.6,61.8,61.4,10.2,1.0,0.0,1.0,0,1
STU-008566,2025,computer_science,5.24,54.1,52.1,52.3,8.3,1.0,1.0,2.0,0,1
STU-008567,2027,electronics,6.29,92.4,40.7,71.3,10.5,3.0,1.0,0.0,0,0
STU-008568,2026,electronics,6.5,42.3,41.1,91.2,5.4,2.0,1.0,1.0,0,0
STU-008569,2026,electronics,9.69,69.5,74.2,76.5,9.5,1.0,0.0,1.0,0,1
STU-008570,2027,civil,7.02,61.4,33.6,61.9,18.3,3.0,0.0,2.0,0,1
STU-008571,2026,information_technology,,69.1,40.6,84.0,8.4,1.0,1.0,2.0,0,0
STU-008572,2027,computer_science,7.44,55.7,,76.0,28.1,3.0,1.0,1.0,0,1
STU-008573,2027,information_technology,5.72,,63.9,73.0,13.4,1.0,1.0,4.0,1,1
STU-008574,2025,mechanical,4.96,64.2,53.9,54.8,4.6,5.0,0.0,,1,0
STU-008575,2027,information_technology,6.39,67.3,34.3,60.8,14.7,5.0,1.0,2.0,0,1
STU-008576,2026,computer_science,9.76,42.3,69.8,71.0,19.9,0.0,0.0,0.0,1,0
STU-008577,2024,computer_science,7.4,60.2,55.3,93.0,7.0,1.0,0.0,3.0,0,0
STU-008578,2025,electronics,8.31,53.0,52.7,82.9,11.8,2.0,1.0,3.0,2,0
STU-008579,2026,computer_science,5.47,42.0,47.4,71.1,3.2,1.0,0.0,2.0,1,0
STU-008580,2024,information_technology,6.73,48.1,29.6,65.1,11.1,3.0,0.0,5.0,0,0
STU-008581,2026,computer_science,,59.2,23.8,73.5,6.8,1.0,3.0,2.0,0,1
STU-008582,2025,information_technology,5.85,62.5,55.4,70.3,3.5,2.0,1.0,2.0,0,0
STU-008583,2026,computer_science,7.03,72.8,57.9,84.3,7.1,3.0,2.0,0.0,1,0
STU-008584,2024,computer_science,6.09,70.2,55.6,47.5,11.6,4.0,0.0,1.0,0,1
STU-008585,2027,electronics,8.05,64.5,72.3,63.3,32.0,4.0,1.0,1.0,0,0
STU-008586,2025,computer_science,7.56,60.0,65.9,,17.7,1.0,0.0,,0,1
STU-008587,2024,computer_science,7.89,54.9,,82.8,23.9,2.0,1.0,3.0,0,0
STU-008588,2026,electronics,8.1,56.5,79.5,90.2,20.2,2.0,2.0,3.0,1,1
STU-008589,2026,computer_science,6.84,46.0,55.3,42.4,15.6,0.0,1.0,0.0,1,0
STU-008590,2026,computer_science,8.25,54.1,62.7,52.8,7.7,,1.0,2.0,0,0
STU-008591,2026,information_technology,6.42,62.2,56.5,61.9,12.3,1.0,0.0,4.0,0,0
STU-008592,2024,information_technology,7.82,82.7,32.2,45.5,4.4,1.0,0.0,0.0,0,1
STU-008593,2027,information_technology,4.83,51.4,62.0,86.2,12.1,0.0,1.0,2.0,0,0
STU-008594,2026,civil,6.24,44.4,61.9,64.6,12.2,3.0,0.0,2.0,2,0
STU-008595,2024,information_technology,9.76,78.1,37.9,79.3,8.8,1.0,0.0,1.0,0,0
STU-008596,2027,electronics,7.8,29.6,84.6,60.4,8.9,2.0,0.0,2.0,0,0
STU-008597,2026,civil,7.8,75.3,50.9,68.6,8.3,1.0,0.0,0.0,1,0
STU-008598,2026,,6.15,34.8,49.5,43.8,14.2,1.0,1.0,1.0,1,0
STU-008599,2026,mechanical,5.84,65.5,47.9,48.0,,0.0,0.0,3.0,0,0
STU-008600,2025,information_technology,6.8,50.5,51.3,48.3,22.2,2.0,0.0,2.0,1,0
STU-008601,2026,electronics,7.02,62.9,95.8,38.9,25.3,1.0,0.0,2.0,0,0
STU-008602,2024,civil,9.3,93.9,59.8,77.2,11.0,2.0,1.0,0.0,0,1
STU-008603,2025,computer_science,8.27,48.0,54.6,62.7,7.5,1.0,1.0,3.0,0,0
STU-008604,2027,civil,7.23,43.4,56.2,77.7,,3.0,1.0,,1,0
STU-008605,2026,information_technology,7.18,59.5,41.3,61.2,4.2,2.0,0.0,4.0,1,0
STU-008606,2025,electronics,7.97,82.8,63.8,78.6,6.3,3.0,0.0,2.0,1,1
STU-008607,2025,information_technology,,57.9,35.4,76.2,17.0,2.0,1.0,2.0,1,0
STU-008608,2027,computer_science,4.89,54.5,55.1,61.1,14.6,1.0,0.0,3.0,1,0
STU-008609,2025,computer_science,7.95,62.4,41.1,65.6,8.6,3.0,0.0,1.0,2,1
STU-008610,2024,civil,7.18,43.3,45.7,67.8,21.4,0.0,1.0,1.0,0,1
STU-008611,2024,electronics,5.59,57.9,32.3,78.5,9.9,6.0,0.0,1.0,0,0
STU-008612,2027,mechanical,4.69,47.5,36.7,62.4,13.7,2.0,0.0,2.0,2,0
STU-008613,2026,computer_science,8.13,80.1,29.1,67.9,5.4,3.0,0.0,2.0,1,0
STU-008614,2024,computer_science,6.5,69.0,11.4,42.2,15.4,4.0,1.0,3.0,0,0
STU-008615,2024,computer_science,7.56,39.3,51.8,50.5,2.4,3.0,0.0,2.0,1,0
STU-008616,2026,computer_science,6.8,53.3,28.1,52.6,9.3,2.0,1.0,1.0,1,0
STU-008617,2026,information_technology,7.06,66.0,84.7,70.1,8.2,1.0,1.0,,1,1
STU-008618,2026,civil,6.42,42.1,46.6,53.0,11.4,5.0,1.0,2.0,2,0
STU-008619,2024,mechanical,7.01,41.8,67.1,64.4,31.6,4.0,1.0,2.0,0,1
STU-008620,2027,information_technology,7.76,52.6,63.3,60.5,6.5,2.0,0.0,2.0,0,0
STU-008621,2027,information_technology,6.78,62.7,36.1,62.9,13.7,2.0,3.0,1.0,0,1
STU-008622,2026,electronics,6.72,73.0,46.7,75.0,,0.0,1.0,2.0,2,0
STU-008623,2025,electronics,7.8,63.1,70.8,65.1,15.8,0.0,0.0,2.0,0,0
STU-008624,2026,electronics,7.88,96.7,70.0,59.3,8.5,2.0,0.0,1.0,0,1
STU-008625,2025,information_technology,5.79,,64.9,68.5,3.8,5.0,0.0,1.0,1,0
STU-008626,2024,computer_science,7.07,69.2,44.1,85.5,11.9,3.0,0.0,1.0,1,1
STU-008627,2025,computer_science,6.5,,,63.6,7.5,5.0,0.0,3.0,0,1
STU-008628,2027,civil,7.12,82.4,45.2,44.9,12.5,3.0,0.0,1.0,0,1
STU-008629,2025,electronics,,81.9,79.2,43.6,6.3,3.0,0.0,1.0,4,0
STU-008630,2027,civil,7.51,69.7,73.7,58.1,13.6,6.0,1.0,1.0,0,0
STU-008631,2026,computer_science,,37.1,,46.0,,1.0,1.0,3.0,1,1
STU-008632,2026,information_technology,7.35,69.2,61.1,28.5,5.7,2.0,1.0,5.0,0,1
STU-008633,2024,computer_science,6.91,45.5,36.0,57.9,13.3,3.0,2.0,0.0,1,0
STU-008634,2026,civil,7.08,65.0,,67.3,9.6,1.0,0.0,4.0,0,1
STU-008635,2024,,7.26,36.7,36.9,81.4,15.7,2.0,0.0,3.0,3,0
STU-008636,2026,electronics,7.47,63.0,62.4,61.8,5.0,4.0,1.0,1.0,0,1
STU-008637,2025,computer_science,5.96,50.6,63.4,66.3,2.1,2.0,0.0,1.0,0,0
STU-008638,2025,computer_science,6.83,46.0,55.5,69.2,7.7,2.0,0.0,0.0,1,0
STU-008639,2026,computer_science,6.27,65.4,66.7,63.2,14.8,0.0,1.0,2.0,1,1
STU-008640,2024,information_technology,8.28,59.8,65.1,52.7,8.5,4.0,0.0,1.0,0,0
STU-008641,2025,mechanical,4.89,,73.2,92.4,3.6,1.0,1.0,4.0,2,0
STU-008642,2027,civil,7.28,69.6,37.4,48.2,12.4,2.0,0.0,3.0,0,1
STU-008643,2024,electronics,5.35,83.3,41.9,67.8,7.9,4.0,0.0,1.0,0,1
STU-008644,2025,information_technology,7.6,63.3,24.8,51.1,7.6,1.0,2.0,4.0,0,0
STU-008645,2025,mechanical,6.64,30.2,48.5,63.6,11.1,2.0,0.0,1.0,0,1
STU-008646,2025,computer_science,5.01,30.6,26.9,67.7,23.5,2.0,0.0,4.0,0,1
STU-008647,2026,mechanical,8.18,61.4,36.2,59.2,3.8,1.0,1.0,0.0,0,0
STU-008648,2025,electronics,4.21,67.8,17.4,45.0,9.2,3.0,1.0,0.0,0,0
STU-008649,2026,information_technology,7.06,60.1,47.2,57.1,18.2,0.0,2.0,1.0,0,1
STU-008650,2026,computer_science,7.89,67.5,62.9,77.7,24.4,3.0,0.0,,2,0
STU-008651,2025,computer_science,8.68,60.5,69.9,41.0,20.8,3.0,1.0,4.0,1,0
STU-008652,2027,information_technology,5.25,68.9,65.0,84.8,4.5,2.0,0.0,2.0,0,0
STU-008653,2027,civil,6.51,66.3,69.1,63.3,8.4,,0.0,2.0,1,0
STU-008654,2024,electronics,8.35,45.4,41.2,72.0,7.6,1.0,1.0,2.0,0,0
STU-008655,2025,information_technology,,67.6,48.1,47.2,4.0,0.0,0.0,1.0,0,0
STU-008656,2025,information_technology,8.57,,64.6,59.9,10.4,2.0,1.0,4.0,1,1
STU-008657,2025,mechanical,10.0,70.7,70.5,52.7,5.9,1.0,1.0,2.0,0,0
STU-008658,2026,computer_science,6.52,52.8,76.5,66.1,6.1,1.0,1.0,2.0,1,0
STU-008659,2026,computer_science,7.53,61.5,52.2,46.7,40.0,1.0,0.0,2.0,0,1
STU-008660,2026,electronics,6.7,62.3,66.9,53.3,7.4,5.0,0.0,0.0,2,1
STU-008661,2025,computer_science,4.83,57.9,43.9,90.9,14.3,1.0,0.0,2.0,1,0
STU-008662,2025,computer_science,7.0,79.3,61.1,71.1,6.1,4.0,1.0,3.0,0,1
STU-008663,2027,information_technology,4.81,54.1,52.8,67.3,4.9,3.0,0.0,1.0,1,0
STU-008664,2027,computer_science,6.5,59.8,52.6,67.1,6.6,1.0,0.0,7.0,2,0
STU-008665,2024,civil,5.41,74.8,32.1,82.4,8.2,2.0,1.0,1.0,0,0
STU-008666,2026,,7.6,87.7,62.1,60.2,12.0,3.0,1.0,4.0,0,1
STU-008667,2026,civil,6.2,56.1,62.8,75.1,12.1,2.0,0.0,3.0,0,0
STU-008668,2026,civil,5.05,46.4,49.0,29.0,9.0,3.0,1.0,5.0,1,0
STU-008669,2026,computer_science,8.1,53.3,12.4,60.3,1.8,2.0,1.0,1.0,1,0
STU-008670,2027,information_technology,6.41,63.6,49.6,57.7,19.4,4.0,2.0,3.0,0,1
STU-008671,2024,electronics,6.6,54.2,64.9,54.7,,1.0,0.0,3.0,1,1
STU-008672,2025,computer_science,5.98,29.7,34.2,72.4,17.1,1.0,1.0,1.0,0,0
STU-008673,2027,civil,8.42,77.7,78.8,60.1,11.0,2.0,2.0,3.0,2,1
STU-008674,2025,computer_science,7.41,71.1,46.2,,,2.0,0.0,2.0,0,0
STU-008675,2024,information_technology,6.39,74.0,47.1,51.0,23.2,2.0,1.0,0.0,0,0
STU-008676,2027,electronics,4.9,74.0,50.1,56.5,21.9,2.0,1.0,1.0,0,0
STU-008677,2027,civil,9.99,66.8,51.3,,10.7,3.0,2.0,0.0,0,1
STU-008678,2026,electronics,9.38,66.7,80.0,57.6,16.1,2.0,1.0,2.0,1,1
STU-008679,2027,electronics,8.76,76.6,83.5,42.2,9.4,1.0,0.0,3.0,0,1
STU-008680,2026,computer_science,6.29,38.4,33.5,83.6,9.3,1.0,3.0,0.0,3,0
STU-008681,2024,electronics,6.52,51.8,49.9,72.3,8.4,0.0,0.0,1.0,0,0
STU-008682,2026,electronics,7.56,58.2,89.4,74.8,19.4,4.0,1.0,4.0,2,0
STU-008683,2027,information_technology,6.07,70.0,70.0,43.5,14.4,2.0,0.0,2.0,1,0
STU-008684,2027,mechanical,5.96,47.8,,73.7,14.7,2.0,0.0,,0,0
STU-008685,2025,computer_science,8.78,50.9,81.9,52.7,7.7,3.0,0.0,1.0,1,0
STU-008686,2024,computer_science,7.04,51.6,0.0,65.9,18.0,3.0,1.0,1.0,1,0
STU-008687,2027,civil,5.81,62.7,60.7,59.4,18.2,2.0,0.0,2.0,1,0
STU-008688,2025,computer_science,8.2,59.4,45.2,42.7,3.0,2.0,0.0,2.0,0,1
STU-008689,2024,electronics,6.44,35.1,60.6,47.5,31.0,4.0,2.0,3.0,1,1
STU-008690,2027,information_technology,4.82,34.8,50.5,71.2,7.4,3.0,0.0,2.0,2,0
STU-008691,2026,civil,5.79,57.6,52.5,70.8,14.8,1.0,0.0,2.0,1,0
STU-008692,2025,computer_science,6.51,59.6,63.0,42.8,5.3,,1.0,4.0,1,0
STU-008693,2024,computer_science,7.35,59.1,48.0,77.9,7.8,,0.0,4.0,0,1
STU-008694,2024,mechanical,7.3,51.5,46.0,56.7,23.0,1.0,1.0,1.0,0,0
STU-008695,2027,electronics,8.51,72.8,76.9,44.1,5.1,4.0,0.0,1.0,0,0
STU-008696,2026,information_technology,6.83,63.2,54.4,54.3,13.0,1.0,0.0,2.0,0,0
STU-008697,2024,information_technology,6.56,62.2,43.6,43.0,9.1,2.0,1.0,2.0,1,1
STU-008698,2025,information_technology,8.53,66.6,58.1,51.8,2.5,2.0,1.0,1.0,1,0
STU-008699,2024,civil,8.23,84.4,55.4,55.3,15.8,4.0,0.0,3.0,0,1
STU-008700,2024,electronics,6.85,42.3,48.5,69.2,,3.0,0.0,1.0,0,0
STU-008701,2025,civil,7.44,52.6,64.3,73.4,10.5,3.0,2.0,4.0,0,0
STU-008702,2026,civil,6.55,52.1,38.4,76.9,18.1,1.0,0.0,2.0,0,0
STU-008703,2025,information_technology,5.76,74.4,75.9,73.0,8.2,0.0,1.0,4.0,0,0
STU-008704,2025,electronics,9.63,57.6,69.3,35.4,7.9,0.0,0.0,2.0,3,0
STU-008705,2026,,6.48,45.1,21.7,41.8,18.8,1.0,1.0,1.0,0,0
STU-008706,2026,mechanical,7.44,57.3,61.4,77.4,8.1,4.0,1.0,2.0,2,0
STU-008707,2024,electronics,5.36,56.3,32.6,55.5,22.3,3.0,0.0,1.0,1,1
STU-008708,2024,computer_science,7.95,77.8,58.3,60.1,28.0,3.0,0.0,2.0,0,1
STU-008709,2024,civil,5.71,49.7,47.3,70.9,9.9,5.0,1.0,4.0,1,0
STU-008710,2025,electronics,9.03,51.7,,80.1,16.4,4.0,0.0,2.0,2,0
STU-008711,2026,mechanical,9.17,,75.0,68.6,23.9,,1.0,2.0,0,1
STU-008712,2024,information_technology,7.75,54.3,61.8,50.0,3.2,0.0,1.0,1.0,1,0
STU-008713,2027,information_technology,7.23,96.9,88.4,44.9,7.4,2.0,0.0,2.0,0,1
STU-008714,2026,electronics,6.88,63.5,42.2,47.0,14.0,2.0,0.0,2.0,1,1
STU-008715,2024,mechanical,7.05,67.1,78.4,79.1,13.5,1.0,0.0,2.0,0,0
STU-008716,2024,computer_science,7.57,59.1,81.0,74.0,15.0,3.0,0.0,1.0,1,0
STU-008717,2025,information_technology,7.2,60.5,61.5,62.6,9.8,2.0,1.0,2.0,0,0
STU-008718,2024,mechanical,8.23,72.3,67.7,42.0,9.9,2.0,2.0,2.0,1,0
STU-008719,2026,civil,6.04,64.5,67.3,74.5,18.3,1.0,0.0,2.0,0,0
STU-008720,2024,computer_science,8.86,67.0,57.1,64.7,15.8,1.0,0.0,1.0,0,0
STU-008721,2027,computer_science,6.61,57.5,44.9,51.3,1.0,2.0,1.0,1.0,1,0
STU-008722,2026,information_technology,6.24,51.2,44.3,61.2,16.9,1.0,0.0,1.0,1,0
STU-008723,2027,computer_science,7.52,65.4,62.0,69.1,9.9,2.0,1.0,2.0,0,1
STU-008724,2027,,7.59,60.4,49.4,55.8,12.9,3.0,,1.0,0,0
STU-008725,2026,information_technology,5.1,86.2,35.1,47.5,2.0,0.0,0.0,0.0,0,0
STU-008726,2027,electronics,6.55,72.9,35.6,64.6,14.9,1.0,0.0,3.0,1,1
STU-008727,2027,information_technology,4.6,43.1,28.7,65.5,38.0,1.0,1.0,2.0,1,0
STU-008728,2025,information_technology,6.32,39.1,41.4,35.5,2.1,3.0,0.0,4.0,0,0
STU-008729,2024,civil,6.37,50.8,42.0,,19.2,0.0,0.0,,2,0
STU-008730,2025,information_technology,7.44,,58.6,50.2,17.1,3.0,0.0,0.0,0,0
STU-008731,2025,mechanical,6.19,49.5,38.6,68.7,5.0,0.0,3.0,1.0,1,0
STU-008732,2026,computer_science,6.47,42.4,61.2,38.2,6.4,1.0,0.0,1.0,0,0
STU-008733,2025,mechanical,8.6,56.3,94.9,44.2,8.8,1.0,1.0,3.0,1,1
STU-008734,2026,mechanical,9.47,58.2,86.1,29.2,9.7,4.0,0.0,0.0,0,1
STU-008735,2027,computer_science,6.04,,33.1,67.8,14.4,5.0,1.0,2.0,0,0
STU-008736,2025,electronics,8.27,57.4,55.0,41.0,4.9,3.0,2.0,2.0,0,1
STU-008737,2026,electronics,7.55,45.6,35.6,43.4,8.5,1.0,0.0,0.0,0,0
STU-008738,2025,information_technology,5.1,72.4,50.7,60.7,17.8,2.0,,0.0,0,0
STU-008739,2027,mechanical,6.19,62.4,56.1,59.8,2.0,0.0,1.0,0.0,1,0
STU-008740,2026,computer_science,4.0,43.8,46.0,,17.8,2.0,1.0,0.0,1,0
STU-008741,2024,information_technology,7.47,45.7,39.0,72.3,5.1,2.0,2.0,1.0,1,0
STU-008742,2026,civil,5.86,33.7,39.4,77.8,19.6,3.0,2.0,2.0,1,0
STU-008743,2024,computer_science,7.25,35.4,72.3,84.6,5.5,0.0,0.0,3.0,1,1
STU-008744,2027,computer_science,10.0,79.7,73.7,76.6,5.6,7.0,0.0,1.0,1,0
STU-008745,2026,computer_science,8.93,76.0,48.0,66.7,9.8,,1.0,3.0,0,0
STU-008746,2025,civil,6.22,47.7,30.0,65.0,11.6,0.0,0.0,2.0,1,0
STU-008747,2026,computer_science,5.94,,49.5,70.6,9.1,2.0,2.0,2.0,1,0
STU-008748,2027,computer_science,8.59,70.4,59.3,33.7,7.0,4.0,0.0,1.0,0,0
STU-008749,2027,electronics,5.94,58.9,28.9,59.8,16.2,2.0,0.0,1.0,2,0
STU-008750,2026,electronics,8.24,73.4,54.7,36.4,,2.0,1.0,0.0,1,0
STU-008751,2027,information_technology,10.0,73.3,58.8,51.7,15.7,5.0,0.0,2.0,0,0
STU-008752,2025,civil,7.88,62.1,48.5,41.3,7.5,2.0,1.0,1.0,0,1
STU-008753,2027,computer_science,8.46,57.3,53.6,67.4,15.1,1.0,0.0,2.0,2,1
STU-008754,2027,electronics,8.33,59.0,65.0,70.4,4.7,2.0,1.0,1.0,4,0
STU-008755,2024,electronics,6.46,32.8,54.4,79.0,11.2,3.0,2.0,2.0,0,0
STU-008756,2025,computer_science,7.43,46.9,78.1,48.5,4.1,4.0,2.0,1.0,0,1
STU-008757,2025,mechanical,6.0,,54.4,52.8,7.7,3.0,3.0,1.0,1,0
STU-008758,2024,information_technology,8.58,48.8,75.0,77.2,13.7,1.0,1.0,2.0,0,0
STU-008759,2025,computer_science,5.85,,27.9,54.8,8.8,2.0,0.0,3.0,0,0
STU-008760,2025,computer_science,7.91,73.4,61.2,51.9,,1.0,0.0,2.0,0,0
STU-008761,2026,computer_science,8.4,64.5,54.3,72.0,7.2,2.0,1.0,7.0,0,1
STU-008762,2024,mechanical,6.53,61.6,65.4,69.3,14.9,0.0,2.0,3.0,0,0
STU-008763,2025,computer_science,6.27,54.2,56.4,75.4,5.3,1.0,0.0,2.0,1,0
STU-008764,2026,civil,6.9,71.5,81.4,68.8,24.5,1.0,1.0,2.0,0,0
STU-008765,2025,computer_science,6.07,79.1,35.5,56.5,20.1,2.0,,2.0,1,0
STU-008766,2026,civil,7.28,50.7,44.0,81.2,11.8,3.0,3.0,2.0,1,1
STU-008767,2027,mechanical,6.05,65.6,57.0,74.4,10.6,2.0,0.0,3.0,0,1
STU-008768,2027,computer_science,6.13,73.0,49.3,61.8,9.1,3.0,1.0,4.0,0,1
STU-008769,2026,computer_science,7.73,50.8,41.9,74.4,14.3,1.0,0.0,3.0,1,0
STU-008770,2024,mechanical,7.81,82.3,64.6,61.8,18.1,1.0,3.0,2.0,1,0
STU-008771,2024,computer_science,,74.3,45.6,49.0,3.2,1.0,1.0,2.0,1,0
STU-008772,2027,computer_science,5.21,35.8,55.5,,12.3,3.0,2.0,2.0,1,0
STU-008773,2026,mechanical,8.45,84.8,31.9,89.0,1.7,5.0,1.0,5.0,0,1
STU-008774,2027,,6.58,39.3,48.3,76.6,13.7,2.0,1.0,3.0,0,1
STU-008775,2026,mechanical,9.47,52.6,67.6,67.8,12.8,1.0,0.0,3.0,0,1
STU-008776,2024,mechanical,6.95,68.2,57.7,49.4,3.4,1.0,0.0,4.0,1,0
STU-008777,2026,information_technology,7.26,74.1,67.9,45.4,4.6,4.0,0.0,0.0,1,0
STU-008778,2027,mechanical,6.6,58.7,,58.6,8.1,2.0,0.0,2.0,0,1
STU-008779,2027,information_technology,7.38,49.3,64.1,53.5,5.3,3.0,3.0,2.0,0,1
STU-008780,2025,mechanical,10.0,60.1,65.8,62.2,2.7,0.0,0.0,2.0,0,0
STU-008781,2026,electronics,6.7,51.7,66.3,,5.0,3.0,0.0,1.0,2,1
STU-008782,2024,electronics,8.57,73.8,35.1,42.1,17.6,1.0,0.0,0.0,3,0
STU-008783,2027,civil,7.2,52.3,11.5,50.3,13.1,4.0,0.0,0.0,0,0
STU-008784,2025,information_technology,8.45,51.1,82.1,57.0,11.6,2.0,1.0,4.0,2,0
STU-008785,2027,electronics,4.88,31.6,36.8,68.1,11.1,1.0,0.0,2.0,1,0
STU-008786,2025,information_technology,9.34,53.8,35.4,68.6,8.0,2.0,1.0,1.0,0,1
STU-008787,2026,computer_science,7.49,57.2,54.2,47.5,3.4,1.0,0.0,3.0,0,0
STU-008788,2026,computer_science,6.79,40.6,45.4,44.9,9.7,2.0,1.0,,0,1
STU-008789,2025,civil,8.14,34.1,65.8,48.7,1.8,1.0,1.0,1.0,2,0
STU-008790,2027,information_technology,7.27,73.2,64.4,73.2,,1.0,1.0,2.0,0,0
STU-008791,2027,electronics,5.78,40.6,43.0,55.4,5.6,2.0,0.0,3.0,1,0
STU-008792,2027,electronics,4.31,33.0,60.0,63.5,4.8,3.0,0.0,3.0,0,0
STU-008793,2025,mechanical,9.2,85.9,43.2,67.8,15.0,4.0,0.0,4.0,0,0
STU-008794,2027,electronics,6.84,70.4,14.4,79.2,8.1,3.0,0.0,6.0,0,0
STU-008795,2026,computer_science,6.4,72.2,55.1,44.9,38.6,1.0,0.0,0.0,0,1
STU-008796,2026,information_technology,6.48,64.5,48.6,79.0,14.0,2.0,0.0,0.0,3,0
STU-008797,2026,electronics,8.78,81.2,29.9,70.1,19.6,2.0,0.0,3.0,0,0
STU-008798,2026,computer_science,6.54,70.3,63.5,85.3,18.7,3.0,2.0,0.0,0,1
STU-008799,2024,information_technology,7.84,54.5,29.5,81.7,8.3,3.0,0.0,3.0,1,0
STU-008800,2025,computer_science,6.72,,51.9,63.5,11.0,3.0,2.0,1.0,2,1
STU-008801,2024,computer_science,5.66,,62.7,51.5,10.1,3.0,0.0,1.0,1,0
STU-008802,2025,civil,8.14,58.2,63.9,71.3,3.7,1.0,,2.0,0,0
STU-008803,2024,civil,8.37,44.2,63.9,46.3,18.9,2.0,0.0,1.0,0,0
STU-008804,2025,electronics,6.32,44.7,44.2,65.0,8.3,4.0,0.0,3.0,1,0
STU-008805,2027,computer_science,7.06,55.8,58.1,51.6,6.9,3.0,1.0,4.0,0,0
STU-008806,2026,civil,7.21,79.4,64.5,58.6,4.6,3.0,2.0,2.0,2,0
STU-008807,2024,electronics,7.61,36.6,46.5,31.5,27.3,1.0,3.0,2.0,0,0
STU-008808,2027,civil,9.37,63.2,45.2,60.8,9.9,4.0,0.0,2.0,2,0
STU-008809,2027,computer_science,6.73,38.7,,63.7,13.0,1.0,0.0,4.0,0,0
STU-008810,2027,computer_science,6.72,,85.4,54.5,8.5,1.0,,0.0,0,1
STU-008811,2027,electronics,6.9,71.7,80.0,60.8,10.0,3.0,0.0,4.0,1,0
STU-008812,2027,civil,6.02,43.3,6.4,46.8,5.5,5.0,0.0,2.0,0,0
STU-008813,2026,computer_science,5.12,50.3,68.8,72.9,5.8,2.0,0.0,4.0,0,0
STU-008814,2027,computer_science,7.25,60.6,45.2,62.3,6.5,2.0,0.0,2.0,2,0
STU-008815,2027,electronics,7.71,69.9,88.4,93.3,23.6,3.0,1.0,1.0,1,1
STU-008816,2025,civil,7.1,50.0,37.8,66.1,25.1,2.0,0.0,1.0,2,0
STU-008817,2027,mechanical,7.03,77.0,35.9,67.4,12.9,3.0,0.0,1.0,0,0
STU-008818,2027,civil,6.07,,50.4,55.4,12.6,1.0,0.0,4.0,0,0
STU-008819,2027,electronics,7.39,66.0,49.7,78.7,6.5,2.0,1.0,2.0,1,0
STU-008820,2027,mechanical,7.3,55.7,50.2,56.0,15.1,1.0,2.0,2.0,1,0
STU-008821,2025,information_technology,7.65,70.4,73.6,86.2,13.0,3.0,2.0,2.0,1,1
STU-008822,2025,computer_science,7.47,89.4,77.9,85.8,13.3,0.0,2.0,4.0,0,1
STU-008823,2026,electronics,7.55,54.9,41.2,54.8,3.4,5.0,1.0,5.0,0,0
STU-008824,2027,electronics,8.62,61.0,89.4,58.1,28.7,2.0,2.0,5.0,1,1
STU-008825,2027,information_technology,7.76,53.0,37.1,51.8,8.9,4.0,0.0,1.0,1,0
STU-008826,2027,computer_science,7.65,50.5,47.3,43.3,,3.0,0.0,,0,0
STU-008827,2027,,5.1,43.7,90.5,66.1,9.4,1.0,0.0,0.0,0,0
STU-008828,2027,mechanical,8.31,60.3,66.5,62.1,6.3,3.0,1.0,1.0,3,0
STU-008829,2024,information_technology,6.76,45.9,42.9,71.3,10.1,2.0,0.0,0.0,0,0
STU-008830,2027,civil,7.19,47.2,60.3,61.3,11.3,2.0,2.0,4.0,0,0
STU-008831,2024,information_technology,5.64,7.8,61.5,74.2,15.3,1.0,0.0,2.0,0,0
STU-008832,2026,computer_science,9.5,83.8,70.7,61.3,5.4,1.0,0.0,,1,1
STU-008833,2024,computer_science,4.25,77.2,65.8,59.3,7.1,4.0,1.0,3.0,2,0
STU-008834,2026,information_technology,8.81,71.4,47.5,63.2,8.1,5.0,0.0,1.0,0,0
STU-008835,2025,computer_science,7.59,46.1,46.2,72.6,6.6,3.0,1.0,2.0,0,0
STU-008836,2024,electronics,4.91,34.9,31.5,56.8,24.7,0.0,0.0,2.0,1,0
STU-008837,2026,mechanical,9.44,39.4,50.6,74.7,8.6,3.0,0.0,3.0,0,0
STU-008838,2027,information_technology,7.69,69.0,58.5,51.7,20.3,3.0,0.0,3.0,0,1
STU-008839,2024,mechanical,4.39,71.8,26.5,57.6,,3.0,0.0,3.0,0,0
STU-008840,2026,civil,6.61,59.7,58.4,35.9,15.3,3.0,1.0,2.0,0,0
STU-008841,2024,information_technology,7.71,72.3,68.6,57.2,5.8,,0.0,2.0,2,0
STU-008842,2024,computer_science,9.07,68.8,42.5,,17.7,2.0,0.0,2.0,0,0
STU-008843,2024,computer_science,,45.7,42.8,69.8,10.5,0.0,1.0,3.0,1,0
STU-008844,2026,electronics,4.06,67.3,34.5,69.1,4.6,4.0,0.0,3.0,1,0
STU-008845,2027,information_technology,8.78,75.7,58.4,79.0,4.7,4.0,0.0,2.0,0,0
STU-008846,2026,electronics,7.67,44.5,54.9,85.3,2.4,1.0,0.0,4.0,1,0
STU-008847,2027,,4.53,65.2,60.5,59.7,14.4,3.0,1.0,2.0,0,0
STU-008848,2026,electronics,7.49,56.8,73.6,51.7,8.2,4.0,0.0,0.0,2,1
STU-008849,2027,computer_science,7.62,55.3,43.7,68.6,13.3,,0.0,1.0,0,0
STU-008850,2027,computer_science,6.73,63.3,65.7,56.6,19.7,1.0,0.0,2.0,0,1
STU-008851,2025,information_technology,6.15,61.7,75.0,53.5,2.8,3.0,0.0,4.0,2,1
STU-008852,2024,mechanical,6.4,70.1,73.2,61.8,8.0,3.0,0.0,2.0,1,0
STU-008853,2024,electronics,6.73,44.7,57.4,53.8,3.3,4.0,0.0,2.0,1,0
STU-008854,2026,electronics,7.51,67.5,56.1,90.8,6.8,4.0,0.0,3.0,1,0
STU-008855,2026,electronics,8.01,42.6,35.2,58.3,3.9,3.0,1.0,2.0,0,1
STU-008856,2025,information_technology,4.63,50.6,38.5,,24.9,1.0,1.0,2.0,0,0
STU-008857,2027,computer_science,7.39,57.1,31.2,73.3,7.7,0.0,0.0,3.0,2,0
STU-008858,2027,computer_science,7.66,73.9,77.0,92.7,28.7,2.0,0.0,3.0,0,1
STU-008859,2025,computer_science,7.29,58.7,51.7,58.8,13.4,3.0,0.0,0.0,1,0
STU-008860,2025,computer_science,6.63,53.3,52.1,35.8,13.7,4.0,2.0,1.0,0,1
STU-008861,2025,computer_science,8.73,82.9,51.4,60.9,5.4,1.0,0.0,5.0,0,1
STU-008862,2025,mechanical,8.65,54.9,37.6,38.1,6.5,4.0,1.0,3.0,0,1
STU-008863,2027,computer_science,6.68,50.3,65.8,54.8,8.0,1.0,1.0,2.0,2,0
STU-008864,2026,computer_science,7.0,,,83.0,13.9,1.0,1.0,2.0,1,0
STU-008865,2024,computer_science,7.99,56.7,74.8,50.8,,3.0,0.0,1.0,0,1
STU-008866,2026,computer_science,8.58,47.1,31.5,47.4,3.3,1.0,1.0,2.0,0,0
STU-008867,2024,computer_science,6.16,52.6,74.1,74.0,12.7,3.0,1.0,1.0,0,0
STU-008868,2025,computer_science,5.9,59.4,48.5,58.9,3.1,1.0,0.0,3.0,0,0
STU-008869,2025,computer_science,7.42,42.6,69.9,78.9,12.0,2.0,0.0,1.0,0,1
STU-008870,2026,civil,5.81,43.3,5.4,58.1,24.2,4.0,2.0,2.0,0,0
STU-008871,2026,computer_science,4.86,29.7,53.4,71.0,6.0,2.0,1.0,3.0,0,0
STU-008872,2027,computer_science,6.16,48.7,50.4,40.4,16.6,1.0,1.0,4.0,4,0
STU-008873,2024,information_technology,7.58,45.0,53.6,48.9,11.7,2.0,1.0,3.0,0,0
STU-008874,2027,computer_science,8.89,93.9,60.9,59.4,,3.0,0.0,1.0,2,0
STU-008875,2024,information_technology,6.28,79.1,42.0,56.3,1.5,0.0,1.0,1.0,0,0
STU-008876,2025,information_technology,6.96,78.0,30.8,97.0,9.3,3.0,0.0,2.0,2,0
STU-008877,2027,mechanical,7.28,39.1,34.6,76.2,25.4,1.0,1.0,4.0,1,1
STU-008878,2026,civil,6.35,54.0,52.9,75.9,10.8,4.0,0.0,3.0,1,0
STU-008879,2024,electronics,6.26,38.5,74.3,59.6,21.7,2.0,2.0,1.0,1,0
STU-008880,2026,computer_science,7.49,86.6,75.8,42.5,,3.0,1.0,0.0,0,1
STU-008881,2027,information_technology,5.72,67.9,53.8,85.4,12.2,1.0,0.0,3.0,0,0
STU-008882,2027,,6.22,40.6,43.6,39.3,17.2,2.0,2.0,1.0,1,0
STU-008883,2026,mechanical,6.87,63.3,89.5,,3.6,2.0,0.0,2.0,0,0
STU-008884,2024,computer_science,7.47,36.7,68.5,70.0,15.5,0.0,0.0,1.0,1,0
STU-008885,2026,electronics,5.36,52.7,,98.5,19.5,2.0,1.0,,1,1
STU-008886,2024,computer_science,6.95,55.3,32.1,,8.2,0.0,1.0,2.0,0,1
STU-008887,2024,information_technology,5.62,66.3,53.8,70.7,9.0,4.0,0.0,2.0,0,0
STU-008888,2026,computer_science,6.31,71.4,31.2,92.1,21.3,2.0,1.0,6.0,2,1
STU-008889,2027,information_technology,8.01,60.3,94.4,55.1,6.9,2.0,0.0,2.0,1,0
STU-008890,2024,electronics,7.02,54.7,40.8,68.3,12.4,0.0,0.0,4.0,0,0
STU-008891,2027,electronics,9.02,13.5,52.8,82.4,10.5,0.0,0.0,2.0,0,0
STU-008892,2026,computer_science,7.02,81.5,44.0,42.4,27.9,2.0,2.0,3.0,0,1
STU-008893,2027,computer_science,8.21,50.6,53.6,67.3,15.8,1.0,0.0,0.0,0,0
STU-008894,2025,mechanical,8.01,,70.5,68.2,8.9,0.0,0.0,3.0,0,0
STU-008895,2025,information_technology,7.08,92.1,55.4,67.8,10.7,,0.0,1.0,0,0
STU-008896,2024,electronics,5.59,37.3,50.1,47.4,1.6,3.0,0.0,3.0,1,0
STU-008897,2025,information_technology,6.98,58.3,67.1,68.1,21.5,2.0,0.0,0.0,2,1
STU-008898,2025,electronics,6.49,64.4,27.2,66.1,13.6,3.0,2.0,2.0,1,0
STU-008899,2025,electronics,6.44,73.3,65.5,54.3,7.7,3.0,0.0,3.0,1,1
STU-008900,2024,computer_science,7.28,58.6,58.4,72.9,13.8,3.0,1.0,1.0,1,0
STU-008901,2025,information_technology,5.43,72.5,36.8,80.9,15.8,2.0,1.0,3.0,0,0
STU-008902,2027,information_technology,6.1,50.0,53.6,52.2,11.4,1.0,0.0,1.0,0,0
STU-008903,2027,computer_science,5.94,64.0,52.7,68.9,11.8,2.0,0.0,3.0,0,0
STU-008904,2025,electronics,,63.8,9.6,81.3,2.6,4.0,0.0,1.0,2,0
STU-008905,2027,computer_science,6.22,55.1,75.2,81.6,14.1,3.0,3.0,0.0,0,0
STU-008906,2025,computer_science,6.29,61.4,72.7,59.8,14.3,0.0,0.0,,0,0
STU-008907,2025,mechanical,7.26,45.4,33.8,77.0,20.1,1.0,1.0,0.0,1,0
STU-008908,2027,mechanical,6.59,52.7,40.5,58.6,17.8,3.0,0.0,1.0,0,0
STU-008909,2026,computer_science,7.11,38.9,78.4,73.4,7.7,5.0,0.0,2.0,3,0
STU-008910,2025,electronics,5.82,49.0,61.6,51.7,12.7,2.0,,2.0,0,0
STU-008911,2025,computer_science,6.15,73.4,58.2,40.7,12.7,1.0,0.0,4.0,1,0
STU-008912,2026,electronics,9.45,69.2,72.2,69.5,16.1,1.0,3.0,1.0,1,1
STU-008913,2026,information_technology,6.3,61.2,58.5,74.3,8.0,0.0,1.0,,0,0
STU-008914,2025,mechanical,4.68,29.4,27.6,71.9,13.8,4.0,2.0,2.0,0,0
STU-008915,2026,information_technology,7.49,63.8,47.4,50.6,20.2,2.0,0.0,0.0,0,1
STU-008916,2025,information_technology,6.29,,69.1,27.4,11.0,2.0,2.0,1.0,2,0
STU-008917,2026,,7.38,66.8,67.7,74.2,10.8,2.0,0.0,2.0,1,0
STU-008918,2025,computer_science,7.0,78.7,59.8,82.4,4.9,2.0,0.0,0.0,0,0
STU-008919,2027,computer_science,7.73,53.3,46.9,35.5,16.8,2.0,1.0,2.0,0,0
STU-008920,2027,information_technology,6.99,53.2,71.8,57.7,9.4,3.0,0.0,2.0,1,0
STU-008921,2025,electronics,6.84,71.5,37.9,48.9,8.2,3.0,,1.0,3,0
STU-008922,2027,computer_science,8.42,51.8,85.9,65.4,10.7,4.0,1.0,4.0,0,1
STU-008923,2024,electronics,4.55,54.4,32.9,80.7,5.7,3.0,0.0,1.0,0,0
STU-008924,2025,information_technology,5.58,25.2,34.5,58.7,17.6,5.0,1.0,,1,1
STU-008925,2026,electronics,6.15,51.7,52.1,54.9,15.0,1.0,1.0,4.0,0,1
STU-008926,2026,civil,5.15,73.9,51.2,67.5,11.3,4.0,0.0,3.0,1,0
STU-008927,2027,information_technology,6.55,62.1,54.8,32.3,7.7,3.0,3.0,2.0,0,0
STU-008928,2027,information_technology,6.44,70.4,30.3,73.7,11.8,2.0,0.0,0.0,0,0
STU-008929,2025,information_technology,8.22,74.8,67.0,76.8,12.1,3.0,2.0,1.0,1,1
STU-008930,2025,computer_science,7.0,78.2,71.6,62.1,24.9,2.0,1.0,1.0,1,1
STU-008931,2026,mechanical,6.86,52.5,53.0,55.8,25.7,5.0,4.0,2.0,0,1
STU-008932,2025,mechanical,6.66,71.5,,58.1,6.7,5.0,0.0,3.0,0,1
STU-008933,2024,mechanical,5.89,89.5,47.0,58.1,7.2,4.0,0.0,3.0,0,1
STU-008934,2027,civil,8.12,59.9,40.2,61.2,19.6,1.0,1.0,3.0,0,0
STU-008935,2027,information_technology,8.49,41.2,28.1,40.2,6.9,2.0,1.0,2.0,0,0
STU-008936,2027,electronics,5.71,46.5,40.5,67.8,16.3,1.0,1.0,4.0,0,0
STU-008937,2025,computer_science,8.96,69.0,90.5,56.9,15.3,2.0,3.0,1.0,0,0
STU-008938,2024,civil,6.33,31.7,50.9,62.3,7.1,5.0,2.0,1.0,1,0
STU-008939,2026,electronics,6.23,45.0,47.3,53.9,11.8,2.0,0.0,2.0,1,0
STU-008940,2027,computer_science,7.64,54.3,69.6,67.3,3.6,2.0,0.0,2.0,0,0
STU-008941,2024,mechanical,7.75,61.1,68.4,80.6,13.8,1.0,0.0,3.0,0,1
STU-008942,2024,electronics,7.02,85.0,30.2,64.9,13.2,3.0,1.0,3.0,0,0
STU-008943,2024,civil,6.7,67.7,85.6,39.1,11.2,2.0,1.0,2.0,0,0
STU-008944,2027,mechanical,8.45,44.2,64.2,62.1,8.1,2.0,1.0,3.0,1,0
STU-008945,2027,mechanical,6.38,100.0,67.9,64.9,2.0,2.0,2.0,2.0,0,0
STU-008946,2026,information_technology,7.02,57.8,45.0,61.2,21.2,1.0,0.0,1.0,0,0
STU-008947,2024,information_technology,9.05,,30.0,51.3,5.3,,1.0,1.0,0,0
STU-008948,2027,electronics,,39.5,47.3,61.4,12.8,1.0,2.0,1.0,0,0
STU-008949,2026,computer_science,6.57,41.7,34.6,73.8,8.4,,0.0,1.0,0,1
STU-008950,2024,computer_science,8.28,40.3,,57.9,8.3,1.0,0.0,0.0,0,0
STU-008951,2025,civil,7.71,67.1,33.7,81.3,14.8,4.0,0.0,1.0,0,0
STU-008952,2026,civil,8.13,20.3,,52.9,,2.0,0.0,1.0,0,0
STU-008953,2025,civil,5.58,69.9,59.5,47.6,1.6,3.0,0.0,2.0,0,0
STU-008954,2027,computer_science,7.47,71.2,64.1,58.8,10.6,2.0,0.0,6.0,1,1
STU-008955,2026,,6.77,50.7,45.6,33.5,19.2,3.0,0.0,0.0,0,1
STU-008956,2025,civil,9.71,77.2,35.6,61.9,4.9,1.0,1.0,0.0,0,0
STU-008957,2026,computer_science,8.03,43.7,33.5,57.4,24.8,3.0,0.0,2.0,0,1
STU-008958,2026,information_technology,7.07,45.5,42.4,71.6,3.3,1.0,1.0,1.0,0,0
STU-008959,2024,information_technology,7.43,67.1,,38.1,7.8,4.0,0.0,5.0,0,0
STU-008960,2026,mechanical,7.16,55.2,54.4,72.7,4.5,3.0,0.0,3.0,3,0
STU-008961,2025,information_technology,7.9,50.4,45.7,64.2,6.3,2.0,0.0,0.0,0,0
STU-008962,2025,computer_science,6.12,54.5,29.5,84.2,22.7,5.0,0.0,2.0,1,0
STU-008963,2026,information_technology,8.67,81.1,37.5,59.6,4.6,4.0,0.0,1.0,3,0
STU-008964,2026,computer_science,5.58,74.4,22.2,66.8,11.1,4.0,0.0,1.0,1,0
STU-008965,2025,electronics,7.34,65.1,55.4,70.9,6.6,2.0,1.0,3.0,3,0
STU-008966,2024,electronics,6.15,51.0,39.1,33.5,14.5,6.0,1.0,6.0,1,1
STU-008967,2026,electronics,7.15,66.1,56.0,77.6,9.8,0.0,0.0,3.0,1,0
STU-008968,2025,information_technology,8.24,47.5,58.6,60.2,9.8,4.0,2.0,3.0,1,1
STU-008969,2027,computer_science,5.13,71.8,44.1,44.2,5.9,3.0,0.0,0.0,0,1
STU-008970,2026,computer_science,6.91,72.1,65.6,60.9,22.9,3.0,0.0,1.0,0,0
STU-008971,2027,civil,5.44,83.9,23.7,78.4,13.1,4.0,0.0,2.0,0,0
STU-008972,2025,information_technology,6.78,45.5,65.2,57.2,12.4,1.0,3.0,4.0,0,0
STU-008973,2027,information_technology,5.44,41.0,55.4,63.5,15.2,0.0,0.0,1.0,1,0
STU-008974,2024,information_technology,7.29,66.8,52.8,34.0,6.6,1.0,0.0,0.0,0,0
STU-008975,2025,civil,6.61,53.1,39.7,50.0,18.2,1.0,2.0,2.0,0,0
STU-008976,2024,mechanical,7.96,74.9,59.5,71.9,13.5,2.0,,2.0,0,0
STU-008977,2024,computer_science,8.51,80.8,68.7,76.8,14.4,1.0,0.0,3.0,1,0
STU-008978,2027,electronics,7.11,83.8,,65.0,0.4,1.0,1.0,1.0,0,0
STU-008979,2026,information_technology,8.13,,69.9,70.2,9.2,4.0,1.0,3.0,0,1
STU-008980,2026,mechanical,8.69,74.6,91.3,56.4,8.2,4.0,0.0,0.0,0,0
STU-008981,2026,civil,6.04,48.3,50.1,62.3,12.2,3.0,0.0,2.0,2,0
STU-008982,2026,electronics,8.75,64.8,84.2,47.2,21.8,3.0,0.0,0.0,1,0
STU-008983,2026,mechanical,7.06,57.3,63.3,55.1,6.7,2.0,2.0,1.0,0,0
STU-008984,2027,information_technology,5.97,54.3,55.4,61.6,12.1,2.0,1.0,2.0,0,0
STU-008985,2026,information_technology,7.44,86.2,44.9,,14.2,2.0,0.0,3.0,0,1
STU-008986,2027,electronics,7.02,37.9,49.3,95.5,11.1,4.0,0.0,2.0,2,1
STU-008987,2025,electronics,5.48,54.9,32.3,52.1,7.4,2.0,0.0,2.0,0,0
STU-008988,2027,computer_science,5.83,56.5,66.4,64.9,3.7,3.0,2.0,1.0,0,1
STU-008989,2024,information_technology,8.98,71.6,50.3,44.5,2.1,1.0,1.0,2.0,0,0
STU-008990,2025,computer_science,7.42,42.4,86.6,19.7,7.8,2.0,0.0,1.0,0,0
STU-008991,2027,computer_science,8.8,57.1,69.7,86.0,7.4,0.0,1.0,1.0,0,1
STU-008992,2025,mechanical,6.62,48.3,60.2,62.8,11.2,4.0,1.0,1.0,0,0
STU-008993,2024,computer_science,6.18,22.6,29.2,31.6,22.4,3.0,1.0,0.0,1,1
STU-008994,2025,mechanical,5.16,71.8,59.0,47.6,8.6,3.0,0.0,1.0,3,0
STU-008995,2026,information_technology,8.21,38.4,56.1,91.0,2.7,1.0,1.0,6.0,2,0
STU-008996,2027,electronics,7.57,35.1,47.7,68.8,11.1,2.0,1.0,2.0,0,0
STU-008997,2027,civil,6.63,71.5,42.4,25.9,1.7,1.0,2.0,0.0,0,0
STU-008998,2026,mechanical,6.19,51.4,30.7,54.8,2.0,2.0,1.0,2.0,1,0
STU-008999,2027,mechanical,8.4,56.3,60.8,59.4,4.8,2.0,1.0,2.0,0,0
STU-009000,2026,computer_science,6.9,53.6,51.7,69.4,5.2,2.0,1.0,4.0,0,0
STU-009001,2027,information_technology,6.91,73.9,32.3,61.9,8.1,1.0,1.0,5.0,0,0
STU-009002,2025,electronics,6.41,48.5,61.4,37.7,15.4,0.0,2.0,5.0,0,1
STU-009003,2026,mechanical,6.63,66.2,89.7,53.1,6.9,0.0,2.0,4.0,1,0
STU-009004,2024,mechanical,7.73,42.3,33.7,49.3,10.7,1.0,0.0,1.0,1,0
STU-009005,2024,electronics,5.47,59.9,47.0,72.5,17.6,2.0,2.0,1.0,3,0
STU-009006,2026,computer_science,7.19,71.9,84.0,54.4,32.1,4.0,0.0,4.0,0,0
STU-009007,2024,computer_science,8.2,81.5,46.6,54.2,6.0,4.0,0.0,2.0,0,0
STU-009008,2026,civil,7.0,34.8,62.5,58.3,7.4,1.0,1.0,3.0,1,0
STU-009009,2026,information_technology,8.31,56.2,66.9,49.9,11.2,1.0,1.0,3.0,0,0
STU-009010,2024,electronics,8.64,85.3,72.8,83.1,10.4,4.0,1.0,1.0,0,1
STU-009011,2026,electronics,8.14,74.1,90.7,77.7,9.4,1.0,0.0,3.0,0,0
STU-009012,2026,civil,6.48,54.0,22.5,78.4,7.1,1.0,1.0,3.0,0,0
STU-009013,2027,mechanical,7.06,58.2,58.5,44.7,2.9,3.0,0.0,2.0,0,0
STU-009014,2025,computer_science,7.5,63.5,48.5,66.9,9.5,1.0,0.0,2.0,2,0
STU-009015,2027,mechanical,6.56,51.5,52.6,73.0,6.9,4.0,0.0,0.0,0,0
STU-009016,2027,computer_science,6.52,,,47.6,7.8,1.0,1.0,8.0,0,0
STU-009017,2026,information_technology,6.45,64.3,47.8,45.6,11.1,2.0,1.0,1.0,0,1
STU-009018,2025,mechanical,10.0,47.3,48.5,48.1,22.3,2.0,0.0,4.0,1,1
STU-009019,2026,computer_science,6.79,50.2,36.8,41.5,3.9,2.0,1.0,3.0,0,1
STU-009020,2027,computer_science,8.33,53.8,96.5,76.7,8.6,4.0,0.0,4.0,1,1
STU-009021,2025,electronics,6.1,52.4,27.9,75.4,3.7,4.0,0.0,5.0,0,0
STU-009022,2027,civil,9.06,66.2,84.1,57.5,18.3,1.0,0.0,7.0,1,0
STU-009023,2027,computer_science,,60.0,36.1,,17.1,1.0,0.0,0.0,0,1
STU-009024,2026,electronics,7.16,47.5,57.3,52.5,22.9,6.0,0.0,1.0,1,0
STU-009025,2027,information_technology,4.99,74.1,80.4,94.4,12.9,1.0,1.0,2.0,0,0
STU-009026,2026,information_technology,8.38,60.8,74.0,55.9,0.7,0.0,1.0,5.0,0,1
STU-009027,2027,electronics,8.63,83.2,37.1,54.6,12.1,,1.0,4.0,0,1
STU-009028,2027,information_technology,5.73,77.1,44.2,60.2,32.7,1.0,0.0,1.0,0,1
STU-009029,2024,mechanical,8.45,45.0,60.4,43.6,7.4,1.0,0.0,0.0,1,0
STU-009030,2024,electronics,5.56,47.8,66.8,65.7,6.0,3.0,0.0,1.0,0,0
STU-009031,2025,civil,7.83,53.4,59.1,82.0,7.0,7.0,0.0,1.0,0,0
STU-009032,2027,mechanical,6.77,62.2,51.4,59.6,14.2,3.0,0.0,2.0,1,1
STU-009033,2025,computer_science,8.64,72.2,90.8,73.2,5.2,2.0,1.0,3.0,0,1
STU-009034,2027,mechanical,7.39,61.0,83.4,34.6,17.6,2.0,0.0,1.0,1,0
STU-009035,2026,electronics,8.17,52.1,71.6,48.7,1.6,2.0,2.0,1.0,1,0
STU-009036,2025,computer_science,8.52,85.8,50.4,63.4,23.3,2.0,1.0,1.0,1,1
STU-009037,2027,electronics,6.77,51.0,9.0,36.1,7.6,4.0,1.0,0.0,1,0
STU-009038,2026,electronics,7.07,69.3,33.5,66.6,16.5,3.0,1.0,,1,1
STU-009039,2025,computer_science,5.82,55.1,24.0,,7.1,2.0,0.0,2.0,0,0
STU-009040,2024,information_technology,6.75,56.5,53.0,66.1,6.5,1.0,1.0,4.0,1,0
STU-009041,2024,information_technology,9.32,,,58.7,8.6,4.0,3.0,2.0,1,1
STU-009042,2024,information_technology,7.97,83.1,92.5,59.7,16.1,6.0,0.0,0.0,3,0
STU-009043,2025,mechanical,5.9,60.4,72.2,25.5,6.7,3.0,0.0,2.0,1,0
STU-009044,2026,computer_science,8.98,54.6,50.8,46.7,14.6,2.0,0.0,1.0,1,0
STU-009045,2025,mechanical,7.55,81.3,61.5,69.1,12.1,4.0,0.0,2.0,0,1
STU-009046,2024,mechanical,8.05,67.5,66.1,42.2,23.2,3.0,0.0,2.0,1,1
STU-009047,2025,information_technology,7.66,61.9,31.1,48.3,16.1,3.0,2.0,3.0,0,1
STU-009048,2025,information_technology,7.58,74.6,42.5,55.9,3.3,0.0,1.0,5.0,1,0
STU-009049,2027,computer_science,4.8,58.4,38.9,57.2,9.2,1.0,1.0,2.0,1,0
STU-009050,2025,computer_science,8.37,97.6,96.7,72.0,14.3,1.0,0.0,3.0,0,1
STU-009051,2024,information_technology,4.51,53.0,51.6,65.2,4.8,2.0,0.0,4.0,1,0
STU-009052,2026,computer_science,8.27,77.8,37.7,52.7,13.3,0.0,0.0,0.0,1,0
STU-009053,2027,mechanical,7.21,65.1,48.6,38.0,19.6,5.0,2.0,1.0,1,0
STU-009054,2027,electronics,8.06,66.7,66.9,100.0,6.1,5.0,0.0,0.0,1,0
STU-009055,2027,computer_science,7.28,53.1,51.9,62.5,14.0,1.0,0.0,0.0,0,0
STU-009056,2027,information_technology,8.3,55.2,54.1,74.8,40.0,4.0,0.0,2.0,1,1
STU-009057,2026,mechanical,7.12,65.7,67.9,28.6,10.5,1.0,0.0,3.0,3,0
STU-009058,2027,computer_science,7.42,45.8,80.5,56.8,13.3,2.0,0.0,1.0,0,0
STU-009059,2024,electronics,7.57,50.5,77.9,56.3,11.6,1.0,3.0,1.0,1,1
STU-009060,2027,computer_science,,62.8,58.9,55.5,7.5,3.0,1.0,2.0,1,1
STU-009061,2027,civil,7.79,78.2,55.4,72.9,6.9,3.0,1.0,1.0,2,0
STU-009062,2027,information_technology,5.59,56.4,44.1,58.3,6.2,0.0,1.0,1.0,0,0
STU-009063,2026,information_technology,6.45,57.9,70.8,56.0,3.7,2.0,1.0,2.0,1,0
STU-009064,2027,electronics,7.79,43.7,51.5,61.8,5.2,5.0,0.0,2.0,1,0
STU-009065,2025,information_technology,8.55,86.5,28.5,62.4,19.8,3.0,1.0,1.0,2,1
STU-009066,2026,electronics,6.27,73.1,60.3,45.1,21.8,1.0,0.0,0.0,0,0
STU-009067,2025,computer_science,9.68,81.6,74.7,75.9,12.2,1.0,1.0,1.0,0,1
STU-009068,2026,computer_science,7.3,36.8,49.3,53.9,8.4,2.0,1.0,1.0,1,0
STU-009069,2026,computer_science,7.58,64.4,88.8,60.6,3.9,3.0,0.0,2.0,1,0
STU-009070,2025,electronics,5.66,41.2,40.4,83.0,12.5,3.0,0.0,1.0,1,1
STU-009071,2025,mechanical,8.38,72.3,84.6,100.0,18.7,2.0,0.0,1.0,0,0
STU-009072,2025,computer_science,6.59,,30.6,68.6,22.5,7.0,0.0,1.0,0,0
STU-009073,2026,mechanical,6.24,64.3,56.7,37.6,28.6,7.0,1.0,4.0,0,1
STU-009074,2026,mechanical,6.74,46.7,40.2,58.0,5.7,3.0,0.0,3.0,1,0
STU-009075,2027,computer_science,8.69,45.8,60.5,86.0,25.6,1.0,0.0,0.0,1,0
STU-009076,2024,computer_science,7.64,49.7,70.5,58.8,10.5,4.0,1.0,4.0,2,1
STU-009077,2027,information_technology,6.08,60.8,41.6,73.7,12.9,3.0,0.0,0.0,1,0
STU-009078,2026,computer_science,6.49,,41.1,73.5,12.0,2.0,1.0,1.0,0,0
STU-009079,2024,electronics,8.72,65.2,58.1,52.1,7.2,3.0,0.0,0.0,0,0
STU-009080,2025,information_technology,6.83,42.3,100.0,88.5,14.2,1.0,2.0,4.0,1,1
STU-009081,2026,information_technology,7.74,59.4,61.4,68.0,4.2,1.0,0.0,2.0,1,0
STU-009082,2025,electronics,8.03,81.0,61.5,61.6,23.9,2.0,2.0,4.0,1,1
STU-009083,2024,computer_science,4.0,57.0,50.4,59.7,10.9,1.0,1.0,1.0,1,0
STU-009084,2025,mechanical,8.55,67.0,32.0,45.6,0.9,2.0,1.0,1.0,1,0
STU-009085,2024,electronics,6.12,62.3,67.1,50.9,40.0,2.0,1.0,0.0,1,1
STU-009086,2024,information_technology,6.69,49.7,65.8,47.7,11.9,0.0,1.0,3.0,0,1
STU-009087,2025,information_technology,8.87,86.2,32.2,93.8,4.5,3.0,1.0,1.0,0,1
STU-009088,2027,computer_science,8.76,66.9,100.0,76.5,17.6,4.0,1.0,3.0,0,1
STU-009089,2026,civil,7.67,62.0,57.7,47.9,,2.0,2.0,2.0,1,1
STU-009090,2026,information_technology,7.94,70.2,39.8,87.8,6.1,0.0,2.0,2.0,0,0
STU-009091,2026,mechanical,8.22,74.6,,81.1,8.5,3.0,2.0,1.0,1,0
STU-009092,2026,civil,8.74,42.8,46.5,53.0,4.1,4.0,1.0,1.0,1,0
STU-009093,2024,information_technology,8.89,62.6,35.2,69.4,12.1,1.0,1.0,0.0,1,1
STU-009094,2025,electronics,7.22,92.0,51.3,52.5,5.2,0.0,1.0,1.0,0,1
STU-009095,2025,electronics,6.25,81.3,48.1,76.4,20.5,2.0,0.0,1.0,0,0
STU-009096,2026,computer_science,6.81,56.0,27.5,68.9,6.0,1.0,2.0,3.0,0,0
STU-009097,2026,civil,7.25,69.4,42.7,56.1,2.2,3.0,0.0,3.0,0,1
STU-009098,2025,information_technology,7.04,53.2,37.6,44.7,10.8,1.0,1.0,1.0,1,0
STU-009099,2026,mechanical,5.94,61.2,44.7,61.1,7.5,1.0,2.0,1.0,0,0
STU-009100,2027,electronics,7.6,52.3,68.4,68.9,12.3,5.0,0.0,6.0,1,1
STU-009101,2025,computer_science,5.3,47.5,50.6,80.2,19.1,4.0,0.0,2.0,1,0
STU-009102,2026,information_technology,7.2,49.5,55.2,70.8,4.1,3.0,1.0,0.0,0,0
STU-009103,2026,computer_science,7.27,83.8,25.1,75.0,26.1,2.0,0.0,3.0,1,1
STU-009104,2026,computer_science,7.23,51.3,55.5,51.5,16.6,1.0,2.0,1.0,1,0
STU-009105,2027,electronics,8.08,77.3,40.8,34.3,4.1,1.0,0.0,2.0,0,1
STU-009106,2027,computer_science,7.93,53.4,29.5,38.3,3.4,3.0,1.0,4.0,0,1
STU-009107,2025,civil,9.66,55.1,80.5,57.9,17.0,2.0,0.0,1.0,0,1
STU-009108,2026,information_technology,6.5,62.9,30.4,51.2,25.3,2.0,0.0,3.0,0,0
STU-009109,2027,information_technology,7.42,39.4,58.3,,8.5,3.0,0.0,2.0,0,0
STU-009110,2025,computer_science,7.35,68.7,48.1,72.3,1.6,3.0,0.0,2.0,0,0
STU-009111,2027,computer_science,7.29,56.5,40.0,70.8,,1.0,,1.0,0,0
STU-009112,2025,electronics,5.65,47.0,,29.2,24.1,5.0,2.0,1.0,0,0
STU-009113,2026,information_technology,5.74,44.0,39.7,98.1,3.6,0.0,0.0,7.0,0,0
STU-009114,2026,electronics,7.11,,46.4,67.5,5.1,4.0,0.0,2.0,0,1
STU-009115,2026,information_technology,5.29,54.1,35.7,66.1,11.0,0.0,0.0,2.0,1,0
STU-009116,2027,computer_science,6.72,56.3,56.9,59.9,14.9,2.0,0.0,0.0,1,0
STU-009117,2024,information_technology,6.36,69.8,49.7,58.1,13.0,1.0,1.0,2.0,0,0
STU-009118,2026,computer_science,6.76,44.9,42.1,77.4,3.0,0.0,1.0,3.0,0,0
STU-009119,2026,computer_science,8.4,77.8,44.9,48.4,,2.0,0.0,1.0,1,0
STU-009120,2027,mechanical,5.86,55.2,49.7,66.3,6.2,2.0,0.0,3.0,0,0
STU-009121,2026,computer_science,8.1,39.4,48.3,83.2,26.4,0.0,1.0,2.0,0,0
STU-009122,2027,computer_science,6.44,48.9,82.1,64.7,12.3,2.0,1.0,7.0,0,0
STU-009123,2027,information_technology,6.59,40.7,44.4,69.2,5.1,2.0,0.0,0.0,0,0
STU-009124,2025,information_technology,7.64,60.5,63.2,42.3,,1.0,0.0,0.0,0,0
STU-009125,2027,civil,6.78,45.7,52.6,73.6,5.3,1.0,1.0,0.0,0,0
STU-009126,2027,mechanical,6.07,42.6,46.4,67.2,2.5,2.0,1.0,1.0,1,0
STU-009127,2025,electronics,6.67,61.7,69.0,60.6,4.1,2.0,1.0,,0,0
STU-009128,2026,information_technology,5.06,54.8,57.1,72.1,7.1,5.0,0.0,2.0,0,0
STU-009129,2025,information_technology,7.54,77.2,66.7,46.0,7.7,3.0,,1.0,0,0
STU-009130,2026,computer_science,4.0,69.5,52.3,87.2,12.6,4.0,0.0,3.0,2,0
STU-009131,2024,mechanical,8.12,61.2,32.0,100.0,8.4,1.0,1.0,3.0,0,1
STU-009132,2027,information_technology,7.81,67.1,65.7,53.6,15.9,1.0,1.0,3.0,1,0
STU-009133,2025,computer_science,8.94,40.8,58.6,78.5,8.4,,0.0,1.0,1,0
STU-009134,2026,electronics,9.61,73.7,56.7,60.0,13.6,4.0,0.0,4.0,0,1
STU-009135,2024,electronics,8.18,,100.0,44.8,5.6,1.0,1.0,2.0,0,0
STU-009136,2026,information_technology,,71.1,27.5,80.2,18.9,2.0,0.0,1.0,0,0
STU-009137,2026,computer_science,9.6,58.6,63.9,58.0,13.6,1.0,2.0,4.0,1,1
STU-009138,2026,civil,5.73,51.0,47.0,70.6,6.5,1.0,1.0,5.0,0,0
STU-009139,2025,computer_science,4.91,49.5,45.3,88.7,10.0,2.0,1.0,5.0,0,1
STU-009140,2024,civil,9.23,84.0,46.7,69.4,6.3,1.0,1.0,2.0,1,0
STU-009141,2026,information_technology,7.79,63.8,62.0,64.9,8.8,4.0,2.0,3.0,1,1
STU-009142,2027,civil,4.94,31.4,27.7,48.6,5.2,1.0,0.0,1.0,0,0
STU-009143,2025,civil,5.54,64.7,54.0,48.6,21.1,1.0,0.0,,0,0
STU-009144,2026,information_technology,7.73,52.5,60.6,60.1,23.6,3.0,1.0,,1,1
STU-009145,2024,mechanical,6.1,72.5,47.2,56.7,17.8,3.0,0.0,0.0,0,0
STU-009146,2026,computer_science,6.26,64.6,50.8,71.5,6.8,2.0,0.0,2.0,1,0
STU-009147,2025,computer_science,9.36,81.3,91.4,46.8,7.5,3.0,1.0,1.0,0,1
STU-009148,2026,information_technology,9.57,78.7,75.1,51.1,1.8,2.0,1.0,7.0,1,0
STU-009149,2025,electronics,,,59.0,59.9,4.3,3.0,1.0,1.0,0,0
STU-009150,2024,computer_science,6.93,74.9,61.9,63.3,27.8,0.0,1.0,2.0,3,0
STU-009151,2025,information_technology,8.14,72.5,60.2,62.8,26.3,2.0,2.0,3.0,0,1
STU-009152,2025,civil,6.45,46.5,62.2,59.3,21.5,5.0,0.0,2.0,1,1
STU-009153,2026,mechanical,4.53,35.9,34.8,51.0,22.6,4.0,2.0,2.0,0,0
STU-009154,2027,computer_science,4.0,39.5,80.6,70.1,3.7,1.0,0.0,4.0,1,1
STU-009155,2026,information_technology,7.02,69.0,58.3,78.6,16.7,1.0,2.0,2.0,0,0
STU-009156,2027,computer_science,8.11,26.9,100.0,66.3,15.4,2.0,1.0,0.0,2,0
STU-009157,2026,computer_science,7.12,58.0,93.2,53.9,17.4,1.0,0.0,0.0,0,1
STU-009158,2024,civil,8.03,56.1,50.6,35.2,31.0,2.0,0.0,2.0,0,1
STU-009159,2025,civil,8.15,78.7,63.7,,1.8,2.0,2.0,3.0,0,1
STU-009160,2025,computer_science,8.69,59.6,68.0,59.6,2.0,1.0,1.0,2.0,0,0
STU-009161,2025,computer_science,7.31,53.1,72.1,80.5,4.5,1.0,3.0,1.0,1,0
STU-009162,2027,information_technology,7.42,78.6,58.9,85.0,3.4,4.0,0.0,2.0,0,0
STU-009163,2026,information_technology,7.06,56.7,75.7,73.3,8.6,2.0,3.0,0.0,0,0
STU-009164,2026,computer_science,6.8,53.8,24.3,75.4,12.6,,0.0,2.0,0,0
STU-009165,2026,computer_science,5.29,47.2,37.8,74.3,14.8,2.0,1.0,1.0,0,0
STU-009166,2025,information_technology,8.45,65.2,57.5,58.9,2.5,5.0,0.0,4.0,1,1
STU-009167,2026,computer_science,6.66,52.3,42.3,45.9,6.1,1.0,0.0,1.0,1,1
STU-009168,2024,mechanical,6.59,52.3,23.9,73.2,12.3,0.0,1.0,2.0,2,0
STU-009169,2024,electronics,6.48,78.7,67.9,40.6,9.6,2.0,0.0,,0,0
STU-009170,2025,information_technology,5.56,55.9,30.4,56.5,8.0,1.0,1.0,2.0,1,0
STU-009171,2024,information_technology,7.0,51.3,43.5,53.0,20.3,,0.0,,0,0
STU-009172,2026,mechanical,7.69,44.5,70.6,70.0,6.4,5.0,0.0,1.0,0,0
STU-009173,2024,computer_science,6.29,59.6,73.0,65.3,26.9,2.0,0.0,2.0,1,0
STU-009174,2024,mechanical,8.29,52.2,50.6,53.0,4.8,3.0,0.0,0.0,2,0
STU-009175,2027,computer_science,6.68,51.8,36.1,56.1,5.1,2.0,0.0,1.0,0,0
STU-009176,2027,civil,5.34,41.9,34.5,89.4,13.1,1.0,1.0,1.0,1,0
STU-009177,2026,computer_science,8.68,64.3,80.7,51.0,7.1,2.0,0.0,0.0,0,1
STU-009178,2026,mechanical,7.33,39.1,76.2,59.4,7.3,3.0,1.0,2.0,0,0
STU-009179,2027,computer_science,8.09,66.4,65.1,70.1,6.1,3.0,2.0,1.0,2,0
STU-009180,2024,mechanical,8.12,,63.7,63.0,12.2,0.0,3.0,2.0,1,1
STU-009181,2026,electronics,6.01,66.8,28.6,70.5,2.1,1.0,1.0,0.0,1,0
STU-009182,2024,computer_science,6.5,64.3,60.9,77.4,4.8,2.0,0.0,1.0,0,0
STU-009183,2025,mechanical,8.29,62.1,73.5,82.1,7.6,1.0,,6.0,0,0
STU-009184,2027,computer_science,9.21,75.1,66.7,62.6,13.8,0.0,1.0,4.0,0,1
STU-009185,2027,information_technology,7.17,81.7,59.1,67.7,6.6,4.0,2.0,6.0,2,0
STU-009186,2027,computer_science,6.38,75.8,35.0,64.9,31.7,1.0,1.0,2.0,2,0
STU-009187,2027,electronics,9.03,42.4,,49.5,15.3,3.0,2.0,1.0,0,1
STU-009188,2026,mechanical,6.38,47.7,29.4,64.7,13.5,3.0,0.0,0.0,0,0
STU-009189,2027,information_technology,7.48,51.7,56.6,38.9,9.8,2.0,0.0,2.0,1,0
STU-009190,2026,electronics,6.61,66.8,61.2,67.2,,1.0,0.0,,0,0
STU-009191,2026,civil,7.41,51.0,76.0,32.2,8.4,1.0,1.0,4.0,0,0
STU-009192,2025,electronics,6.01,47.6,69.0,48.1,15.0,4.0,1.0,1.0,1,0
STU-009193,2026,computer_science,6.67,46.3,73.0,74.0,18.1,2.0,0.0,1.0,0,0
STU-009194,2025,information_technology,6.38,61.2,47.4,68.5,10.5,2.0,1.0,1.0,0,0
STU-009195,2026,computer_science,7.86,69.2,98.0,61.8,31.8,2.0,1.0,0.0,0,0
STU-009196,2024,information_technology,7.29,40.4,74.6,55.7,6.5,,1.0,2.0,1,0
STU-009197,2026,computer_science,8.11,52.5,53.5,49.9,26.6,5.0,1.0,2.0,1,1
STU-009198,2025,mechanical,6.15,27.9,46.7,54.0,15.2,3.0,1.0,0.0,0,0
STU-009199,2025,electronics,6.86,21.8,67.4,71.6,8.4,0.0,1.0,2.0,0,0
STU-009200,2026,electronics,7.82,66.9,50.3,58.4,7.2,2.0,1.0,1.0,0,0
STU-009201,2024,computer_science,8.09,64.9,37.6,32.8,2.1,3.0,0.0,3.0,0,0
STU-009202,2027,computer_science,5.44,57.5,50.2,44.8,20.2,2.0,2.0,2.0,0,0
STU-009203,2026,mechanical,7.47,82.7,18.2,50.6,26.0,5.0,0.0,2.0,0,0
STU-009204,2025,information_technology,6.16,31.2,57.8,58.3,12.7,0.0,1.0,3.0,1,0
STU-009205,2024,civil,8.15,29.1,70.4,57.9,6.2,4.0,0.0,4.0,0,0
STU-009206,2027,,9.24,45.6,59.4,47.2,4.3,1.0,0.0,0.0,0,0
STU-009207,2026,computer_science,4.1,20.4,62.9,70.6,13.2,5.0,1.0,3.0,0,1
STU-009208,2025,electronics,6.35,47.5,66.9,34.3,12.6,3.0,0.0,2.0,1,0
STU-009209,2025,electronics,7.4,67.5,,51.6,9.3,1.0,0.0,3.0,1,0
STU-009210,2027,computer_science,7.1,62.6,56.1,73.0,10.3,2.0,2.0,3.0,1,0
STU-009211,2027,electronics,8.18,75.8,50.9,69.6,15.9,1.0,0.0,2.0,2,0
STU-009212,2025,computer_science,7.19,63.9,50.3,58.2,11.4,1.0,1.0,6.0,0,0
STU-009213,2024,computer_science,6.49,50.9,72.5,75.1,10.6,0.0,0.0,2.0,1,1
STU-009214,2024,computer_science,5.93,48.0,61.3,65.6,14.1,2.0,0.0,1.0,0,0
STU-009215,2024,electronics,5.73,62.0,,63.0,28.4,2.0,4.0,1.0,1,0
STU-009216,2027,electronics,6.25,33.5,55.8,70.4,3.7,4.0,0.0,2.0,0,0
STU-009217,2027,computer_science,6.45,9.2,40.0,67.7,9.6,3.0,0.0,0.0,1,0
STU-009218,2027,mechanical,7.54,64.9,48.9,80.6,3.7,1.0,1.0,1.0,0,1
STU-009219,2027,mechanical,6.92,61.4,80.8,58.1,2.7,2.0,0.0,1.0,0,0
STU-009220,2024,information_technology,6.35,80.2,95.7,58.6,,2.0,0.0,1.0,0,0
STU-009221,2027,computer_science,5.94,66.3,81.0,64.8,17.3,3.0,2.0,1.0,0,0
STU-009222,2025,computer_science,6.29,61.2,56.9,62.3,6.5,1.0,1.0,5.0,0,0
STU-009223,2025,computer_science,6.45,52.2,55.9,88.0,10.3,0.0,0.0,1.0,2,0
STU-009224,2026,civil,6.24,44.3,69.3,69.3,13.3,1.0,1.0,1.0,0,1
STU-009225,2024,mechanical,7.87,55.5,60.2,51.9,30.0,4.0,2.0,5.0,0,1
STU-009226,2027,computer_science,8.67,75.7,37.5,41.1,24.2,2.0,0.0,2.0,0,0
STU-009227,2027,information_technology,5.75,62.5,80.9,84.0,2.4,7.0,0.0,2.0,0,1
STU-009228,2027,computer_science,8.39,74.8,40.4,56.7,12.5,2.0,0.0,4.0,1,1
STU-009229,2027,computer_science,7.9,61.4,79.1,,20.0,2.0,1.0,2.0,1,1
STU-009230,2025,computer_science,7.31,45.1,69.1,61.7,13.4,0.0,0.0,3.0,1,1
STU-009231,2024,computer_science,8.86,79.1,94.0,73.3,4.3,0.0,2.0,4.0,0,1
STU-009232,2027,computer_science,6.9,73.9,69.3,54.3,6.6,3.0,0.0,3.0,1,0
STU-009233,2026,computer_science,7.56,61.9,47.3,63.7,9.1,1.0,0.0,3.0,0,0
STU-009234,2027,information_technology,7.24,66.8,74.4,54.4,1.2,1.0,0.0,3.0,0,0
STU-009235,2024,information_technology,7.16,65.8,49.5,100.0,24.9,1.0,1.0,1.0,2,1
STU-009236,2025,information_technology,7.63,52.2,40.9,51.5,2.8,3.0,2.0,2.0,0,1
STU-009237,2025,information_technology,7.15,54.4,24.5,69.8,6.0,0.0,4.0,2.0,0,0
STU-009238,2026,information_technology,7.64,45.6,55.4,100.0,11.2,1.0,1.0,0.0,0,1
STU-009239,2027,information_technology,6.33,52.7,23.6,,4.5,1.0,2.0,0.0,0,0
STU-009240,2027,civil,6.37,72.2,76.9,61.7,7.3,3.0,1.0,1.0,2,0
STU-009241,2025,computer_science,6.32,69.3,25.6,64.3,22.0,2.0,0.0,0.0,1,1
STU-009242,2026,electronics,6.68,65.7,47.3,50.6,27.0,1.0,3.0,2.0,1,1
STU-009243,2024,computer_science,8.27,74.9,54.3,85.5,7.1,4.0,1.0,1.0,1,1
STU-009244,2025,information_technology,6.57,51.7,56.2,58.8,8.7,1.0,0.0,0.0,1,0
STU-009245,2025,information_technology,7.85,42.1,43.7,61.0,2.9,2.0,1.0,1.0,0,0
STU-009246,2026,electronics,7.41,56.5,75.9,49.7,5.0,0.0,0.0,0.0,0,0
STU-009247,2026,civil,6.59,56.0,56.1,57.6,12.8,2.0,0.0,1.0,2,0
STU-009248,2025,information_technology,8.61,71.3,61.1,62.9,11.1,3.0,0.0,0.0,1,1
STU-009249,2026,computer_science,7.95,67.6,,77.3,15.6,3.0,1.0,4.0,0,0
STU-009250,2027,mechanical,7.1,73.4,64.8,65.7,8.2,3.0,0.0,2.0,2,0
STU-009251,2025,computer_science,7.01,27.8,78.8,77.3,16.7,2.0,1.0,1.0,0,0
STU-009252,2025,information_technology,,46.4,100.0,30.0,12.7,1.0,0.0,0.0,0,0
STU-009253,2026,mechanical,5.34,53.3,32.4,81.6,4.1,2.0,1.0,4.0,0,0
STU-009254,2027,information_technology,6.15,63.5,49.3,43.2,11.4,4.0,1.0,2.0,0,1
STU-009255,2027,information_technology,,90.7,25.1,72.8,20.3,1.0,0.0,4.0,0,1
STU-009256,2025,computer_science,5.28,39.9,59.7,18.5,1.3,2.0,1.0,1.0,2,0
STU-009257,2026,computer_science,6.24,45.8,28.8,62.9,,6.0,0.0,3.0,0,0
STU-009258,2027,civil,6.65,50.9,58.3,75.3,4.8,2.0,1.0,1.0,0,0
STU-009259,2025,computer_science,10.0,52.8,88.0,50.2,12.2,2.0,1.0,3.0,1,1
STU-009260,2026,computer_science,7.87,46.4,51.5,62.5,7.2,2.0,0.0,5.0,1,0
STU-009261,2027,information_technology,8.36,61.4,44.6,75.0,13.2,0.0,0.0,0.0,0,0
STU-009262,2024,information_technology,6.17,71.1,74.1,72.3,17.1,1.0,2.0,5.0,0,1
STU-009263,2026,computer_science,7.52,60.8,69.1,40.2,7.9,1.0,1.0,0.0,0,0
STU-009264,2027,computer_science,5.08,41.3,28.1,76.0,12.0,2.0,0.0,0.0,0,0
STU-009265,2024,information_technology,6.72,54.5,56.3,,21.6,1.0,2.0,2.0,1,1
STU-009266,2026,information_technology,7.68,43.8,43.2,79.0,11.8,2.0,0.0,1.0,1,0
STU-009267,2026,mechanical,5.47,69.7,66.9,44.8,3.3,1.0,1.0,6.0,0,0
STU-009268,2027,computer_science,7.55,81.2,59.3,46.8,3.6,1.0,0.0,2.0,0,1
STU-009269,2027,civil,7.65,35.4,83.6,63.1,7.3,2.0,3.0,2.0,2,0
STU-009270,2027,computer_science,6.41,60.2,36.8,70.2,9.7,3.0,,1.0,0,0
STU-009271,2024,computer_science,6.14,44.6,55.4,74.2,14.6,,0.0,2.0,0,0
STU-009272,2027,civil,6.28,57.5,51.9,50.9,8.1,2.0,2.0,2.0,0,0
STU-009273,2027,mechanical,6.7,56.1,58.1,61.0,3.5,2.0,0.0,2.0,1,0
STU-009274,2026,computer_science,6.74,37.4,44.3,50.5,18.4,2.0,1.0,,0,0
STU-009275,2026,information_technology,,77.5,19.5,,12.2,4.0,2.0,0.0,1,0
STU-009276,2024,mechanical,6.49,54.7,64.5,67.7,4.0,3.0,0.0,2.0,1,1
STU-009277,2027,computer_science,8.94,54.8,63.7,61.0,1.5,1.0,2.0,2.0,0,1
STU-009278,2024,computer_science,8.93,63.6,48.6,68.4,12.8,1.0,3.0,2.0,0,1
STU-009279,2025,information_technology,7.37,45.7,48.0,54.0,9.0,5.0,1.0,0.0,0,0
STU-009280,2027,mechanical,6.7,54.7,33.9,71.4,12.6,2.0,0.0,2.0,1,1
STU-009281,2027,electronics,6.49,29.4,21.4,46.2,5.8,1.0,3.0,2.0,0,0
STU-009282,2027,information_technology,7.46,23.6,74.5,,16.3,3.0,1.0,1.0,0,1
STU-009283,2026,civil,7.67,44.8,67.4,46.5,4.7,3.0,3.0,0.0,0,1
STU-009284,2024,computer_science,6.87,49.8,31.5,66.0,10.5,2.0,0.0,2.0,1,1
STU-009285,2026,mechanical,6.65,30.9,96.5,87.4,18.8,3.0,1.0,5.0,0,0
STU-009286,2024,computer_science,7.51,51.5,37.9,67.2,12.6,2.0,1.0,2.0,0,0
STU-009287,2027,electronics,7.18,50.4,67.9,60.6,2.8,1.0,1.0,2.0,1,0
STU-009288,2026,information_technology,6.44,56.0,52.8,59.2,18.0,4.0,0.0,5.0,0,0
STU-009289,2025,computer_science,7.23,67.7,34.4,53.9,11.8,1.0,1.0,4.0,0,0
STU-009290,2024,information_technology,6.4,82.5,58.6,77.5,15.1,1.0,0.0,1.0,0,0
STU-009291,2025,mechanical,6.24,62.9,48.8,67.8,3.1,,,2.0,1,0
STU-009292,2027,information_technology,7.09,43.4,44.5,38.6,14.3,4.0,1.0,0.0,0,1
STU-009293,2026,computer_science,6.44,66.9,75.2,77.2,3.4,2.0,0.0,0.0,1,0
STU-009294,2024,computer_science,6.26,77.5,62.6,49.8,14.5,0.0,0.0,1.0,0,0
STU-009295,2024,electronics,8.3,43.8,72.4,52.8,10.8,2.0,0.0,1.0,0,0
STU-009296,2025,electronics,6.65,41.3,49.9,67.6,6.0,1.0,0.0,0.0,0,1
STU-009297,2024,information_technology,9.22,41.1,69.9,53.6,10.0,0.0,1.0,5.0,1,1
STU-009298,2027,computer_science,7.82,51.2,57.8,93.4,4.5,1.0,1.0,3.0,3,1
STU-009299,2026,electronics,6.16,61.9,60.1,58.7,5.8,0.0,0.0,3.0,2,0
STU-009300,2024,computer_science,8.43,83.1,44.2,70.9,8.1,1.0,1.0,5.0,1,1
STU-009301,2027,computer_science,6.28,69.9,11.7,40.4,12.5,1.0,2.0,1.0,1,0
STU-009302,2025,information_technology,9.37,68.5,87.5,53.4,,5.0,1.0,1.0,1,1
STU-009303,2025,information_technology,7.36,59.4,56.2,,9.1,1.0,1.0,1.0,0,0
STU-009304,2026,civil,7.72,,67.6,76.0,17.5,2.0,0.0,1.0,0,1
STU-009305,2024,electronics,7.14,65.0,,46.9,8.6,3.0,0.0,2.0,1,0
STU-009306,2026,computer_science,7.41,78.4,52.8,78.8,8.3,1.0,1.0,0.0,2,0
STU-009307,2027,mechanical,6.84,57.4,80.2,63.8,18.4,2.0,1.0,2.0,0,0
STU-009308,2027,computer_science,6.04,60.0,57.3,66.6,6.7,3.0,1.0,1.0,1,0
STU-009309,2025,civil,7.49,52.9,94.4,51.6,6.4,4.0,0.0,0.0,0,0
STU-009310,2026,computer_science,8.28,62.3,75.3,48.5,19.4,1.0,1.0,3.0,0,1
STU-009311,2025,civil,5.73,51.6,38.6,31.5,11.5,3.0,0.0,0.0,0,0
STU-009312,2026,mechanical,8.87,43.9,70.0,66.2,8.0,1.0,0.0,,1,0
STU-009313,2025,mechanical,7.79,72.7,86.8,70.8,10.5,3.0,1.0,3.0,1,0
STU-009314,2026,computer_science,6.6,,57.1,56.9,7.7,4.0,0.0,1.0,0,0
STU-009315,2024,mechanical,6.58,56.6,64.3,39.8,6.7,4.0,2.0,1.0,1,1
STU-009316,2027,electronics,9.24,67.5,88.0,54.2,1.7,1.0,1.0,3.0,0,0
STU-009317,2027,computer_science,8.18,73.3,19.8,67.2,11.8,2.0,3.0,2.0,0,0
STU-009318,2025,information_technology,8.41,58.7,72.6,64.6,18.0,1.0,1.0,2.0,2,0
STU-009319,2027,electronics,6.81,60.5,77.1,71.4,9.5,9.0,0.0,2.0,2,0
STU-009320,2024,civil,7.74,56.2,44.9,39.4,24.9,2.0,0.0,3.0,1,1
STU-009321,2027,mechanical,7.5,50.8,74.8,56.3,9.4,2.0,,6.0,0,0
STU-009322,2025,information_technology,6.9,65.6,54.5,60.6,4.9,1.0,0.0,,0,0
STU-009323,2024,electronics,7.23,66.1,27.1,70.9,4.0,2.0,1.0,1.0,0,0
STU-009324,2026,computer_science,8.38,74.6,73.9,53.6,15.5,2.0,1.0,3.0,0,0
STU-009325,2026,information_technology,8.94,61.8,62.6,69.5,8.1,1.0,0.0,0.0,2,0
STU-009326,2026,mechanical,6.81,39.6,53.0,48.7,3.0,2.0,0.0,0.0,2,0
STU-009327,2026,electronics,5.59,71.8,60.3,65.0,4.1,2.0,0.0,2.0,0,0
STU-009328,2024,mechanical,8.99,51.0,,57.9,10.2,0.0,0.0,4.0,0,0
STU-009329,2024,information_technology,9.0,50.7,76.1,57.1,17.6,1.0,1.0,1.0,0,1
STU-009330,2026,information_technology,7.56,51.1,41.7,95.8,5.8,2.0,0.0,1.0,2,0
STU-009331,2026,electronics,9.16,36.2,89.4,57.3,10.3,2.0,,2.0,1,1
STU-009332,2024,computer_science,7.48,55.7,76.3,56.1,18.3,8.0,4.0,1.0,0,1
STU-009333,2025,civil,6.05,65.4,77.4,42.1,32.1,3.0,0.0,3.0,0,1
STU-009334,2026,civil,5.59,48.7,,75.9,7.3,4.0,0.0,3.0,0,0
STU-009335,2026,mechanical,5.58,75.2,42.1,54.4,6.7,0.0,0.0,2.0,1,0
STU-009336,2027,mechanical,7.11,77.4,43.2,61.6,10.1,3.0,0.0,,0,0
STU-009337,2026,information_technology,6.56,70.5,40.0,50.2,10.0,2.0,0.0,3.0,0,0
STU-009338,2026,information_technology,6.43,27.8,49.8,67.8,16.3,5.0,0.0,2.0,0,1
STU-009339,2026,mechanical,6.98,79.5,43.2,75.1,11.0,1.0,1.0,0.0,2,0
STU-009340,2025,computer_science,,56.6,64.9,80.3,6.3,3.0,0.0,,0,0
STU-009341,2024,mechanical,6.47,82.1,39.2,60.4,6.2,2.0,0.0,1.0,1,0
STU-009342,2024,computer_science,6.28,47.5,41.5,53.7,7.7,3.0,0.0,2.0,0,0
STU-009343,2027,mechanical,6.55,55.0,46.7,52.8,13.1,1.0,2.0,3.0,0,0
STU-009344,2025,information_technology,8.16,61.7,46.4,62.2,2.9,4.0,0.0,2.0,0,0
STU-009345,2026,mechanical,7.02,44.1,49.3,65.6,14.1,1.0,1.0,4.0,0,0
STU-009346,2026,information_technology,7.42,34.5,66.6,69.6,2.8,2.0,0.0,,0,0
STU-009347,2025,electronics,8.89,25.8,47.5,50.1,4.1,1.0,0.0,1.0,0,0
STU-009348,2027,civil,10.0,100.0,46.5,63.9,1.5,2.0,0.0,1.0,0,0
STU-009349,2026,information_technology,7.84,34.6,55.3,47.7,22.1,3.0,1.0,,1,1
STU-009350,2024,computer_science,7.72,34.6,38.5,60.2,10.5,1.0,1.0,1.0,0,0
STU-009351,2027,computer_science,5.74,64.1,72.7,81.5,12.4,2.0,1.0,5.0,1,0
STU-009352,2026,electronics,7.52,37.7,45.2,58.8,3.5,1.0,0.0,2.0,3,0
STU-009353,2025,electronics,7.17,34.2,56.5,49.6,10.7,2.0,2.0,3.0,0,0
STU-009354,2027,electronics,8.13,17.1,67.2,66.9,10.5,1.0,1.0,2.0,1,0
STU-009355,2026,computer_science,6.65,61.7,32.1,74.5,7.5,5.0,0.0,,0,0
STU-009356,2025,computer_science,7.33,42.6,42.0,51.2,13.8,1.0,0.0,1.0,3,0
STU-009357,2027,mechanical,7.8,69.2,47.5,43.0,,2.0,1.0,2.0,0,1
STU-009358,2026,electronics,9.28,61.4,77.4,50.6,8.7,3.0,2.0,0.0,2,0
STU-009359,2026,computer_science,8.9,63.1,93.7,55.8,12.0,1.0,0.0,2.0,1,1
STU-009360,2024,computer_science,8.56,54.3,92.8,83.3,10.5,5.0,0.0,1.0,1,1
STU-009361,2025,computer_science,7.94,55.7,80.4,42.3,17.6,5.0,0.0,4.0,0,0
STU-009362,2026,mechanical,6.6,43.8,32.3,,3.8,1.0,1.0,2.0,1,0
STU-009363,2026,electronics,7.94,47.9,43.8,65.8,22.1,1.0,0.0,0.0,2,1
STU-009364,2026,electronics,6.21,40.0,75.4,52.0,8.3,,0.0,3.0,1,0
STU-009365,2027,electronics,6.86,80.4,80.4,48.1,,5.0,0.0,3.0,0,1
STU-009366,2025,mechanical,9.15,56.3,77.1,71.1,3.2,4.0,1.0,3.0,0,1
STU-009367,2026,computer_science,7.72,25.5,71.6,63.3,4.9,2.0,0.0,5.0,0,0
STU-009368,2027,computer_science,7.36,62.6,49.2,76.1,9.4,5.0,1.0,1.0,0,1
STU-009369,2027,information_technology,7.51,47.0,86.2,72.3,12.0,3.0,1.0,0.0,1,0
STU-009370,2027,civil,6.99,57.3,42.5,45.1,16.5,3.0,1.0,3.0,0,0
STU-009371,2027,information_technology,4.62,49.2,18.1,38.5,2.7,3.0,0.0,,0,0
STU-009372,2024,information_technology,5.65,77.6,63.2,77.7,5.7,1.0,1.0,2.0,0,0
STU-009373,2026,mechanical,7.81,53.9,48.3,60.3,4.5,3.0,2.0,3.0,1,0
STU-009374,2027,computer_science,6.04,68.3,29.1,100.0,7.3,2.0,1.0,1.0,0,0
STU-009375,2026,information_technology,6.98,,69.8,75.5,10.7,1.0,4.0,5.0,0,0
STU-009376,2025,electronics,5.69,34.9,18.7,,14.5,2.0,0.0,3.0,0,0
STU-009377,2027,civil,6.27,59.4,59.8,48.8,28.5,3.0,0.0,3.0,1,0
STU-009378,2024,computer_science,7.1,46.8,,60.8,6.9,2.0,,,0,1
STU-009379,2025,information_technology,8.16,42.2,86.9,73.3,9.0,3.0,1.0,0.0,0,0
STU-009380,2024,civil,8.39,42.7,68.3,60.8,17.6,2.0,0.0,2.0,2,0
STU-009381,2026,electronics,6.26,68.8,70.3,62.8,7.4,3.0,0.0,1.0,1,0
STU-009382,2025,electronics,7.45,98.6,38.4,65.4,25.1,1.0,0.0,0.0,1,1
STU-009383,2026,computer_science,5.46,42.8,,51.9,5.7,1.0,2.0,1.0,1,0
STU-009384,2027,computer_science,7.16,61.6,49.5,49.6,7.1,2.0,1.0,2.0,0,0
STU-009385,2026,information_technology,8.2,65.0,70.2,59.4,12.8,1.0,0.0,2.0,0,0
STU-009386,2026,computer_science,7.02,50.1,56.3,56.2,14.8,2.0,0.0,1.0,0,0
STU-009387,2027,mechanical,8.61,82.3,81.0,49.7,9.0,1.0,0.0,3.0,0,0
STU-009388,2027,electronics,8.06,93.1,68.5,60.2,37.7,4.0,0.0,4.0,2,1
STU-009389,2025,mechanical,7.38,49.8,38.7,43.7,11.7,2.0,1.0,0.0,0,1
STU-009390,2024,computer_science,6.81,83.6,62.2,72.7,,2.0,0.0,2.0,0,0
STU-009391,2026,computer_science,6.49,48.8,55.9,70.3,8.7,2.0,0.0,1.0,0,1
STU-009392,2027,mechanical,5.42,40.3,70.3,71.6,3.2,3.0,1.0,3.0,1,0
STU-009393,2026,computer_science,5.61,53.1,33.7,50.3,5.2,3.0,0.0,1.0,0,0
STU-009394,2025,computer_science,8.24,73.5,48.7,48.5,5.0,0.0,1.0,5.0,1,1
STU-009395,2027,information_technology,8.84,,69.1,80.5,8.7,4.0,0.0,4.0,0,1
STU-009396,2026,computer_science,5.86,66.8,74.5,59.3,7.6,3.0,0.0,2.0,0,0
STU-009397,2026,computer_science,7.18,61.8,52.3,70.0,14.5,2.0,1.0,2.0,1,0
STU-009398,2027,computer_science,5.29,74.9,58.3,45.9,5.4,3.0,,4.0,1,0
STU-009399,2027,mechanical,5.98,63.9,51.5,58.0,12.7,,1.0,1.0,2,1
STU-009400,2026,computer_science,7.4,81.8,55.9,78.7,21.2,4.0,1.0,6.0,0,1
STU-009401,2026,electronics,6.5,44.1,72.6,63.9,17.2,2.0,1.0,3.0,0,1
STU-009402,2026,electronics,4.9,50.7,48.5,58.5,6.2,4.0,0.0,1.0,0,0
STU-009403,2026,information_technology,9.08,62.1,55.8,69.9,22.4,1.0,0.0,3.0,0,1
STU-009404,2026,information_technology,7.04,45.3,46.6,,5.3,1.0,0.0,1.0,0,0
STU-009405,2026,computer_science,5.83,40.6,45.1,91.2,14.7,0.0,3.0,1.0,0,0
STU-009406,2026,computer_science,7.25,64.2,44.2,62.6,,4.0,0.0,0.0,1,0
STU-009407,2026,information_technology,7.01,68.0,51.0,71.1,7.5,,1.0,1.0,0,0
STU-009408,2024,civil,7.59,60.9,58.3,60.1,7.2,1.0,0.0,2.0,0,0
STU-009409,2026,,6.71,73.3,58.7,48.2,14.9,1.0,0.0,2.0,0,0
STU-009410,2026,information_technology,7.46,42.4,40.1,67.9,5.3,1.0,1.0,2.0,0,0
STU-009411,2025,civil,8.19,54.5,52.6,41.5,30.9,1.0,0.0,2.0,0,0
STU-009412,2025,mechanical,5.58,37.5,43.0,75.8,11.4,1.0,0.0,1.0,0,0
STU-009413,2025,mechanical,6.3,58.7,39.2,43.6,21.2,0.0,3.0,5.0,1,0
STU-009414,2027,information_technology,8.07,67.4,49.4,49.6,9.3,2.0,1.0,1.0,0,0
STU-009415,2027,mechanical,6.47,77.1,68.2,48.4,8.9,0.0,0.0,,0,0
STU-009416,2026,electronics,7.01,40.4,78.2,70.7,22.5,0.0,2.0,1.0,0,1
STU-009417,2025,electronics,6.56,,47.9,46.3,10.4,5.0,1.0,1.0,1,0
STU-009418,2027,mechanical,6.63,78.8,41.4,69.1,22.2,1.0,0.0,1.0,0,0
STU-009419,2026,information_technology,6.53,42.0,51.8,52.6,5.9,1.0,0.0,3.0,0,0
STU-009420,2027,civil,5.65,36.8,51.0,60.4,9.8,0.0,0.0,2.0,1,0
STU-009421,2024,civil,7.63,37.1,69.3,,1.5,3.0,0.0,0.0,2,0
STU-009422,2024,electronics,8.32,70.0,53.5,94.6,12.7,4.0,2.0,0.0,1,1
STU-009423,2026,computer_science,6.9,46.9,45.4,38.7,10.0,3.0,0.0,2.0,0,0
STU-009424,2025,mechanical,8.19,67.6,100.0,68.9,5.3,3.0,1.0,1.0,0,1
STU-009425,2026,computer_science,6.54,53.8,31.2,61.9,6.7,5.0,0.0,1.0,1,0
STU-009426,2027,electronics,6.47,83.9,68.2,51.1,13.4,1.0,0.0,2.0,0,0
STU-009427,2024,computer_science,7.57,71.0,82.6,67.5,11.9,3.0,1.0,2.0,0,0
STU-009428,2026,mechanical,7.59,47.1,53.1,48.6,3.0,1.0,0.0,1.0,0,0
STU-009429,2026,civil,6.97,53.4,62.4,47.0,16.0,2.0,0.0,2.0,0,0
STU-009430,2027,computer_science,7.88,71.6,30.0,45.9,9.5,3.0,0.0,1.0,0,0
STU-009431,2026,electronics,5.62,39.2,49.9,63.2,26.5,5.0,0.0,2.0,1,1
STU-009432,2025,mechanical,6.75,75.2,73.7,53.6,21.5,0.0,0.0,2.0,0,0
STU-009433,2026,computer_science,8.21,56.7,61.9,49.9,6.8,5.0,0.0,1.0,0,0
STU-009434,2026,computer_science,8.21,72.5,60.5,66.8,13.0,,0.0,0.0,2,1
STU-009435,2027,information_technology,8.06,57.2,88.7,77.1,19.3,2.0,0.0,3.0,1,1
STU-009436,2026,mechanical,8.27,52.7,74.0,42.1,5.3,2.0,0.0,,1,1
STU-009437,2025,information_technology,6.67,47.0,65.7,66.6,14.8,3.0,1.0,2.0,1,1
STU-009438,2027,computer_science,5.14,80.3,33.8,69.3,19.1,4.0,1.0,0.0,0,0
STU-009439,2026,computer_science,6.8,53.2,12.6,79.8,17.3,2.0,1.0,2.0,1,0
STU-009440,2024,information_technology,7.83,100.0,64.7,57.9,6.5,0.0,0.0,1.0,0,1
STU-009441,2026,computer_science,8.02,,59.2,83.6,7.0,1.0,0.0,0.0,0,1
STU-009442,2027,electronics,6.49,44.2,65.9,70.2,2.7,2.0,0.0,3.0,1,0
STU-009443,2026,computer_science,5.99,32.2,53.1,35.7,,1.0,1.0,4.0,1,0
STU-009444,2025,mechanical,6.1,74.7,52.2,66.2,10.3,1.0,1.0,1.0,0,0
STU-009445,2026,electronics,6.47,54.0,53.4,61.8,7.5,4.0,1.0,1.0,0,0
STU-009446,2025,mechanical,4.92,66.2,27.8,75.8,8.4,0.0,0.0,2.0,0,0
STU-009447,2026,computer_science,6.49,91.8,21.6,78.5,7.4,2.0,0.0,1.0,0,0
STU-009448,2026,electronics,7.16,68.3,40.6,48.4,2.5,3.0,0.0,0.0,0,0
STU-009449,2025,mechanical,6.99,63.0,36.2,74.7,13.3,1.0,1.0,1.0,1,0
STU-009450,2025,information_technology,6.72,75.8,53.1,60.2,6.9,4.0,0.0,5.0,1,0
STU-009451,2027,computer_science,6.31,68.7,24.5,52.1,5.4,2.0,0.0,1.0,0,1
STU-009452,2025,computer_science,6.44,37.9,44.7,82.3,4.7,1.0,1.0,0.0,1,0
STU-009453,2027,electronics,6.46,76.9,85.6,55.3,1.7,0.0,2.0,1.0,2,0
STU-009454,2026,information_technology,7.91,59.1,57.4,62.5,4.8,2.0,0.0,7.0,0,1
STU-009455,2026,civil,,81.3,56.2,61.0,8.7,2.0,1.0,0.0,0,1
STU-009456,2024,mechanical,10.0,71.6,67.3,69.2,,5.0,,2.0,1,0
STU-009457,2025,electronics,6.72,75.3,57.5,80.5,3.4,2.0,,1.0,0,0
STU-009458,2024,civil,7.6,55.8,,84.5,4.4,1.0,1.0,0.0,0,0
STU-009459,2026,electronics,6.74,34.7,51.2,74.7,10.5,1.0,1.0,0.0,2,1
STU-009460,2027,computer_science,6.72,65.9,44.6,38.3,4.1,4.0,0.0,3.0,0,0
STU-009461,2027,computer_science,8.9,76.4,37.2,82.4,2.7,2.0,0.0,2.0,2,0
STU-009462,2024,mechanical,8.25,52.1,79.9,70.4,27.7,3.0,0.0,4.0,1,0
STU-009463,2025,information_technology,5.08,51.1,32.3,77.4,5.9,1.0,2.0,3.0,0,0
STU-009464,2024,civil,5.92,22.6,77.9,57.8,2.5,2.0,1.0,0.0,1,1
STU-009465,2027,computer_science,6.94,55.6,41.8,61.8,,2.0,0.0,,0,1
STU-009466,2025,computer_science,6.51,38.3,29.9,75.3,17.1,3.0,1.0,3.0,0,1
STU-009467,2025,mechanical,5.37,62.5,81.4,90.2,17.2,1.0,1.0,0.0,0,0
STU-009468,2026,mechanical,7.23,63.5,30.8,64.7,9.9,1.0,0.0,1.0,1,0
STU-009469,2026,mechanical,4.94,54.1,8.3,44.5,12.9,1.0,1.0,1.0,1,0
STU-009470,2025,computer_science,7.25,78.3,31.4,70.4,3.6,2.0,0.0,4.0,0,0
STU-009471,2026,information_technology,7.94,63.5,56.4,,9.5,2.0,0.0,1.0,2,0
STU-009472,2024,electronics,8.1,63.1,36.7,47.2,2.5,3.0,2.0,2.0,2,0
STU-009473,2024,civil,6.93,62.7,45.2,60.2,21.9,4.0,1.0,5.0,0,1
STU-009474,2024,computer_science,8.84,52.9,27.8,68.7,3.8,0.0,1.0,3.0,0,0
STU-009475,2025,electronics,7.48,73.8,75.4,76.7,10.0,2.0,0.0,5.0,2,0
STU-009476,2027,computer_science,8.07,46.4,66.4,55.2,2.3,2.0,3.0,1.0,0,1
STU-009477,2026,electronics,6.25,62.8,30.5,55.8,21.3,4.0,0.0,4.0,0,0
STU-009478,2027,computer_science,8.85,80.0,23.0,60.6,22.2,1.0,1.0,4.0,0,0
STU-009479,2025,civil,7.1,42.8,40.0,86.6,15.8,3.0,0.0,0.0,0,0
STU-009480,2026,computer_science,8.91,41.7,73.7,80.8,14.8,1.0,4.0,2.0,0,1
STU-009481,2027,electronics,8.66,45.7,80.0,69.9,20.6,2.0,1.0,2.0,0,0
STU-009482,2025,mechanical,7.4,86.0,52.6,69.4,1.7,3.0,0.0,3.0,0,0
STU-009483,2027,computer_science,7.57,50.0,48.7,57.6,13.4,1.0,1.0,3.0,1,1
STU-009484,2026,computer_science,6.89,39.8,,72.8,7.7,3.0,2.0,1.0,0,0
STU-009485,2027,electronics,6.16,61.8,56.8,48.1,14.1,1.0,1.0,3.0,0,0
STU-009486,2025,electronics,7.78,18.7,73.1,68.7,10.2,0.0,0.0,2.0,0,0
STU-009487,2026,electronics,7.73,45.1,55.5,33.6,14.1,1.0,1.0,4.0,2,0
STU-009488,2026,electronics,5.24,75.7,41.6,39.0,11.9,2.0,1.0,3.0,0,0
STU-009489,2027,computer_science,7.0,43.7,68.3,34.9,1.3,1.0,0.0,2.0,2,0
STU-009490,2027,civil,8.1,56.3,84.8,88.3,9.9,3.0,0.0,4.0,1,0
STU-009491,2025,computer_science,8.79,66.0,57.3,59.8,30.3,1.0,0.0,2.0,1,1
STU-009492,2027,electronics,7.93,64.3,60.2,43.1,8.5,2.0,1.0,3.0,0,0
STU-009493,2027,civil,5.36,46.7,35.6,96.1,10.6,3.0,2.0,3.0,1,1
STU-009494,2026,civil,5.89,64.0,51.9,51.1,22.4,1.0,0.0,3.0,1,0
STU-009495,2024,computer_science,6.7,79.1,38.1,69.4,3.1,5.0,0.0,1.0,0,0
STU-009496,2024,computer_science,8.71,45.5,86.0,51.0,9.2,2.0,0.0,1.0,0,0
STU-009497,2024,electronics,6.4,49.5,,73.1,12.0,2.0,0.0,4.0,0,1
STU-009498,2024,computer_science,8.32,59.1,89.8,61.8,6.5,2.0,0.0,3.0,1,0
STU-009499,2027,electronics,,67.3,43.0,51.5,5.0,0.0,1.0,2.0,0,0
STU-009500,2025,information_technology,7.71,59.9,93.0,43.3,16.5,2.0,1.0,1.0,0,1
STU-009501,2026,computer_science,6.02,54.1,55.2,52.1,19.8,0.0,0.0,1.0,0,0
STU-009502,2026,information_technology,6.88,34.5,52.2,47.9,20.1,1.0,1.0,3.0,1,0
STU-009503,2026,electronics,5.8,38.6,71.6,37.3,4.6,1.0,0.0,1.0,2,0
STU-009504,2025,mechanical,8.76,64.4,44.7,72.3,14.2,4.0,1.0,0.0,0,1
STU-009505,2026,information_technology,6.3,48.9,52.8,77.6,9.4,0.0,0.0,2.0,0,0
STU-009506,2026,computer_science,5.32,49.5,45.6,52.5,9.9,2.0,2.0,5.0,0,0
STU-009507,2026,information_technology,5.23,53.5,55.0,32.8,6.0,0.0,1.0,3.0,1,0
STU-009508,2025,electronics,7.0,93.1,47.5,67.1,15.6,0.0,0.0,3.0,1,0
STU-009509,2027,electronics,6.57,49.7,44.1,64.2,1.5,2.0,1.0,1.0,1,0
STU-009510,2024,mechanical,7.85,80.5,51.9,48.0,15.8,3.0,1.0,2.0,0,1
STU-009511,2026,civil,6.83,77.4,49.4,61.2,14.9,2.0,0.0,5.0,0,0
STU-009512,2026,information_technology,8.44,72.9,62.1,23.4,6.4,2.0,1.0,3.0,0,0
STU-009513,2025,mechanical,6.66,44.6,75.5,62.1,4.1,0.0,0.0,4.0,0,1
STU-009514,2027,computer_science,8.28,62.6,23.5,59.9,4.5,2.0,0.0,2.0,0,0
STU-009515,2024,information_technology,6.0,,64.0,80.6,,2.0,1.0,1.0,1,0
STU-009516,2027,information_technology,5.37,85.0,40.5,65.6,4.8,4.0,1.0,0.0,0,1
STU-009517,2027,mechanical,6.15,62.5,48.6,63.3,19.8,3.0,1.0,1.0,1,0
STU-009518,2025,mechanical,5.8,52.4,31.7,89.5,13.0,5.0,0.0,0.0,1,1
STU-009519,2025,computer_science,5.67,82.1,50.5,50.9,21.6,3.0,1.0,3.0,1,1
STU-009520,2024,mechanical,7.58,53.9,50.6,41.1,4.7,1.0,,5.0,1,0
STU-009521,2027,mechanical,6.8,65.9,50.4,74.8,24.5,1.0,1.0,0.0,0,0
STU-009522,2026,civil,7.26,69.1,66.0,76.6,5.9,4.0,0.0,3.0,0,1
STU-009523,2024,information_technology,7.71,64.6,68.6,77.0,6.3,0.0,3.0,6.0,0,1
STU-009524,2026,civil,5.16,52.7,71.8,58.7,16.3,1.0,0.0,0.0,0,0
STU-009525,2024,mechanical,7.76,72.1,48.0,52.0,11.2,3.0,2.0,4.0,2,1
STU-009526,2026,electronics,5.71,46.0,61.5,44.6,9.8,2.0,1.0,1.0,1,0
STU-009527,2026,information_technology,6.44,73.6,63.5,49.6,17.4,0.0,0.0,0.0,2,0
STU-009528,2024,mechanical,4.92,49.6,48.2,40.9,1.1,3.0,0.0,1.0,0,0
STU-009529,2027,mechanical,7.85,79.8,87.1,55.8,6.0,1.0,1.0,1.0,0,0
STU-009530,2025,electronics,5.16,70.0,36.8,85.2,2.5,3.0,1.0,2.0,0,0
STU-009531,2026,civil,5.72,63.7,,54.4,8.4,1.0,0.0,0.0,0,0
STU-009532,2026,computer_science,5.8,,55.4,63.8,23.9,0.0,0.0,5.0,0,0
STU-009533,2027,electronics,6.95,74.4,34.4,69.7,22.8,2.0,0.0,0.0,0,0
STU-009534,2026,computer_science,6.92,66.4,76.2,56.9,3.4,0.0,1.0,0.0,0,1
STU-009535,2027,information_technology,8.03,11.8,57.3,56.8,8.7,0.0,0.0,2.0,0,0
STU-009536,2025,computer_science,6.98,45.7,62.4,80.0,19.8,2.0,0.0,0.0,0,0
STU-009537,2027,computer_science,8.21,63.0,86.7,64.6,6.8,2.0,0.0,7.0,1,1
STU-009538,2025,information_technology,7.54,63.3,60.8,77.8,7.7,1.0,1.0,,2,0
STU-009539,2026,computer_science,6.01,66.6,51.7,95.4,3.8,4.0,0.0,4.0,0,0
STU-009540,2024,computer_science,6.33,79.9,53.5,49.8,5.4,4.0,2.0,5.0,0,0
STU-009541,2027,electronics,8.84,70.5,45.3,59.8,,3.0,1.0,1.0,0,1
STU-009542,2027,computer_science,8.51,29.8,54.6,59.7,7.1,1.0,0.0,1.0,1,0
STU-009543,2026,computer_science,8.05,63.1,,55.1,,0.0,1.0,1.0,0,1
STU-009544,2026,computer_science,8.2,78.6,61.5,56.0,12.3,2.0,1.0,3.0,0,1
STU-009545,2026,computer_science,7.63,60.9,81.0,81.6,23.5,2.0,1.0,3.0,1,1
STU-009546,2025,computer_science,7.49,62.0,72.7,63.4,8.5,1.0,1.0,2.0,0,1
STU-009547,2026,civil,7.16,50.9,45.6,96.9,10.2,3.0,2.0,5.0,0,0
STU-009548,2026,electronics,9.05,76.3,62.8,56.3,8.1,5.0,0.0,4.0,0,0
STU-009549,2026,information_technology,6.57,51.8,77.1,83.1,7.5,2.0,0.0,1.0,1,1
STU-009550,2024,information_technology,7.38,67.6,27.2,86.6,7.4,6.0,0.0,4.0,2,1
STU-009551,2027,computer_science,5.14,60.7,43.7,60.8,14.2,1.0,0.0,1.0,1,0
STU-009552,2024,electronics,5.45,55.7,,68.3,6.0,0.0,1.0,1.0,0,0
STU-009553,2026,civil,9.19,69.6,100.0,74.4,16.4,2.0,2.0,2.0,3,1
STU-009554,2024,computer_science,7.81,62.6,71.4,54.2,14.0,0.0,0.0,3.0,0,0
STU-009555,2024,computer_science,6.86,76.9,46.0,85.3,11.4,2.0,0.0,3.0,0,0
STU-009556,2024,electronics,7.19,68.5,,50.6,9.5,2.0,2.0,0.0,0,1
STU-009557,2025,computer_science,5.54,70.7,35.2,54.7,,6.0,2.0,0.0,0,0
STU-009558,2026,computer_science,6.61,,87.3,54.9,18.2,0.0,0.0,1.0,0,0
STU-009559,2026,electronics,5.42,42.4,9.7,65.2,23.4,2.0,2.0,4.0,0,0
STU-009560,2026,electronics,6.76,58.5,59.6,66.6,10.2,1.0,0.0,0.0,0,0
STU-009561,2026,computer_science,7.88,71.0,57.3,53.1,7.3,3.0,0.0,4.0,0,0
STU-009562,2024,mechanical,7.62,67.2,40.0,60.4,16.5,1.0,0.0,2.0,0,0
STU-009563,2024,computer_science,8.93,50.6,58.4,46.4,5.2,4.0,1.0,2.0,1,0
STU-009564,2026,computer_science,7.44,70.6,29.2,78.3,26.3,3.0,1.0,1.0,0,1
STU-009565,2026,electronics,4.25,43.1,70.7,71.7,4.1,1.0,0.0,1.0,3,0
STU-009566,2026,electronics,9.34,72.8,,57.1,11.0,6.0,1.0,1.0,1,1
STU-009567,2025,electronics,6.13,60.6,67.1,59.3,6.2,3.0,1.0,2.0,1,0
STU-009568,2027,electronics,7.29,55.2,47.9,52.7,16.7,3.0,0.0,1.0,1,0
STU-009569,2024,electronics,7.22,50.4,78.7,49.0,10.2,4.0,1.0,1.0,0,0
STU-009570,2026,,7.38,60.8,57.1,46.9,12.8,2.0,0.0,1.0,1,0
STU-009571,2024,electronics,7.16,59.6,73.9,49.0,3.8,0.0,2.0,1.0,0,0
STU-009572,2026,information_technology,7.18,42.7,65.3,75.4,16.2,1.0,0.0,3.0,1,0
STU-009573,2025,mechanical,5.58,64.2,48.7,76.5,14.7,1.0,0.0,2.0,0,0
STU-009574,2026,computer_science,10.0,81.4,84.0,42.8,13.4,1.0,0.0,1.0,1,1
STU-009575,2024,electronics,7.85,72.6,100.0,71.8,11.1,1.0,0.0,0.0,1,0
STU-009576,2026,computer_science,7.16,63.0,36.4,44.9,3.9,2.0,0.0,0.0,0,0
STU-009577,2024,information_technology,9.22,,61.8,,8.7,2.0,0.0,2.0,0,0
STU-009578,2026,electronics,5.87,57.7,28.5,63.2,11.7,2.0,2.0,3.0,0,0
STU-009579,2024,electronics,8.1,58.2,66.4,,7.9,4.0,0.0,,1,1
STU-009580,2024,computer_science,6.46,58.8,56.7,68.2,11.6,0.0,1.0,2.0,0,0
STU-009581,2026,information_technology,7.56,73.2,90.3,80.9,12.6,0.0,,1.0,0,1
STU-009582,2024,mechanical,7.59,57.6,53.0,35.8,1.7,,1.0,3.0,0,1
STU-009583,2025,civil,4.41,25.3,60.8,77.9,5.3,3.0,1.0,2.0,4,0
STU-009584,2027,information_technology,5.45,66.9,13.5,50.9,9.8,1.0,1.0,0.0,0,0
STU-009585,2027,computer_science,8.92,67.8,65.3,81.9,19.5,2.0,0.0,1.0,0,0
STU-009586,2027,information_technology,6.81,59.9,39.5,74.1,12.7,2.0,2.0,1.0,0,1
STU-009587,2025,information_technology,9.4,45.2,74.7,46.3,9.5,2.0,1.0,1.0,1,0
STU-009588,2026,computer_science,8.61,48.7,81.0,53.9,9.7,0.0,1.0,4.0,0,0
STU-009589,2027,mechanical,6.85,47.0,44.2,68.7,15.7,4.0,0.0,1.0,2,0
STU-009590,2024,information_technology,6.75,48.7,,75.3,4.5,1.0,1.0,4.0,0,0
STU-009591,2027,information_technology,9.0,54.6,56.9,68.7,12.2,0.0,2.0,3.0,0,0
STU-009592,2024,information_technology,9.52,45.3,65.9,67.5,18.3,1.0,0.0,2.0,0,1
STU-009593,2027,computer_science,6.77,89.8,61.1,53.1,2.3,2.0,1.0,1.0,0,0
STU-009594,2026,information_technology,8.87,84.3,45.4,62.5,4.2,3.0,1.0,1.0,1,0
STU-009595,2026,information_technology,8.28,64.7,43.2,61.0,6.3,0.0,0.0,1.0,1,0
STU-009596,2026,information_technology,8.48,60.5,75.7,41.0,33.4,2.0,1.0,4.0,0,0
STU-009597,2025,electronics,7.22,85.8,,66.7,10.1,2.0,2.0,3.0,1,0
STU-009598,2025,information_technology,6.33,81.0,74.1,56.9,7.4,1.0,1.0,2.0,0,0
STU-009599,2027,electronics,5.89,44.7,20.4,81.3,5.6,1.0,2.0,3.0,2,0
STU-009600,2026,mechanical,5.6,58.9,65.3,78.4,6.2,2.0,0.0,0.0,0,0
STU-009601,2026,information_technology,9.3,59.9,64.3,64.6,14.5,1.0,1.0,3.0,0,0
STU-009602,2025,information_technology,7.11,54.2,53.9,77.5,6.6,4.0,0.0,0.0,0,0
STU-009603,2026,mechanical,5.78,53.1,52.6,70.6,6.1,3.0,0.0,3.0,1,0
STU-009604,2025,information_technology,8.25,59.2,35.4,61.7,6.4,6.0,0.0,1.0,3,0
STU-009605,2025,information_technology,6.55,60.3,72.3,42.2,18.3,3.0,1.0,2.0,0,0
STU-009606,2027,mechanical,6.35,59.9,45.1,59.8,6.1,1.0,2.0,4.0,2,0
STU-009607,2026,electronics,9.48,84.5,50.7,57.3,2.5,1.0,1.0,2.0,0,0
STU-009608,2026,civil,5.57,43.0,86.1,60.5,11.9,,1.0,0.0,1,0
STU-009609,2027,information_technology,7.37,73.2,,58.8,6.7,,0.0,2.0,0,1
STU-009610,2025,information_technology,6.42,40.7,38.0,77.4,5.1,2.0,0.0,4.0,0,0
STU-009611,2027,computer_science,6.24,60.0,65.8,79.0,11.8,4.0,1.0,1.0,0,1
STU-009612,2026,computer_science,5.42,70.5,53.1,55.2,,2.0,2.0,3.0,1,0
STU-009613,2026,information_technology,7.17,,72.8,43.5,3.9,1.0,1.0,1.0,0,0
STU-009614,2025,computer_science,6.1,51.4,52.8,48.4,15.4,4.0,1.0,1.0,2,0
STU-009615,2024,information_technology,7.78,63.8,74.4,79.4,15.4,1.0,0.0,2.0,0,0
STU-009616,2026,computer_science,7.05,82.9,90.1,75.4,7.6,3.0,1.0,1.0,1,1
STU-009617,2024,computer_science,6.74,48.6,41.1,46.0,14.3,2.0,0.0,0.0,0,1
STU-009618,2024,information_technology,6.1,64.7,43.6,41.5,13.6,2.0,0.0,2.0,0,0
STU-009619,2026,electronics,8.75,76.0,34.7,53.7,12.4,1.0,1.0,2.0,0,0
STU-009620,2027,computer_science,7.95,54.1,65.2,87.1,10.9,3.0,,3.0,1,1
STU-009621,2024,mechanical,6.32,82.7,54.4,67.9,8.8,3.0,0.0,3.0,0,0
STU-009622,2027,computer_science,5.54,86.2,70.6,58.7,14.2,3.0,0.0,1.0,0,0
STU-009623,2027,computer_science,4.93,70.3,46.2,60.2,6.2,5.0,1.0,0.0,0,0
STU-009624,2027,civil,8.41,77.3,59.2,,24.4,3.0,0.0,1.0,1,0
STU-009625,2027,civil,8.15,34.4,62.9,57.9,14.3,0.0,1.0,2.0,2,0
STU-009626,2026,information_technology,8.3,40.8,56.2,79.4,13.4,1.0,0.0,2.0,1,0
STU-009627,2025,information_technology,6.96,56.7,61.1,56.5,5.9,2.0,2.0,2.0,0,1
STU-009628,2025,mechanical,8.03,50.2,63.0,58.6,4.6,4.0,0.0,5.0,0,0
STU-009629,2027,information_technology,,70.0,69.3,66.6,,2.0,0.0,0.0,0,0
STU-009630,2026,computer_science,7.02,,,46.3,22.3,0.0,0.0,3.0,1,0
STU-009631,2027,computer_science,6.69,66.7,63.1,66.7,7.2,2.0,0.0,4.0,0,1
STU-009632,2027,computer_science,5.98,53.3,61.4,50.4,6.3,2.0,3.0,4.0,1,0
STU-009633,2025,mechanical,7.59,51.1,51.8,55.0,28.9,2.0,1.0,2.0,0,0
STU-009634,2025,,7.74,88.1,56.6,56.7,16.2,1.0,1.0,0.0,0,0
STU-009635,2026,computer_science,6.63,52.6,50.5,,9.0,2.0,0.0,,1,0
STU-009636,2024,computer_science,6.77,33.3,33.2,63.4,8.1,1.0,1.0,1.0,0,0
STU-009637,2026,computer_science,6.85,64.6,46.1,61.0,8.7,0.0,0.0,3.0,0,0
STU-009638,2027,electronics,8.01,65.8,72.0,59.5,24.1,2.0,0.0,0.0,0,0
STU-009639,2026,mechanical,5.52,52.4,63.5,63.7,8.2,0.0,1.0,2.0,1,1
STU-009640,2025,information_technology,5.83,90.9,56.1,49.3,5.1,1.0,0.0,2.0,0,0
STU-009641,2027,mechanical,5.85,,33.2,31.8,9.7,1.0,1.0,3.0,0,0
STU-009642,2024,computer_science,6.93,73.1,71.4,61.9,7.4,1.0,0.0,1.0,1,0
STU-009643,2027,electronics,7.46,63.8,88.3,52.4,15.9,3.0,0.0,0.0,1,1
STU-009644,2024,information_technology,5.87,,60.6,68.4,7.9,3.0,0.0,1.0,0,0
STU-009645,2027,computer_science,8.15,55.3,59.5,54.3,6.6,3.0,1.0,2.0,0,0
STU-009646,2026,information_technology,8.78,45.6,47.4,35.4,11.2,,2.0,1.0,0,0
STU-009647,2026,mechanical,7.58,70.6,57.1,60.3,8.5,5.0,0.0,2.0,1,0
STU-009648,2026,computer_science,8.39,65.3,52.2,76.7,3.8,2.0,0.0,2.0,2,0
STU-009649,2025,information_technology,6.05,68.0,47.8,66.4,12.7,3.0,1.0,1.0,1,0
STU-009650,2026,mechanical,6.07,46.9,73.2,42.1,4.3,4.0,0.0,4.0,1,0
STU-009651,2027,mechanical,7.69,66.6,72.8,53.2,0.9,2.0,3.0,3.0,1,1
STU-009652,2027,information_technology,7.06,34.2,49.4,55.0,7.1,3.0,0.0,2.0,0,1
STU-009653,2024,computer_science,6.07,48.9,52.8,59.4,13.9,2.0,,3.0,0,1
STU-009654,2026,mechanical,8.74,50.9,61.9,53.8,9.1,1.0,1.0,0.0,1,0
STU-009655,2027,computer_science,7.44,66.3,49.4,37.4,14.5,4.0,0.0,4.0,0,0
STU-009656,2027,computer_science,7.91,52.6,35.8,60.1,8.1,3.0,0.0,3.0,1,0
STU-009657,2026,computer_science,6.32,36.1,66.4,82.1,18.8,2.0,0.0,2.0,2,1
STU-009658,2024,information_technology,9.03,53.5,,52.9,10.5,2.0,0.0,2.0,0,1
STU-009659,2027,electronics,6.92,66.8,44.4,44.6,15.0,1.0,0.0,1.0,0,0
STU-009660,2025,mechanical,8.27,62.5,49.0,81.9,32.7,2.0,3.0,1.0,0,0
STU-009661,2025,information_technology,6.43,45.7,68.2,88.9,23.2,0.0,1.0,2.0,0,0
STU-009662,2027,civil,7.29,71.2,44.9,56.3,23.8,5.0,1.0,2.0,0,0
STU-009663,2025,electronics,7.74,83.0,34.4,65.3,15.6,,1.0,2.0,0,1
STU-009664,2027,electronics,9.39,76.4,57.0,65.1,9.4,3.0,3.0,3.0,2,1
STU-009665,2024,computer_science,6.59,22.6,76.4,74.4,11.2,1.0,0.0,3.0,0,0
STU-009666,2027,computer_science,7.33,62.2,47.4,46.4,7.1,5.0,0.0,1.0,0,0
STU-009667,2027,electronics,7.78,57.4,47.1,61.6,16.8,1.0,0.0,2.0,0,0
STU-009668,2027,electronics,5.47,,40.9,,14.8,1.0,2.0,2.0,0,0
STU-009669,2027,computer_science,4.6,33.8,25.8,66.8,3.8,2.0,1.0,1.0,0,0
STU-009670,2027,information_technology,5.95,67.9,28.4,83.2,17.4,1.0,0.0,2.0,1,0
STU-009671,2025,information_technology,8.21,63.2,55.4,66.7,16.1,1.0,1.0,1.0,0,1
STU-009672,2027,information_technology,9.07,63.4,39.4,50.1,12.8,1.0,1.0,1.0,0,0
STU-009673,2027,computer_science,6.04,46.3,44.4,75.9,9.5,4.0,0.0,3.0,1,0
STU-009674,2026,computer_science,5.7,71.6,54.3,53.4,9.9,4.0,1.0,1.0,0,0
STU-009675,2025,computer_science,8.86,43.3,68.9,68.6,7.4,2.0,0.0,1.0,1,0
STU-009676,2024,mechanical,6.45,43.6,,51.1,8.5,3.0,0.0,2.0,1,0
STU-009677,2026,mechanical,6.67,52.6,33.3,43.4,15.9,1.0,1.0,0.0,1,0
STU-009678,2026,computer_science,8.78,38.7,55.1,51.4,11.0,0.0,0.0,0.0,1,0
STU-009679,2025,computer_science,8.59,48.0,67.2,24.2,27.0,3.0,0.0,3.0,0,1
STU-009680,2025,information_technology,8.17,,70.2,46.8,10.3,2.0,2.0,1.0,0,1
STU-009681,2026,computer_science,5.13,41.6,,92.0,2.9,2.0,0.0,,0,0
STU-009682,2024,mechanical,5.65,,37.6,22.5,18.3,0.0,1.0,1.0,0,0
STU-009683,2027,information_technology,8.39,70.3,62.0,40.0,7.9,2.0,0.0,3.0,0,1
STU-009684,2025,mechanical,,56.4,50.8,86.4,28.4,2.0,1.0,4.0,1,1
STU-009685,2024,computer_science,6.21,35.1,34.5,48.6,22.2,2.0,0.0,1.0,0,1
STU-009686,2024,civil,6.7,58.4,59.0,56.4,14.2,3.0,1.0,5.0,0,0
STU-009687,2027,mechanical,8.38,29.1,60.8,,6.2,0.0,0.0,2.0,0,0
STU-009688,2027,electronics,8.86,53.8,43.6,38.9,11.0,2.0,2.0,0.0,0,0
STU-009689,2024,civil,7.09,61.8,44.6,76.6,13.0,2.0,0.0,3.0,0,0
STU-009690,2024,information_technology,6.31,69.7,49.0,60.3,1.7,2.0,0.0,2.0,1,0
STU-009691,2026,computer_science,6.78,55.3,28.2,53.1,7.2,3.0,0.0,4.0,0,0
STU-009692,2025,information_technology,8.64,52.2,49.2,,2.8,4.0,0.0,2.0,1,0
STU-009693,2027,mechanical,8.62,50.9,72.2,43.4,7.0,1.0,2.0,0.0,0,0
STU-009694,2024,mechanical,7.32,51.6,48.0,62.5,11.2,2.0,0.0,2.0,0,1
STU-009695,2026,information_technology,6.49,66.3,39.4,47.8,15.8,0.0,1.0,3.0,1,1
STU-009696,2025,electronics,8.35,65.9,78.8,44.4,6.5,0.0,1.0,0.0,0,0
STU-009697,2026,computer_science,8.97,61.6,68.8,90.0,12.5,2.0,0.0,2.0,1,1
STU-009698,2026,computer_science,5.43,64.3,60.5,63.8,16.2,2.0,1.0,2.0,0,1
STU-009699,2024,electronics,6.83,,41.0,75.3,9.0,2.0,0.0,1.0,0,0
STU-009700,2025,information_technology,8.43,40.8,55.9,54.7,5.5,0.0,0.0,2.0,0,1
STU-009701,2024,computer_science,7.18,41.7,55.6,47.6,11.1,3.0,1.0,1.0,0,0
STU-009702,2024,mechanical,6.54,66.1,57.0,18.4,13.0,3.0,0.0,,2,0
STU-009703,2027,information_technology,7.31,38.0,95.1,57.6,4.3,4.0,1.0,2.0,1,0
STU-009704,2025,information_technology,7.53,53.3,58.5,38.8,6.7,1.0,0.0,2.0,0,0
STU-009705,2025,computer_science,5.8,53.9,68.6,63.3,1.3,2.0,0.0,0.0,2,0
STU-009706,2024,computer_science,7.2,42.9,94.7,43.9,1.3,4.0,1.0,4.0,3,0
STU-009707,2027,electronics,7.52,34.0,86.3,68.6,4.0,2.0,0.0,3.0,1,0
STU-009708,2027,mechanical,6.54,39.4,55.8,90.8,22.1,3.0,0.0,2.0,1,0
STU-009709,2027,computer_science,6.2,29.3,71.3,100.0,,2.0,1.0,1.0,0,1
STU-009710,2026,mechanical,6.48,66.1,55.1,66.5,5.3,0.0,1.0,1.0,1,0
STU-009711,2027,mechanical,5.98,61.9,50.3,61.8,,5.0,1.0,3.0,0,1
STU-009712,2025,mechanical,8.08,48.8,73.6,52.2,8.3,3.0,0.0,0.0,0,0
STU-009713,2027,electronics,5.97,35.4,65.9,51.1,14.4,3.0,,2.0,0,0
STU-009714,2027,information_technology,7.32,76.1,64.9,49.1,4.3,4.0,0.0,1.0,0,0
STU-009715,2024,mechanical,6.67,63.9,50.8,82.8,0.6,5.0,1.0,5.0,1,0
STU-009716,2026,information_technology,6.29,47.3,43.9,56.5,3.4,3.0,0.0,4.0,0,0
STU-009717,2025,computer_science,8.68,79.2,41.2,92.2,7.8,3.0,1.0,3.0,0,0
STU-009718,2024,information_technology,6.95,60.0,57.6,49.0,9.5,2.0,1.0,4.0,1,0
STU-009719,2027,information_technology,6.33,61.4,56.3,,22.3,1.0,0.0,3.0,1,0
STU-009720,2024,information_technology,,40.8,66.0,44.2,5.0,1.0,1.0,0.0,0,0
STU-009721,2027,mechanical,7.49,36.2,32.2,69.5,11.9,1.0,,5.0,0,0
STU-009722,2027,information_technology,8.05,36.6,61.0,59.2,28.7,,1.0,4.0,0,1
STU-009723,2026,computer_science,8.56,92.4,,61.5,22.7,0.0,0.0,2.0,1,0
STU-009724,2025,civil,6.91,45.4,53.7,57.7,10.3,3.0,1.0,2.0,1,0
STU-009725,2026,computer_science,6.84,58.7,75.5,69.8,10.0,0.0,0.0,5.0,0,1
STU-009726,2027,computer_science,7.25,65.4,77.8,71.4,7.7,2.0,1.0,2.0,1,0
STU-009727,2025,mechanical,7.29,58.3,73.4,73.6,3.0,1.0,0.0,0.0,0,0
STU-009728,2025,civil,6.21,54.1,,48.8,14.6,4.0,1.0,2.0,0,1
STU-009729,2026,electronics,8.78,58.9,58.9,66.5,16.3,4.0,1.0,3.0,0,1
STU-009730,2027,information_technology,7.13,65.5,76.0,55.0,12.4,1.0,0.0,4.0,1,0
STU-009731,2025,information_technology,7.71,43.8,86.9,80.6,12.1,0.0,0.0,1.0,2,0
STU-009732,2025,mechanical,7.59,52.6,84.5,65.5,5.0,1.0,1.0,4.0,1,0
STU-009733,2027,mechanical,7.56,24.6,65.6,66.2,7.6,1.0,0.0,5.0,0,0
STU-009734,2024,computer_science,5.95,27.9,51.5,58.1,15.1,1.0,0.0,3.0,1,0
STU-009735,2024,mechanical,7.09,38.7,67.1,50.6,5.5,2.0,0.0,2.0,2,0
STU-009736,2026,electronics,9.72,76.3,78.7,63.0,8.8,2.0,0.0,1.0,0,1
STU-009737,2024,computer_science,8.93,57.8,55.9,79.1,1.3,4.0,1.0,1.0,1,0
STU-009738,2025,computer_science,7.28,69.0,52.9,51.2,6.0,1.0,1.0,4.0,0,1
STU-009739,2026,computer_science,6.68,63.1,100.0,,2.6,4.0,1.0,1.0,3,0
STU-009740,2026,civil,4.55,57.0,38.4,70.0,8.2,3.0,0.0,1.0,0,0
STU-009741,2026,information_technology,6.53,42.9,67.6,33.6,15.4,1.0,1.0,3.0,0,0
STU-009742,2025,electronics,7.01,59.1,46.3,49.2,11.3,3.0,0.0,1.0,0,0
STU-009743,2026,computer_science,6.74,61.3,51.8,94.0,9.9,2.0,1.0,,0,0
STU-009744,2026,mechanical,6.82,90.6,38.6,60.3,11.4,1.0,1.0,1.0,2,0
STU-009745,2027,information_technology,7.82,54.4,42.6,49.3,7.7,3.0,3.0,2.0,2,0
STU-009746,2027,civil,5.95,66.9,61.3,49.8,13.1,0.0,1.0,2.0,0,0
STU-009747,2026,information_technology,7.41,,65.1,60.1,3.7,3.0,,0.0,0,0
STU-009748,2027,mechanical,6.97,47.4,,74.9,13.0,4.0,0.0,2.0,3,0
STU-009749,2027,electronics,6.09,69.2,51.8,57.3,3.0,4.0,2.0,3.0,0,0
STU-009750,2024,information_technology,9.03,90.4,65.7,51.1,4.9,2.0,0.0,2.0,0,0
STU-009751,2027,civil,7.96,63.9,58.1,30.3,21.4,2.0,2.0,2.0,0,1
STU-009752,2027,information_technology,6.2,46.1,35.2,49.3,8.2,1.0,1.0,3.0,0,0
STU-009753,2025,mechanical,7.69,66.4,67.8,52.2,15.0,5.0,1.0,2.0,1,1
STU-009754,2024,computer_science,5.5,59.2,46.1,66.5,4.2,1.0,1.0,2.0,0,0
STU-009755,2026,electronics,6.34,89.9,27.9,67.7,15.7,3.0,0.0,3.0,0,0
STU-009756,2026,civil,8.63,72.4,80.3,82.1,14.8,1.0,1.0,2.0,0,0
STU-009757,2027,mechanical,7.5,45.0,47.3,45.3,28.3,2.0,1.0,3.0,1,0
STU-009758,2026,information_technology,7.41,77.9,62.3,63.9,20.0,3.0,1.0,2.0,0,1
STU-009759,2024,information_technology,8.24,72.1,66.2,64.2,2.0,3.0,4.0,1.0,3,1
STU-009760,2025,mechanical,7.8,73.6,61.8,48.0,4.9,2.0,2.0,3.0,0,1
STU-009761,2027,computer_science,6.79,64.3,37.1,74.8,10.6,2.0,0.0,0.0,0,0
STU-009762,2024,civil,8.18,75.5,83.4,85.9,11.5,,1.0,2.0,0,1
STU-009763,2027,computer_science,5.16,60.9,35.2,62.3,7.7,2.0,0.0,1.0,0,0
STU-009764,2025,computer_science,6.33,52.8,10.6,55.3,15.5,2.0,1.0,2.0,0,0
STU-009765,2026,mechanical,6.99,60.0,69.4,82.9,13.8,0.0,,2.0,0,0
STU-009766,2026,information_technology,7.73,57.7,71.8,68.1,4.6,2.0,1.0,0.0,0,0
STU-009767,2025,information_technology,6.73,62.6,33.6,45.0,12.0,2.0,0.0,0.0,2,0
STU-009768,2026,computer_science,5.05,55.3,47.1,59.3,3.4,1.0,0.0,1.0,1,0
STU-009769,2026,civil,4.89,49.1,64.9,56.9,6.8,1.0,1.0,2.0,2,0
STU-009770,2024,electronics,7.02,55.3,79.1,50.2,12.3,2.0,0.0,1.0,0,1
STU-009771,2025,civil,6.55,57.0,63.6,50.8,13.6,5.0,1.0,2.0,0,1
STU-009772,2027,information_technology,6.05,,65.3,52.6,15.9,0.0,0.0,2.0,0,0
STU-009773,2027,information_technology,,71.1,62.6,73.3,3.4,0.0,1.0,1.0,0,0
STU-009774,2026,computer_science,7.25,63.7,53.7,57.9,10.5,2.0,0.0,1.0,0,0
STU-009775,2027,information_technology,8.6,52.0,42.9,63.2,7.9,3.0,1.0,3.0,0,1
STU-009776,2024,computer_science,7.25,67.4,51.6,75.5,10.1,1.0,0.0,0.0,0,1
STU-009777,2024,computer_science,8.61,53.6,80.6,57.8,11.4,0.0,3.0,1.0,0,1
STU-009778,2026,information_technology,6.67,49.7,72.6,45.2,11.9,1.0,0.0,3.0,1,0
STU-009779,2026,electronics,7.61,64.8,60.9,75.2,13.1,1.0,0.0,0.0,2,0
STU-009780,2027,information_technology,8.65,82.8,56.0,56.7,4.8,2.0,0.0,1.0,0,0
STU-009781,2025,information_technology,6.92,62.0,84.2,86.9,23.6,2.0,1.0,2.0,0,1
STU-009782,2026,information_technology,7.13,46.6,57.6,76.1,19.1,1.0,0.0,3.0,0,1
STU-009783,2026,information_technology,6.67,52.1,64.5,69.4,7.1,0.0,0.0,0.0,0,0
STU-009784,2025,mechanical,7.78,72.3,37.6,65.2,11.4,2.0,2.0,2.0,1,0
STU-009785,2026,mechanical,8.14,66.3,58.6,77.7,,3.0,1.0,2.0,2,0
STU-009786,2026,mechanical,7.5,73.4,75.5,65.5,12.9,8.0,3.0,2.0,0,1
STU-009787,2025,computer_science,6.84,63.6,31.1,31.6,8.4,0.0,1.0,1.0,0,0
STU-009788,2025,information_technology,5.38,66.3,47.8,60.6,19.9,2.0,0.0,3.0,1,0
STU-009789,2025,mechanical,7.04,88.3,62.1,70.0,9.9,4.0,0.0,3.0,1,0
STU-009790,2027,civil,6.88,37.5,78.8,47.9,6.3,2.0,1.0,3.0,0,0
STU-009791,2025,information_technology,7.37,94.8,73.1,98.3,11.7,,0.0,4.0,0,0
STU-009792,2024,information_technology,7.23,72.5,84.7,59.9,7.5,2.0,,2.0,3,0
STU-009793,2024,mechanical,8.91,100.0,76.8,69.9,,1.0,1.0,0.0,1,1
STU-009794,2024,civil,6.3,41.8,67.3,78.4,5.5,2.0,2.0,1.0,0,0
STU-009795,2025,information_technology,5.29,60.3,31.9,70.5,16.8,4.0,0.0,3.0,0,0
STU-009796,2026,computer_science,5.79,58.0,33.4,60.5,,1.0,0.0,1.0,0,0
STU-009797,2024,mechanical,6.37,70.0,81.1,67.6,1.0,1.0,1.0,3.0,1,1
STU-009798,2025,electronics,8.34,67.7,52.7,59.3,12.6,3.0,1.0,2.0,0,0
STU-009799,2024,computer_science,5.61,60.6,40.2,60.7,8.1,1.0,0.0,2.0,1,0
STU-009800,2025,computer_science,5.76,67.2,10.8,45.9,3.0,4.0,,2.0,0,0
STU-009801,2024,information_technology,7.58,57.5,75.3,58.4,4.1,2.0,0.0,0.0,0,1
STU-009802,2026,electronics,8.08,52.4,40.3,45.2,26.6,1.0,0.0,5.0,2,0
STU-009803,2026,mechanical,5.32,61.4,34.3,61.9,16.8,1.0,1.0,6.0,0,0
STU-009804,2027,computer_science,5.06,46.4,65.9,56.3,2.6,2.0,0.0,2.0,1,0
STU-009805,2025,computer_science,6.2,54.5,14.2,69.0,12.2,2.0,,3.0,1,0
STU-009806,2027,electronics,7.86,38.1,81.5,41.1,16.0,2.0,1.0,0.0,0,0
STU-009807,2026,computer_science,7.26,59.4,42.0,49.0,12.1,2.0,0.0,1.0,0,0
STU-009808,2024,information_technology,6.24,42.5,49.5,49.1,4.0,1.0,0.0,2.0,1,0
STU-009809,2026,information_technology,7.95,59.4,45.6,,13.5,1.0,1.0,0.0,2,0
STU-009810,2027,computer_science,7.24,42.2,33.4,58.6,5.2,2.0,0.0,4.0,2,0
STU-009811,2025,mechanical,6.98,57.7,42.0,77.4,6.3,2.0,0.0,1.0,0,0
STU-009812,2025,computer_science,5.24,68.0,33.9,62.6,2.8,3.0,0.0,1.0,0,1
STU-009813,2026,mechanical,6.21,47.5,30.9,62.0,4.9,2.0,0.0,2.0,2,0
STU-009814,2024,electronics,9.35,48.7,,47.2,1.9,2.0,1.0,3.0,0,0
STU-009815,2027,information_technology,6.71,69.2,37.4,58.0,17.3,1.0,1.0,3.0,2,0
STU-009816,2024,mechanical,6.0,,18.9,43.3,5.8,2.0,2.0,6.0,0,0
STU-009817,2024,computer_science,6.66,63.7,18.5,68.9,25.3,1.0,2.0,5.0,1,1
STU-009818,2024,mechanical,7.24,51.5,63.4,73.6,17.6,3.0,0.0,4.0,0,0
STU-009819,2025,computer_science,8.12,50.8,30.0,40.9,17.3,0.0,0.0,1.0,1,0
STU-009820,2027,civil,7.81,54.7,55.2,62.6,25.7,1.0,1.0,,0,0
STU-009821,2027,computer_science,6.32,55.8,85.8,60.5,0.7,3.0,3.0,0.0,0,0
STU-009822,2027,information_technology,8.56,,,78.9,14.2,,0.0,2.0,2,1
STU-009823,2026,computer_science,8.04,45.3,64.7,48.0,20.8,0.0,0.0,3.0,0,0
STU-009824,2026,information_technology,6.59,75.9,44.3,51.4,17.6,1.0,,0.0,0,0
STU-009825,2025,computer_science,6.95,61.0,54.6,65.7,12.4,3.0,0.0,,1,1
STU-009826,2024,computer_science,7.79,78.0,54.5,55.2,3.1,5.0,0.0,4.0,0,1
STU-009827,2027,computer_science,8.34,75.9,65.6,55.9,3.5,1.0,1.0,,0,0
STU-009828,2026,computer_science,5.35,50.0,76.6,55.6,7.5,4.0,1.0,3.0,1,0
STU-009829,2026,electronics,7.18,,48.5,69.3,9.5,1.0,2.0,0.0,0,0
STU-009830,2026,information_technology,7.06,72.6,41.9,77.9,5.7,3.0,0.0,1.0,0,0
STU-009831,2027,computer_science,6.44,68.3,51.5,60.8,32.3,1.0,0.0,1.0,1,0
STU-009832,2025,civil,6.44,71.7,69.1,58.2,25.8,1.0,2.0,3.0,0,1
STU-009833,2026,electronics,8.31,60.4,54.5,71.3,6.7,1.0,0.0,0.0,0,0
STU-009834,2026,computer_science,7.71,61.6,62.4,64.9,3.9,0.0,0.0,5.0,0,0
STU-009835,2027,information_technology,9.52,59.2,73.8,64.2,14.2,2.0,1.0,0.0,0,0
STU-009836,2024,information_technology,6.44,56.1,89.4,77.9,9.1,1.0,2.0,3.0,1,1
STU-009837,2024,electronics,7.26,48.2,71.7,47.1,15.8,,0.0,1.0,2,0
STU-009838,2026,mechanical,7.46,57.8,42.0,58.3,19.9,,0.0,1.0,0,0
STU-009839,2027,electronics,8.13,57.9,22.3,48.3,2.8,0.0,2.0,,0,0
STU-009840,2027,civil,,54.4,64.2,54.5,8.6,1.0,2.0,1.0,0,1
STU-009841,2026,electronics,7.21,,43.8,44.2,5.7,1.0,0.0,3.0,0,0
STU-009842,2025,civil,5.84,34.5,42.1,56.7,30.5,1.0,1.0,2.0,0,0
STU-009843,2025,information_technology,6.28,,35.2,67.2,,5.0,1.0,3.0,1,0
STU-009844,2026,electronics,7.26,44.7,47.5,25.2,6.4,1.0,0.0,0.0,1,0
STU-009845,2025,electronics,8.39,,51.6,57.4,15.7,,1.0,0.0,1,0
STU-009846,2026,electronics,,43.4,46.8,60.7,6.3,1.0,1.0,0.0,0,0
STU-009847,2027,computer_science,5.75,62.6,38.6,58.1,3.8,2.0,1.0,1.0,0,0
STU-009848,2025,computer_science,7.97,26.1,46.7,38.5,26.3,5.0,0.0,1.0,2,0
STU-009849,2025,computer_science,5.61,57.8,58.5,75.4,10.5,1.0,0.0,2.0,1,0
STU-009850,2024,computer_science,5.81,56.3,50.2,75.2,5.2,3.0,0.0,0.0,0,0
STU-009851,2025,civil,8.41,46.3,60.7,78.0,3.5,0.0,1.0,4.0,0,0
STU-009852,2026,electronics,6.85,60.4,53.5,54.2,4.9,3.0,0.0,2.0,0,0
STU-009853,2025,computer_science,6.76,39.3,38.8,64.4,5.7,2.0,0.0,1.0,0,0
STU-009854,2024,information_technology,8.67,60.7,86.1,51.8,8.7,4.0,3.0,2.0,1,1
STU-009855,2024,computer_science,5.88,,85.1,47.0,19.7,,2.0,3.0,0,0
STU-009856,2024,mechanical,5.65,86.0,70.6,46.3,13.1,0.0,1.0,1.0,0,1
STU-009857,2026,civil,8.97,74.9,32.9,64.8,19.6,4.0,1.0,2.0,0,0
STU-009858,2026,computer_science,7.37,62.4,45.2,73.7,14.3,1.0,0.0,1.0,1,0
STU-009859,2026,information_technology,7.88,45.4,70.6,80.0,11.8,0.0,0.0,0.0,0,0
STU-009860,2026,civil,6.74,,41.2,61.3,3.8,0.0,3.0,4.0,1,0
STU-009861,2024,electronics,6.98,54.4,43.0,52.4,17.0,0.0,0.0,3.0,2,0
STU-009862,2026,mechanical,6.29,60.2,28.9,60.6,4.9,3.0,0.0,1.0,0,0
STU-009863,2024,information_technology,7.47,64.9,,75.6,17.5,0.0,1.0,3.0,1,0
STU-009864,2027,computer_science,8.06,63.5,45.3,,26.9,3.0,1.0,2.0,1,1
STU-009865,2024,electronics,7.33,63.8,15.7,78.5,13.4,1.0,2.0,,1,0
STU-009866,2026,computer_science,8.32,58.1,79.9,77.1,6.7,3.0,0.0,2.0,0,0
STU-009867,2024,mechanical,7.86,64.9,,81.1,2.6,4.0,0.0,1.0,0,0
STU-009868,2027,electronics,5.89,46.2,27.9,63.0,14.6,5.0,2.0,0.0,1,0
STU-009869,2024,computer_science,6.93,41.9,69.5,65.9,10.1,1.0,,0.0,0,0
STU-009870,2027,information_technology,6.58,84.9,,76.8,2.5,0.0,0.0,2.0,0,0
STU-009871,2024,mechanical,7.97,66.2,,69.2,11.0,4.0,0.0,2.0,0,1
STU-009872,2027,civil,7.63,86.4,70.0,74.1,,2.0,0.0,2.0,1,1
STU-009873,2026,information_technology,7.25,54.4,42.8,53.5,5.2,2.0,2.0,1.0,1,0
STU-009874,2025,mechanical,8.27,96.7,71.4,81.6,4.2,1.0,1.0,0.0,1,1
STU-009875,2025,computer_science,4.95,55.1,58.9,55.0,18.5,2.0,1.0,4.0,1,0
STU-009876,2025,civil,6.41,74.0,70.6,77.6,10.6,1.0,0.0,2.0,1,0
STU-009877,2027,electronics,6.5,57.5,70.0,60.7,4.3,2.0,0.0,3.0,1,0
STU-009878,2027,computer_science,7.39,,91.9,54.5,5.0,3.0,1.0,2.0,0,1
STU-009879,2024,electronics,7.74,57.7,74.1,34.1,11.9,2.0,0.0,2.0,1,1
STU-009880,2025,electronics,7.1,50.8,42.1,59.0,3.5,2.0,0.0,1.0,0,0
STU-009881,2025,electronics,5.59,69.9,52.4,44.5,13.1,5.0,0.0,2.0,0,0
STU-009882,2024,information_technology,7.57,59.0,39.4,49.1,1.5,3.0,0.0,1.0,0,0
STU-009883,2026,electronics,7.25,71.0,76.5,69.1,11.9,3.0,,2.0,1,1
STU-009884,2025,mechanical,5.41,68.4,34.1,40.7,10.9,1.0,0.0,0.0,1,0
STU-009885,2025,information_technology,6.76,78.7,92.0,79.2,34.5,4.0,0.0,1.0,1,1
STU-009886,2027,computer_science,7.53,65.4,52.1,97.3,6.0,0.0,0.0,2.0,0,0
STU-009887,2027,mechanical,9.0,39.3,62.3,55.2,9.9,4.0,1.0,1.0,3,1
STU-009888,2027,electronics,5.85,50.9,42.5,78.9,3.3,3.0,1.0,1.0,0,0
STU-009889,2024,information_technology,8.01,59.6,46.8,42.4,12.2,1.0,1.0,2.0,0,0
STU-009890,2027,mechanical,5.86,55.9,41.4,67.6,29.0,0.0,1.0,3.0,0,0
STU-009891,2026,computer_science,5.64,75.1,53.5,67.0,6.9,0.0,0.0,1.0,1,0
STU-009892,2026,mechanical,5.71,72.5,50.1,100.0,6.7,1.0,0.0,3.0,1,0
STU-009893,2024,,7.8,57.4,50.9,56.8,10.0,0.0,0.0,0.0,0,0
STU-009894,2027,computer_science,7.25,95.0,61.2,68.5,5.7,0.0,1.0,1.0,1,0
STU-009895,2026,civil,6.74,52.2,44.7,59.4,13.8,1.0,0.0,2.0,0,0
STU-009896,2027,mechanical,7.63,55.2,57.4,56.8,4.1,1.0,1.0,0.0,1,0
STU-009897,2026,computer_science,7.15,41.9,85.6,60.1,13.2,2.0,0.0,1.0,1,0
STU-009898,2027,civil,7.23,35.1,46.2,59.4,2.1,0.0,0.0,0.0,2,0
STU-009899,2026,civil,6.75,39.8,48.8,53.1,6.4,2.0,1.0,1.0,0,0
STU-009900,2027,mechanical,5.92,,31.0,65.8,5.6,1.0,0.0,2.0,0,0
STU-009901,2025,computer_science,9.05,73.2,57.4,49.5,8.7,2.0,1.0,2.0,0,1
STU-009902,2025,computer_science,8.71,48.2,68.2,56.4,11.3,2.0,1.0,0.0,0,0
STU-009903,2026,electronics,8.93,63.4,53.7,88.9,15.0,2.0,0.0,3.0,1,0
STU-009904,2026,civil,6.48,69.1,33.6,60.4,7.4,1.0,1.0,2.0,1,0
STU-009905,2026,computer_science,6.32,26.1,58.4,74.4,7.2,1.0,0.0,1.0,1,0
STU-009906,2026,information_technology,6.62,83.8,61.4,60.9,13.3,2.0,0.0,1.0,0,0
STU-009907,2026,computer_science,8.34,76.5,70.8,72.8,7.4,1.0,0.0,,0,1
STU-009908,2027,information_technology,7.1,70.4,34.3,59.6,5.2,3.0,0.0,5.0,1,0
STU-009909,2025,electronics,6.48,75.0,76.2,25.8,,4.0,0.0,0.0,1,0
STU-009910,2027,computer_science,7.52,28.4,48.8,61.6,15.9,2.0,,4.0,1,0
STU-009911,2024,electronics,6.25,53.2,34.9,48.0,16.8,0.0,1.0,2.0,0,0
STU-009912,2026,electronics,5.54,74.0,66.6,57.8,9.7,0.0,0.0,3.0,0,0
STU-009913,2027,information_technology,7.25,58.4,78.7,71.6,32.3,4.0,1.0,1.0,0,0
STU-009914,2025,mechanical,6.51,68.2,47.7,87.4,4.5,1.0,0.0,3.0,0,1
STU-009915,2025,computer_science,7.08,79.9,41.2,42.3,7.6,1.0,1.0,3.0,0,0
STU-009916,2025,computer_science,4.01,62.6,50.6,58.7,,3.0,0.0,1.0,0,0
STU-009917,2026,information_technology,6.07,52.3,28.6,62.2,14.5,1.0,0.0,3.0,0,1
STU-009918,2025,information_technology,7.05,66.7,98.6,62.7,0.9,2.0,0.0,2.0,2,1
STU-009919,2024,computer_science,5.36,29.6,30.9,,3.2,4.0,1.0,1.0,0,0
STU-009920,2027,civil,5.4,62.1,54.6,69.9,10.4,1.0,1.0,0.0,0,0
STU-009921,2025,computer_science,7.14,69.5,52.8,55.9,6.5,2.0,0.0,1.0,2,0
STU-009922,2026,computer_science,7.91,62.1,43.0,59.2,17.0,1.0,2.0,3.0,1,1
STU-009923,2026,mechanical,6.07,73.6,35.4,67.5,10.3,1.0,0.0,1.0,1,0
STU-009924,2024,civil,6.8,61.8,73.4,52.2,20.8,0.0,0.0,3.0,0,0
STU-009925,2024,information_technology,6.83,59.9,60.5,53.7,1.7,3.0,0.0,3.0,0,0
STU-009926,2027,computer_science,5.3,82.1,36.4,61.1,10.6,1.0,0.0,1.0,0,0
STU-009927,2026,information_technology,8.46,46.6,51.3,53.7,9.0,0.0,2.0,3.0,1,0
STU-009928,2024,computer_science,6.89,,,48.3,13.1,3.0,1.0,1.0,0,0
STU-009929,2027,information_technology,6.9,77.5,69.6,46.7,8.7,1.0,0.0,2.0,1,0
STU-009930,2026,electronics,7.53,71.7,72.8,61.4,7.0,3.0,2.0,3.0,1,0
STU-009931,2024,information_technology,5.31,48.5,57.2,81.2,5.7,2.0,0.0,1.0,1,0
STU-009932,2026,information_technology,8.16,65.5,63.9,67.5,,2.0,0.0,0.0,0,0
STU-009933,2026,electronics,8.31,48.6,70.9,48.7,11.5,2.0,0.0,3.0,0,1
STU-009934,2025,computer_science,7.26,50.1,28.0,83.7,3.0,3.0,1.0,1.0,1,0
STU-009935,2027,computer_science,7.63,61.2,62.2,55.0,1.9,2.0,1.0,1.0,1,0
STU-009936,2025,mechanical,6.73,44.2,72.1,84.2,2.5,2.0,1.0,2.0,0,0
STU-009937,2025,computer_science,8.09,56.7,63.3,61.0,14.9,2.0,1.0,1.0,1,0
STU-009938,2025,computer_science,6.15,39.8,52.5,65.7,7.5,1.0,0.0,2.0,0,1
STU-009939,2027,computer_science,,67.9,44.4,56.9,6.0,4.0,0.0,5.0,2,0
STU-009940,2026,information_technology,7.13,82.8,45.8,57.8,7.2,3.0,0.0,2.0,0,1
STU-009941,2027,electronics,7.06,91.1,46.3,81.4,16.5,4.0,1.0,0.0,0,1
STU-009942,2025,information_technology,8.33,45.2,64.1,59.5,1.7,1.0,0.0,2.0,0,0
STU-009943,2027,information_technology,9.62,50.4,,75.2,16.6,3.0,1.0,,0,1
STU-009944,2026,information_technology,6.97,57.2,23.9,62.7,4.2,2.0,1.0,2.0,1,0
STU-009945,2025,computer_science,7.64,71.6,71.1,60.4,18.0,3.0,1.0,3.0,0,1
STU-009946,2024,mechanical,6.18,55.0,60.6,70.7,29.6,1.0,0.0,1.0,1,0
STU-009947,2027,civil,8.29,76.7,66.2,60.3,7.9,1.0,1.0,0.0,1,1
STU-009948,2025,information_technology,6.5,66.7,37.1,51.0,6.0,1.0,0.0,2.0,0,0
STU-009949,2026,information_technology,10.0,39.2,58.6,51.4,22.5,2.0,0.0,7.0,1,0
STU-009950,2026,mechanical,5.18,56.9,56.5,70.1,4.3,3.0,0.0,1.0,0,0
STU-009951,2024,computer_science,9.57,46.3,65.7,31.1,8.5,0.0,2.0,3.0,0,1
STU-009952,2027,computer_science,,53.7,48.1,67.3,6.6,1.0,0.0,2.0,0,0
STU-009953,2027,civil,5.81,51.1,72.3,41.9,9.8,3.0,1.0,0.0,1,1
STU-009954,2026,computer_science,9.77,76.4,51.7,64.4,4.3,1.0,0.0,1.0,0,0
STU-009955,2026,computer_science,6.03,57.3,0.4,80.7,13.6,6.0,1.0,3.0,1,0
STU-009956,2026,information_technology,6.74,52.2,55.4,49.6,10.0,1.0,0.0,5.0,1,1
STU-009957,2027,electronics,5.61,88.4,51.6,69.3,9.9,1.0,0.0,0.0,3,0
STU-009958,2024,electronics,6.93,46.2,55.7,77.7,11.2,2.0,1.0,3.0,0,0
STU-009959,2026,computer_science,7.04,64.1,62.0,53.9,4.1,3.0,1.0,4.0,0,0
STU-009960,2025,electronics,8.05,71.8,49.7,52.9,14.1,1.0,0.0,3.0,0,0
STU-009961,2026,computer_science,9.9,68.0,84.1,67.3,2.7,4.0,1.0,2.0,0,0
STU-009962,2026,civil,6.51,45.2,29.8,79.5,8.9,2.0,0.0,1.0,0,0
STU-009963,2024,computer_science,4.0,39.4,42.6,94.0,20.8,1.0,1.0,1.0,0,0
STU-009964,2027,computer_science,7.85,70.7,47.7,51.6,3.6,3.0,0.0,3.0,3,0
STU-009965,2024,electronics,6.47,74.3,70.0,71.1,,1.0,0.0,2.0,1,0
STU-009966,2024,computer_science,9.19,63.3,50.3,55.3,7.6,2.0,3.0,1.0,0,1
STU-009967,2025,electronics,7.06,40.0,56.4,46.2,8.6,1.0,1.0,3.0,1,0
STU-009968,2026,computer_science,6.23,58.3,53.4,58.7,7.0,1.0,2.0,2.0,1,1
STU-009969,2024,information_technology,5.94,80.3,54.1,58.8,16.8,4.0,1.0,2.0,0,1
STU-009970,2026,computer_science,7.82,46.2,45.9,63.2,2.1,1.0,1.0,2.0,0,0
STU-009971,2027,information_technology,6.78,54.5,60.4,67.9,19.1,2.0,0.0,3.0,0,1
STU-009972,2024,computer_science,8.79,,62.6,65.3,6.9,4.0,1.0,2.0,0,0
STU-009973,2027,computer_science,6.86,75.7,60.3,79.0,14.7,0.0,1.0,4.0,1,0
STU-009974,2025,computer_science,8.73,55.2,88.7,88.3,14.1,,0.0,2.0,0,0
STU-009975,2026,mechanical,5.51,63.9,51.0,62.2,7.1,2.0,0.0,1.0,3,0
STU-009976,2024,electronics,5.1,76.7,30.5,55.1,5.8,3.0,2.0,0.0,1,0
STU-009977,2026,computer_science,8.05,39.5,92.6,59.2,26.9,2.0,0.0,5.0,0,1
STU-009978,2027,computer_science,6.57,39.1,69.9,58.8,26.4,1.0,,5.0,0,0
STU-009979,2024,computer_science,6.8,57.8,65.3,53.7,9.7,2.0,1.0,2.0,1,0
STU-009980,2024,computer_science,5.94,72.2,47.6,41.0,16.7,1.0,1.0,0.0,0,0
STU-009981,2025,information_technology,5.85,62.4,63.0,43.1,8.2,5.0,0.0,1.0,0,0
STU-009982,2024,information_technology,7.83,77.4,23.3,71.6,6.9,2.0,1.0,2.0,2,1
STU-009983,2027,civil,7.08,34.3,81.6,72.5,10.5,6.0,1.0,1.0,0,0
STU-009984,2026,mechanical,5.88,62.6,65.8,66.6,4.6,1.0,0.0,3.0,1,0
STU-009985,2026,computer_science,8.01,19.0,56.0,58.6,4.2,0.0,2.0,1.0,0,0
STU-009986,2027,computer_science,8.45,82.5,75.6,54.9,21.6,3.0,0.0,5.0,1,1
STU-009987,2027,computer_science,6.97,,65.4,42.8,13.5,0.0,0.0,2.0,0,0
STU-009988,2027,computer_science,8.25,57.2,42.9,52.9,5.3,4.0,0.0,2.0,1,0
STU-009989,2025,information_technology,5.95,22.9,53.8,51.8,14.2,1.0,0.0,3.0,2,0
STU-009990,2025,computer_science,7.76,58.1,64.4,42.2,7.2,2.0,0.0,5.0,0,0
STU-009991,2025,computer_science,7.29,77.0,53.9,65.0,8.0,2.0,0.0,3.0,1,0
STU-009992,2025,computer_science,6.19,64.2,48.0,51.7,5.8,1.0,0.0,2.0,0,0
STU-009993,2025,electronics,9.46,92.3,80.2,62.6,10.9,1.0,0.0,2.0,0,0
STU-009994,2024,computer_science,7.37,55.9,59.5,41.3,12.5,1.0,0.0,2.0,0,0
STU-009995,2025,civil,6.42,88.9,84.6,70.2,8.1,2.0,1.0,4.0,0,0
STU-009996,2026,information_technology,7.12,29.6,44.4,68.0,4.2,2.0,0.0,2.0,0,1
STU-009997,2025,computer_science,6.1,46.5,58.4,54.8,14.5,3.0,,2.0,0,1
STU-009998,2024,information_technology,5.77,37.8,34.4,81.2,5.8,2.0,1.0,4.0,0,0
STU-009999,2025,information_technology,6.58,69.9,64.8,60.9,12.8,3.0,0.0,0.0,0,0
STU-010000,2026,information_technology,6.66,40.8,34.7,63.9,,1.0,1.0,4.0,1,0
STU-010001,2027,information_technology,6.18,73.1,,40.1,21.8,0.0,1.0,3.0,0,0
STU-010002,2026,computer_science,8.54,73.0,,51.0,3.6,1.0,1.0,3.0,0,1
STU-010003,2025,computer_science,6.22,60.8,52.8,52.9,6.5,1.0,1.0,2.0,2,0
STU-010004,2024,computer_science,6.03,56.0,34.3,72.9,11.6,0.0,0.0,2.0,1,0
STU-010005,2025,electronics,5.74,41.3,66.0,75.5,17.2,0.0,0.0,3.0,0,0
STU-010006,2024,electronics,5.63,65.9,55.6,54.0,3.3,0.0,1.0,1.0,0,0
STU-010007,2025,electronics,8.28,54.5,58.7,64.4,18.5,1.0,1.0,1.0,1,0
STU-010008,2027,civil,7.4,71.9,40.1,74.0,12.4,3.0,1.0,3.0,0,0
STU-010009,2025,information_technology,7.89,83.8,31.2,57.2,19.5,0.0,0.0,1.0,2,0
STU-010010,2025,mechanical,8.27,57.4,98.4,41.5,3.6,5.0,0.0,2.0,1,0
STU-010011,2027,information_technology,6.72,78.8,44.1,72.0,7.4,5.0,1.0,3.0,1,0
STU-010012,2026,,8.79,66.0,45.3,67.9,12.3,1.0,2.0,1.0,1,0
STU-010013,2024,electronics,6.38,67.2,57.9,66.1,8.9,4.0,1.0,2.0,0,0
STU-010014,2024,computer_science,5.84,37.4,33.1,75.4,8.1,3.0,0.0,2.0,1,1
STU-010015,2027,computer_science,7.53,50.3,65.6,76.6,2.3,1.0,2.0,2.0,0,0
STU-010016,2024,information_technology,7.27,49.6,79.0,70.7,7.7,0.0,1.0,1.0,1,1
STU-010017,2026,computer_science,7.26,80.2,38.1,45.6,3.7,1.0,1.0,,1,0
STU-010018,2027,computer_science,8.27,,55.0,40.8,30.7,1.0,0.0,3.0,0,0
STU-010019,2025,mechanical,7.22,,63.2,66.9,12.6,1.0,0.0,2.0,1,0
STU-010020,2027,information_technology,7.46,59.3,36.1,62.9,40.0,3.0,0.0,1.0,1,1
STU-010021,2024,computer_science,8.66,57.5,46.2,64.0,6.6,2.0,3.0,1.0,0,0
STU-010022,2025,computer_science,,38.3,54.6,85.7,8.8,5.0,0.0,2.0,0,0
STU-010023,2025,civil,7.67,32.2,91.0,74.8,22.1,4.0,0.0,3.0,0,0
STU-010024,2027,civil,,51.4,34.4,59.4,8.4,0.0,1.0,2.0,0,0
STU-010025,2025,electronics,10.0,61.3,62.2,51.7,23.7,3.0,0.0,4.0,1,0
STU-010026,2024,computer_science,5.27,42.9,90.2,71.0,27.7,6.0,2.0,2.0,0,1
STU-010027,2027,information_technology,6.48,60.7,,68.5,10.3,4.0,0.0,2.0,1,1
STU-010028,2024,computer_science,6.44,87.9,24.0,59.0,20.9,1.0,0.0,0.0,0,0
STU-010029,2027,mechanical,9.52,87.0,61.1,23.7,16.3,2.0,0.0,2.0,1,0
STU-010030,2026,information_technology,6.41,58.1,62.6,48.6,2.2,3.0,0.0,0.0,2,0
STU-010031,2026,mechanical,7.61,61.0,82.0,73.9,23.8,2.0,1.0,2.0,0,0
STU-010032,2027,information_technology,6.45,67.4,76.5,43.9,14.6,0.0,0.0,4.0,0,0
STU-010033,2027,mechanical,5.9,60.4,60.1,70.1,10.3,2.0,0.0,2.0,0,0
STU-010034,2024,information_technology,7.76,70.1,70.2,68.2,9.5,1.0,0.0,1.0,1,0
STU-010035,2027,information_technology,6.27,61.6,30.0,48.1,29.8,1.0,0.0,2.0,0,0
STU-010036,2027,information_technology,7.34,61.0,44.6,74.6,9.6,5.0,1.0,0.0,0,0
STU-010037,2027,electronics,7.82,50.8,36.2,60.9,13.3,5.0,0.0,3.0,0,0
STU-010038,2026,,9.29,68.7,81.7,59.9,18.1,3.0,1.0,2.0,2,0
STU-010039,2026,information_technology,5.65,22.1,56.0,45.9,15.9,3.0,1.0,3.0,0,0
STU-010040,2026,civil,6.92,62.5,56.5,80.2,8.9,2.0,0.0,3.0,1,0
STU-010041,2024,information_technology,6.97,27.6,81.1,45.3,31.4,1.0,2.0,2.0,0,1
STU-010042,2026,computer_science,7.1,62.9,64.6,45.2,3.9,4.0,1.0,3.0,0,0
STU-010043,2026,computer_science,,50.0,,64.0,15.3,2.0,1.0,3.0,0,1
STU-010044,2026,computer_science,6.9,77.7,67.5,48.3,7.4,1.0,0.0,4.0,0,0
STU-010045,2025,mechanical,4.2,54.4,,91.0,11.9,1.0,1.0,2.0,1,1
STU-010046,2026,computer_science,6.87,58.5,36.8,48.2,11.3,0.0,1.0,3.0,1,0
STU-010047,2026,computer_science,6.96,64.7,71.4,73.1,7.5,2.0,1.0,2.0,1,0
STU-010048,2026,computer_science,6.82,45.4,62.3,85.0,20.2,2.0,1.0,3.0,0,0
STU-010049,2027,electronics,6.27,74.1,45.1,72.0,18.3,2.0,0.0,0.0,2,0
STU-010050,2026,civil,5.58,66.3,61.0,51.4,5.3,5.0,0.0,1.0,0,0
STU-010051,2024,mechanical,,,87.2,66.8,32.6,5.0,2.0,1.0,1,1
STU-010052,2024,computer_science,7.47,43.8,55.2,81.0,8.9,,0.0,0.0,1,0
STU-010053,2026,information_technology,6.88,52.2,41.8,41.0,12.9,4.0,0.0,2.0,2,0
STU-010054,2025,computer_science,9.55,61.5,53.2,77.4,3.4,3.0,1.0,,0,1
STU-010055,2027,civil,6.1,39.9,27.7,68.9,10.6,1.0,1.0,1.0,1,0
STU-010056,2024,computer_science,7.79,52.7,55.3,88.5,17.3,3.0,0.0,1.0,0,0
STU-010057,2024,civil,5.66,46.5,59.7,68.0,5.0,3.0,1.0,3.0,1,0
STU-010058,2025,mechanical,7.96,,88.3,64.1,10.6,2.0,1.0,2.0,1,0
STU-010059,2027,electronics,5.8,52.7,,71.6,12.2,0.0,2.0,2.0,0,1
STU-010060,2027,mechanical,7.64,66.6,63.7,44.6,13.1,0.0,1.0,2.0,1,0
STU-010061,2027,computer_science,9.35,63.2,64.8,50.6,1.4,2.0,0.0,4.0,1,0
STU-010062,2026,computer_science,7.21,64.4,55.7,63.0,6.1,1.0,0.0,1.0,0,0
STU-010063,2027,information_technology,4.58,56.9,,54.7,12.3,2.0,0.0,1.0,0,0
STU-010064,2024,computer_science,7.14,55.4,,53.4,14.9,1.0,0.0,3.0,0,0
STU-010065,2026,electronics,7.65,69.6,88.5,90.5,9.2,2.0,0.0,1.0,1,0
STU-010066,2027,information_technology,8.14,19.1,76.7,87.1,23.3,4.0,0.0,4.0,0,1
STU-010067,2025,mechanical,8.79,56.2,67.0,26.4,12.7,1.0,1.0,3.0,0,0
STU-010068,2027,mechanical,8.85,53.1,70.3,62.6,10.2,5.0,1.0,2.0,0,1
STU-010069,2025,computer_science,6.95,59.7,67.4,45.3,,2.0,1.0,0.0,0,0
STU-010070,2024,computer_science,6.34,47.2,44.7,78.1,10.9,2.0,0.0,2.0,1,0
STU-010071,2026,information_technology,5.81,63.9,43.3,65.1,4.2,1.0,0.0,0.0,0,0
STU-010072,2027,computer_science,6.48,67.8,42.4,82.5,10.5,2.0,1.0,1.0,0,1
STU-010073,2025,electronics,7.65,38.5,60.5,49.9,7.2,1.0,1.0,2.0,2,0
STU-010074,2027,,5.55,58.5,29.6,48.7,11.3,3.0,0.0,2.0,0,0
STU-010075,2024,electronics,6.03,36.9,39.8,58.9,7.4,3.0,0.0,2.0,0,0
STU-010076,2027,information_technology,,66.7,66.6,53.6,9.0,2.0,1.0,2.0,0,1
STU-010077,2026,mechanical,6.36,49.7,46.4,60.7,10.2,3.0,1.0,3.0,1,0
STU-010078,2024,electronics,7.53,47.0,27.3,78.6,5.9,2.0,0.0,0.0,2,0
STU-010079,2026,civil,6.16,30.7,45.2,68.5,11.5,3.0,,1.0,0,0
STU-010080,2026,mechanical,7.43,57.5,66.0,57.8,13.7,1.0,2.0,2.0,1,0
STU-010081,2026,electronics,6.21,39.1,53.8,62.8,14.7,2.0,1.0,2.0,1,0
STU-010082,2025,computer_science,4.91,31.6,17.9,39.8,21.9,2.0,1.0,1.0,0,0
STU-010083,2024,mechanical,8.2,63.2,77.3,34.7,8.4,1.0,1.0,0.0,1,0
STU-010084,2027,computer_science,6.3,71.1,48.0,79.0,14.7,1.0,0.0,2.0,0,0
STU-010085,2026,information_technology,6.81,63.5,60.0,51.3,17.8,0.0,0.0,0.0,0,0
STU-010086,2027,information_technology,6.31,35.1,70.0,82.1,5.2,0.0,1.0,,2,0
STU-010087,2026,computer_science,7.73,57.4,55.8,57.7,12.0,2.0,1.0,2.0,0,0
STU-010088,2027,computer_science,7.48,69.2,24.5,63.9,19.8,1.0,0.0,1.0,2,0
STU-010089,2024,computer_science,7.72,57.4,87.7,73.6,11.4,0.0,2.0,3.0,0,0
STU-010090,2026,mechanical,6.47,61.8,15.3,75.3,20.8,2.0,0.0,2.0,1,0
STU-010091,2026,electronics,7.04,51.5,49.5,54.8,13.5,4.0,,0.0,0,0
STU-010092,2024,civil,7.58,53.4,79.3,63.0,21.2,6.0,0.0,3.0,0,1
STU-010093,2024,mechanical,8.88,51.9,50.7,61.7,20.4,4.0,0.0,2.0,1,1
STU-010094,2026,information_technology,7.45,68.1,46.0,67.3,19.7,2.0,,2.0,0,0
STU-010095,2027,mechanical,5.95,66.0,,64.7,,3.0,1.0,4.0,0,0
STU-010096,2026,electronics,7.41,50.5,53.6,51.8,14.7,3.0,0.0,5.0,1,0
STU-010097,2024,computer_science,6.91,69.1,40.0,64.1,12.1,2.0,1.0,4.0,1,0
STU-010098,2027,civil,4.8,32.2,35.4,41.5,4.7,0.0,0.0,1.0,0,0
STU-010099,2024,civil,4.98,51.4,65.2,62.0,4.9,2.0,1.0,1.0,0,1
STU-010100,2025,computer_science,7.02,37.7,46.1,63.7,16.6,2.0,0.0,0.0,0,0
STU-010101,2027,mechanical,7.12,41.3,64.0,48.3,36.5,5.0,0.0,3.0,0,1
STU-010102,2027,computer_science,6.76,37.0,38.5,58.1,6.6,2.0,1.0,0.0,1,0
STU-010103,2027,civil,8.12,50.4,83.0,54.8,10.9,3.0,0.0,1.0,0,1
STU-010104,2027,electronics,6.02,65.3,67.0,55.1,11.5,2.0,0.0,3.0,1,0
STU-010105,2026,computer_science,5.51,53.8,47.5,72.6,7.7,2.0,3.0,2.0,1,1
STU-010106,2025,mechanical,6.15,47.5,62.5,68.5,12.7,5.0,0.0,3.0,0,0
STU-010107,2025,,6.4,54.2,78.5,75.5,14.1,4.0,0.0,0.0,0,0
STU-010108,2027,computer_science,7.03,27.2,38.1,91.1,17.3,4.0,1.0,2.0,0,0
STU-010109,2027,mechanical,6.18,64.9,33.8,77.4,12.3,2.0,0.0,1.0,2,0
STU-010110,2025,mechanical,4.64,19.6,51.9,40.5,3.8,3.0,0.0,1.0,0,0
STU-010111,2025,information_technology,4.15,41.7,21.6,52.8,25.8,3.0,0.0,0.0,1,0
STU-010112,2025,electronics,7.24,57.3,29.6,80.8,11.4,1.0,0.0,3.0,0,0
STU-010113,2025,computer_science,5.8,62.3,23.0,56.5,8.3,2.0,0.0,1.0,1,0
STU-010114,2027,computer_science,4.79,57.2,48.7,55.5,7.8,1.0,0.0,1.0,0,0
STU-010115,2024,electronics,7.82,58.9,23.7,66.7,4.4,2.0,0.0,0.0,1,0
STU-010116,2026,computer_science,8.88,83.6,55.7,58.0,9.7,2.0,0.0,2.0,0,1
STU-010117,2027,information_technology,6.99,88.2,0.0,85.9,8.3,3.0,0.0,2.0,2,0
STU-010118,2026,civil,7.41,58.9,64.1,59.7,19.3,1.0,0.0,2.0,0,0
STU-010119,2026,mechanical,7.42,57.3,65.3,95.8,5.5,2.0,,3.0,0,1
STU-010120,2025,information_technology,4.44,50.5,41.1,54.2,,3.0,1.0,0.0,0,0
STU-010121,2024,electronics,8.12,51.1,79.6,52.8,13.9,3.0,1.0,1.0,0,1
STU-010122,2025,mechanical,8.53,66.7,74.6,50.3,9.0,3.0,0.0,4.0,0,1
STU-010123,2024,mechanical,9.21,81.5,50.4,51.0,26.1,2.0,0.0,3.0,0,1
STU-010124,2024,computer_science,6.6,19.8,38.5,72.1,6.8,2.0,2.0,1.0,1,0
STU-010125,2024,information_technology,5.79,53.0,,43.2,15.4,1.0,0.0,5.0,0,0
STU-010126,2025,computer_science,8.66,83.7,73.3,47.9,16.5,2.0,3.0,2.0,1,1
STU-010127,2024,computer_science,7.67,65.2,53.1,69.3,3.7,2.0,3.0,1.0,0,1
STU-010128,2027,computer_science,8.11,66.4,29.5,31.6,10.1,2.0,1.0,3.0,0,0
STU-010129,2024,electronics,6.36,32.7,,41.4,4.1,0.0,0.0,3.0,1,0
STU-010130,2025,mechanical,7.41,69.4,57.8,61.3,7.7,0.0,2.0,,0,0
STU-010131,2027,civil,5.89,70.9,49.6,67.7,2.0,3.0,0.0,3.0,0,0
STU-010132,2024,information_technology,7.09,,,57.3,6.6,1.0,0.0,2.0,0,0
STU-010133,2026,information_technology,6.7,47.6,62.9,68.1,12.3,1.0,0.0,2.0,2,0
STU-010134,2027,computer_science,9.8,70.2,,50.0,6.0,1.0,2.0,0.0,1,1
STU-010135,2026,computer_science,7.73,43.9,48.7,83.2,12.0,2.0,3.0,4.0,1,0
STU-010136,2025,computer_science,4.63,35.7,31.3,,31.4,1.0,1.0,3.0,0,1
STU-010137,2027,civil,7.1,70.2,57.3,50.6,15.5,1.0,1.0,3.0,2,0
STU-010138,2026,computer_science,7.52,75.5,,59.4,19.4,3.0,0.0,2.0,1,1
STU-010139,2025,electronics,6.55,46.0,,,3.1,2.0,0.0,0.0,0,1
STU-010140,2024,computer_science,5.83,38.2,59.8,75.0,3.1,3.0,0.0,0.0,0,0
STU-010141,2024,information_technology,7.86,46.6,38.8,44.1,6.7,2.0,0.0,1.0,1,0
STU-010142,2027,mechanical,5.99,59.0,39.9,54.5,3.5,2.0,0.0,2.0,0,0
STU-010143,2025,civil,,42.1,69.7,57.9,1.6,3.0,0.0,5.0,3,0
STU-010144,2024,computer_science,5.9,75.1,43.7,42.7,7.2,1.0,2.0,3.0,1,1
STU-010145,2026,civil,6.49,50.0,,50.3,12.1,2.0,2.0,3.0,1,0
STU-010146,2027,computer_science,8.2,65.9,64.5,67.2,6.0,2.0,0.0,2.0,2,1
STU-010147,2024,mechanical,7.66,48.2,37.8,55.0,8.1,0.0,0.0,2.0,0,0
STU-010148,2024,computer_science,7.14,67.0,28.9,74.2,8.9,0.0,0.0,5.0,0,0
STU-010149,2025,information_technology,7.07,68.1,68.6,72.4,6.4,1.0,1.0,2.0,1,1
STU-010150,2026,electronics,7.2,33.2,45.5,50.1,4.4,2.0,0.0,0.0,0,0
STU-010151,2026,mechanical,6.19,46.2,67.3,55.6,11.9,3.0,0.0,2.0,2,0
STU-010152,2027,mechanical,5.36,52.4,39.2,55.7,7.6,1.0,,1.0,0,0
STU-010153,2024,computer_science,7.75,51.6,62.1,56.3,5.0,2.0,0.0,0.0,0,0
STU-010154,2025,mechanical,8.86,74.8,56.7,82.6,26.0,,1.0,2.0,4,0
STU-010155,2025,computer_science,7.79,50.6,62.5,64.7,10.1,3.0,1.0,1.0,0,1
STU-010156,2025,computer_science,,69.5,69.0,38.8,3.2,5.0,1.0,3.0,1,0
STU-010157,2026,computer_science,5.71,62.7,50.2,52.8,7.5,2.0,2.0,2.0,0,0
STU-010158,2027,computer_science,8.11,58.6,70.7,55.5,15.6,1.0,3.0,3.0,0,0
STU-010159,2025,computer_science,7.65,70.7,28.7,67.9,7.6,2.0,0.0,6.0,1,0
STU-010160,2027,electronics,7.97,36.9,66.0,,7.4,5.0,0.0,3.0,0,1
STU-010161,2024,computer_science,8.29,59.7,60.5,73.0,9.7,4.0,0.0,,1,1
STU-010162,2026,electronics,8.92,50.2,58.2,60.6,4.5,,0.0,7.0,1,0
STU-010163,2025,computer_science,5.82,54.0,9.6,50.1,2.1,1.0,1.0,1.0,3,1
STU-010164,2026,electronics,5.62,48.2,21.1,81.9,19.5,2.0,0.0,4.0,0,1
STU-010165,2024,computer_science,7.27,59.4,59.9,57.8,11.9,3.0,1.0,2.0,1,1
STU-010166,2027,computer_science,6.04,56.2,57.2,42.1,10.3,2.0,1.0,2.0,0,0
STU-010167,2027,electronics,5.84,57.8,57.3,67.0,9.2,1.0,0.0,2.0,0,0
STU-010168,2027,civil,,63.7,60.9,44.7,9.8,1.0,0.0,1.0,0,1
STU-010169,2027,civil,5.94,64.5,30.4,71.2,28.7,3.0,0.0,4.0,0,0
STU-010170,2024,information_technology,7.09,39.3,37.9,56.5,5.8,0.0,1.0,0.0,0,0
STU-010171,2026,civil,5.22,62.1,12.0,57.7,19.0,1.0,2.0,3.0,1,0
STU-010172,2025,electronics,7.17,35.7,57.8,23.6,19.4,1.0,0.0,2.0,1,0
STU-010173,2027,civil,8.46,19.0,93.2,77.1,13.0,3.0,0.0,0.0,1,0
STU-010174,2025,computer_science,8.5,90.6,59.4,45.5,19.1,2.0,0.0,0.0,2,1
STU-010175,2025,computer_science,8.3,46.5,47.3,51.9,11.1,5.0,2.0,3.0,0,0
STU-010176,2026,computer_science,7.01,51.3,55.5,64.7,7.2,3.0,1.0,1.0,0,1
STU-010177,2024,mechanical,8.38,32.8,58.2,60.0,12.4,2.0,1.0,,0,0
STU-010178,2027,computer_science,7.59,52.4,27.9,94.1,40.0,0.0,1.0,4.0,0,0
STU-010179,2025,computer_science,6.6,60.3,57.7,37.9,11.9,1.0,2.0,3.0,0,0
STU-010180,2026,electronics,7.54,62.7,55.3,56.6,13.0,1.0,0.0,0.0,0,0
STU-010181,2027,civil,8.12,42.1,56.6,73.0,2.6,3.0,1.0,4.0,0,1
STU-010182,2026,electronics,5.57,48.5,83.1,55.8,4.1,2.0,0.0,2.0,1,1
STU-010183,2025,electronics,5.88,61.3,48.8,62.0,7.1,0.0,1.0,0.0,0,0
STU-010184,2024,computer_science,6.93,61.4,85.7,98.2,9.7,2.0,1.0,3.0,0,0
STU-010185,2024,civil,5.69,,35.7,62.9,14.8,2.0,1.0,6.0,1,1
STU-010186,2024,computer_science,5.68,66.8,24.0,81.6,25.5,1.0,1.0,1.0,0,0
STU-010187,2026,computer_science,6.62,55.6,39.7,71.1,4.4,4.0,0.0,3.0,0,0
STU-010188,2025,information_technology,8.24,81.4,79.9,72.3,9.5,3.0,,2.0,0,1
STU-010189,2025,computer_science,8.22,56.0,47.0,59.2,,2.0,0.0,1.0,0,1
STU-010190,2025,electronics,7.47,69.4,32.6,39.2,5.7,1.0,1.0,2.0,0,0
STU-010191,2027,electronics,7.31,69.6,62.0,77.2,27.0,1.0,0.0,4.0,1,0
STU-010192,2024,computer_science,9.5,38.4,58.5,69.8,10.4,5.0,0.0,1.0,2,1
STU-010193,2025,computer_science,6.48,63.6,62.7,69.5,7.3,3.0,0.0,1.0,0,0
STU-010194,2026,computer_science,7.38,49.2,45.1,59.9,8.6,2.0,1.0,1.0,1,1
STU-010195,2024,computer_science,6.42,41.7,37.0,52.9,2.6,1.0,0.0,3.0,0,0
STU-010196,2027,civil,5.62,,77.7,80.5,22.4,3.0,1.0,4.0,0,0
STU-010197,2024,electronics,8.46,63.4,46.7,66.6,11.2,2.0,0.0,4.0,0,0
STU-010198,2026,computer_science,6.75,34.0,39.8,36.4,24.3,3.0,1.0,3.0,0,0
STU-010199,2026,computer_science,7.9,60.2,66.4,61.3,9.9,2.0,1.0,3.0,1,1
STU-010200,2027,mechanical,6.82,54.4,6.9,57.7,31.2,5.0,2.0,2.0,0,1
STU-010201,2026,mechanical,8.53,76.6,73.6,25.2,3.9,5.0,0.0,2.0,1,0
STU-010202,2027,civil,5.95,46.4,81.2,,17.0,4.0,0.0,2.0,0,0
STU-010203,2026,computer_science,8.44,,75.5,98.3,7.4,0.0,0.0,0.0,1,0
STU-010204,2026,,8.13,66.1,41.8,29.0,24.6,3.0,0.0,1.0,1,0
STU-010205,2026,computer_science,5.04,53.6,34.8,45.8,7.7,1.0,2.0,5.0,1,0
STU-010206,2026,mechanical,6.51,,54.1,27.9,2.7,0.0,0.0,2.0,0,0
STU-010207,2026,information_technology,8.27,89.4,66.3,39.8,4.3,3.0,0.0,4.0,3,0
STU-010208,2025,electronics,8.98,58.8,90.4,36.3,4.9,1.0,0.0,2.0,1,0
STU-010209,2025,computer_science,7.92,48.7,85.4,45.4,5.2,1.0,,1.0,0,0
STU-010210,2025,mechanical,6.64,63.7,49.9,86.0,4.0,5.0,2.0,2.0,1,1
STU-010211,2024,computer_science,5.99,34.6,41.9,74.7,18.3,0.0,1.0,3.0,0,0
STU-010212,2025,mechanical,7.75,40.0,44.7,58.4,10.9,2.0,1.0,0.0,2,0
STU-010213,2024,computer_science,6.61,76.8,64.4,85.4,6.0,0.0,,2.0,1,0
STU-010214,2026,mechanical,6.66,65.9,72.0,55.3,9.3,3.0,3.0,3.0,0,1
STU-010215,2026,computer_science,6.84,44.8,55.5,48.6,22.8,1.0,0.0,3.0,2,0
STU-010216,2026,electronics,8.11,100.0,59.4,55.9,12.6,5.0,0.0,3.0,0,0
STU-010217,2026,mechanical,9.18,41.6,99.6,39.8,7.2,3.0,1.0,2.0,3,0
STU-010218,2024,information_technology,8.28,69.9,71.7,,5.9,0.0,0.0,1.0,0,1
STU-010219,2024,computer_science,7.11,46.3,20.5,71.2,23.9,5.0,0.0,2.0,2,0
STU-010220,2026,information_technology,6.07,82.8,50.7,66.6,6.1,3.0,0.0,1.0,0,0
STU-010221,2027,computer_science,7.87,51.8,61.9,44.0,1.8,1.0,0.0,2.0,1,0
STU-010222,2026,electronics,9.02,57.8,58.5,68.5,16.8,1.0,1.0,4.0,0,0
STU-010223,2026,computer_science,8.25,33.4,81.5,69.1,3.5,,0.0,3.0,1,0
STU-010224,2026,computer_science,7.34,89.9,50.7,53.5,17.0,3.0,0.0,1.0,0,0
STU-010225,2027,computer_science,6.54,47.8,36.4,48.7,5.5,2.0,2.0,1.0,0,0
STU-010226,2027,computer_science,7.5,66.2,44.9,73.1,4.7,2.0,0.0,0.0,0,0
STU-010227,2027,computer_science,8.43,60.9,72.2,68.3,2.1,3.0,1.0,3.0,0,1
STU-010228,2024,electronics,,50.5,33.4,86.4,11.6,1.0,1.0,1.0,2,0
STU-010229,2024,computer_science,6.98,24.5,46.5,68.1,15.4,2.0,1.0,3.0,0,0
STU-010230,2025,civil,6.31,,66.6,37.2,10.2,1.0,0.0,2.0,0,1
STU-010231,2026,electronics,10.0,59.9,43.9,40.5,7.9,2.0,2.0,5.0,2,0
STU-010232,2027,information_technology,6.08,60.9,33.7,59.0,5.9,2.0,2.0,1.0,1,0
STU-010233,2025,mechanical,5.97,88.1,22.1,73.3,7.1,3.0,1.0,2.0,1,1
STU-010234,2025,electronics,7.29,68.2,40.9,66.5,9.8,2.0,0.0,,0,0
STU-010235,2027,electronics,6.87,70.6,45.6,53.4,8.2,4.0,0.0,4.0,0,1
STU-010236,2025,computer_science,8.28,,56.1,38.4,7.3,1.0,0.0,4.0,0,0
STU-010237,2027,electronics,8.32,40.9,44.7,82.6,7.0,3.0,0.0,2.0,1,0
STU-010238,2024,computer_science,5.7,51.2,43.3,81.9,19.7,4.0,0.0,0.0,0,1
STU-010239,2025,information_technology,6.23,45.4,68.6,42.3,3.2,1.0,1.0,1.0,0,0
STU-010240,2025,computer_science,6.09,55.4,57.0,71.3,40.0,2.0,3.0,0.0,0,1
STU-010241,2025,information_technology,8.0,52.6,95.3,65.6,30.1,0.0,2.0,4.0,0,1
STU-010242,2024,electronics,7.59,34.0,45.9,71.6,4.5,4.0,2.0,0.0,0,0
STU-010243,2025,computer_science,6.67,76.4,46.1,83.3,21.9,0.0,2.0,3.0,0,0
STU-010244,2025,computer_science,7.35,56.6,59.0,82.0,8.3,1.0,0.0,3.0,0,0
STU-010245,2025,mechanical,5.8,50.7,,69.1,2.5,1.0,1.0,,0,0
STU-010246,2027,computer_science,6.25,39.9,51.5,58.6,12.9,4.0,0.0,2.0,0,0
STU-010247,2024,computer_science,5.6,48.1,16.8,57.8,7.1,2.0,0.0,2.0,0,0
STU-010248,2025,computer_science,7.27,45.6,49.8,58.9,20.8,2.0,0.0,4.0,1,0
STU-010249,2024,civil,7.26,40.6,71.0,100.0,32.2,2.0,1.0,2.0,1,0
STU-010250,2027,electronics,5.97,58.4,83.2,,3.7,1.0,0.0,1.0,0,0
STU-010251,2027,electronics,7.58,52.1,82.0,72.9,5.6,4.0,0.0,2.0,1,1
STU-010252,2027,mechanical,8.32,71.9,62.4,67.8,8.7,3.0,0.0,4.0,0,1
STU-010253,2027,electronics,5.91,50.4,58.8,48.1,11.9,2.0,0.0,2.0,0,0
STU-010254,2025,mechanical,6.72,59.2,59.5,68.7,4.9,1.0,0.0,1.0,0,0
STU-010255,2026,electronics,7.69,60.7,48.3,52.7,14.1,4.0,0.0,3.0,0,1
STU-010256,2025,mechanical,7.09,64.0,39.1,48.7,3.4,3.0,1.0,3.0,1,0
STU-010257,2027,electronics,5.52,42.4,53.3,70.3,3.9,4.0,1.0,2.0,1,0
STU-010258,2025,computer_science,6.59,70.7,51.5,44.3,17.8,2.0,1.0,2.0,1,0
STU-010259,2025,computer_science,6.55,39.4,,74.3,8.8,2.0,1.0,1.0,2,0
STU-010260,2027,computer_science,6.9,,14.1,70.0,8.4,2.0,0.0,1.0,0,0
STU-010261,2027,information_technology,6.95,39.8,51.9,79.7,16.1,3.0,0.0,3.0,0,1
STU-010262,2027,civil,8.9,60.0,83.2,68.7,0.9,4.0,0.0,0.0,1,0
STU-010263,2024,electronics,6.86,71.1,64.2,48.6,7.8,2.0,0.0,2.0,0,1
STU-010264,2025,mechanical,5.12,62.6,30.8,77.6,10.3,2.0,0.0,1.0,0,0
STU-010265,2025,electronics,7.2,74.3,33.6,78.3,3.5,2.0,0.0,1.0,0,0
STU-010266,2026,civil,9.11,57.7,62.7,74.5,9.0,2.0,0.0,2.0,1,0
STU-010267,2026,electronics,6.91,71.4,68.0,72.3,19.4,2.0,0.0,0.0,0,0
STU-010268,2025,computer_science,6.6,,62.2,41.3,14.0,3.0,1.0,2.0,0,0
STU-010269,2027,information_technology,6.75,50.6,,74.0,1.2,3.0,0.0,4.0,1,0
STU-010270,2025,information_technology,7.77,61.5,69.0,44.5,8.9,4.0,1.0,4.0,2,0
STU-010271,2026,computer_science,6.74,70.2,58.4,53.3,19.7,1.0,1.0,1.0,0,1
STU-010272,2027,computer_science,5.36,,58.6,50.4,15.2,1.0,0.0,2.0,1,0
STU-010273,2026,computer_science,6.33,67.1,68.2,40.0,7.9,1.0,2.0,3.0,0,0
STU-010274,2025,computer_science,7.03,61.5,47.5,64.5,17.1,4.0,0.0,3.0,1,1
STU-010275,2025,computer_science,7.72,64.5,42.8,61.6,18.6,3.0,3.0,1.0,1,1
STU-010276,2024,civil,6.43,44.0,65.1,80.6,6.2,0.0,0.0,1.0,0,0
STU-010277,2027,information_technology,6.76,51.7,45.4,78.9,16.3,2.0,0.0,0.0,0,0
STU-010278,2026,mechanical,7.15,56.9,22.5,64.5,6.2,3.0,1.0,3.0,2,0
STU-010279,2024,computer_science,6.21,61.5,76.1,73.0,5.5,2.0,2.0,1.0,0,1
STU-010280,2027,civil,6.99,45.9,,60.5,11.5,5.0,2.0,5.0,2,1
STU-010281,2026,mechanical,7.64,39.9,61.1,60.5,4.1,2.0,1.0,0.0,0,0
STU-010282,2027,civil,5.74,23.5,46.8,63.8,8.1,1.0,1.0,0.0,0,0
STU-010283,2026,information_technology,7.45,70.1,71.0,59.9,5.6,5.0,1.0,3.0,0,0
STU-010284,2027,electronics,5.85,69.9,28.6,65.0,8.1,1.0,2.0,1.0,0,0
STU-010285,2025,information_technology,5.87,,50.5,71.3,26.2,1.0,2.0,1.0,0,0
STU-010286,2025,information_technology,6.34,57.8,57.1,44.9,34.3,4.0,1.0,,1,1
STU-010287,2027,electronics,8.67,55.7,71.0,56.3,4.2,2.0,0.0,2.0,1,0
STU-010288,2027,computer_science,5.13,72.5,18.5,72.9,28.8,2.0,0.0,1.0,1,0
STU-010289,2026,computer_science,6.57,54.0,63.4,54.2,5.8,2.0,0.0,5.0,1,1
STU-010290,2024,mechanical,7.07,66.3,48.2,,16.8,1.0,0.0,2.0,0,0
STU-010291,2025,computer_science,8.44,54.5,49.7,76.2,5.2,5.0,0.0,3.0,1,0
STU-010292,2027,electronics,9.34,52.4,37.8,51.6,12.0,2.0,0.0,1.0,1,0
STU-010293,2027,computer_science,6.61,68.7,91.4,68.1,14.5,1.0,1.0,3.0,0,0
STU-010294,2025,information_technology,7.72,75.6,55.7,64.1,17.7,,0.0,1.0,2,0
STU-010295,2024,computer_science,6.99,38.9,59.1,74.4,29.6,2.0,1.0,1.0,0,0
STU-010296,2026,information_technology,6.98,75.1,37.1,61.1,7.1,2.0,0.0,4.0,0,0
STU-010297,2027,mechanical,7.41,44.2,30.7,50.9,15.1,0.0,0.0,1.0,2,0
STU-010298,2026,mechanical,5.28,19.6,62.0,52.9,,,0.0,2.0,0,0
STU-010299,2026,computer_science,7.04,58.3,32.2,85.2,26.8,3.0,0.0,2.0,0,0
STU-010300,2027,computer_science,7.62,66.8,79.6,54.5,20.2,4.0,1.0,1.0,0,1
STU-010301,2025,,6.11,33.5,82.1,53.6,18.2,2.0,1.0,3.0,0,0
STU-010302,2026,computer_science,7.63,29.5,44.3,55.5,1.8,3.0,1.0,2.0,2,0
STU-010303,2026,computer_science,5.11,46.8,39.6,58.2,33.5,3.0,1.0,2.0,1,0
STU-010304,2026,information_technology,7.21,49.0,12.6,56.3,3.1,1.0,0.0,2.0,1,0
STU-010305,2027,mechanical,8.64,81.8,31.9,69.9,3.7,4.0,2.0,6.0,2,0
STU-010306,2026,computer_science,6.85,57.9,65.1,63.4,7.3,3.0,1.0,1.0,0,0
STU-010307,2026,computer_science,5.98,67.0,72.2,53.7,10.4,4.0,1.0,0.0,0,0
STU-010308,2024,civil,5.46,,35.6,72.1,15.2,0.0,2.0,0.0,0,0
STU-010309,2026,civil,7.55,82.6,46.5,65.9,15.2,6.0,1.0,2.0,2,1
STU-010310,2024,electronics,8.17,47.0,32.8,80.6,10.2,4.0,1.0,2.0,1,0
STU-010311,2024,electronics,7.04,56.8,35.9,66.4,17.2,1.0,0.0,4.0,1,1
STU-010312,2026,civil,6.57,33.6,75.9,60.2,40.0,2.0,1.0,4.0,1,1
STU-010313,2026,electronics,4.88,65.9,51.8,59.2,26.5,1.0,2.0,3.0,1,1
STU-010314,2027,mechanical,7.24,75.2,25.5,64.0,7.3,1.0,1.0,3.0,0,1
STU-010315,2026,information_technology,6.31,69.7,61.9,67.1,7.8,1.0,0.0,2.0,1,1
STU-010316,2027,computer_science,6.37,54.9,92.8,62.0,5.5,2.0,1.0,1.0,2,0
STU-010317,2025,mechanical,8.96,39.6,56.1,55.8,14.7,0.0,0.0,0.0,1,0
STU-010318,2026,electronics,5.03,52.8,35.8,70.8,4.4,4.0,2.0,1.0,0,0
STU-010319,2027,computer_science,5.18,44.2,57.6,68.1,5.0,2.0,0.0,2.0,1,0
STU-010320,2025,electronics,7.37,72.6,73.6,62.3,10.2,1.0,1.0,0.0,2,1
STU-010321,2027,mechanical,6.66,50.9,67.6,71.4,10.9,4.0,2.0,1.0,0,0
STU-010322,2026,computer_science,6.5,50.3,47.6,60.9,12.5,4.0,0.0,4.0,0,1
STU-010323,2025,mechanical,7.41,,49.5,62.2,2.0,0.0,0.0,1.0,0,0
STU-010324,2026,computer_science,7.39,70.8,27.3,70.8,5.2,3.0,1.0,2.0,0,1
STU-010325,2025,electronics,5.98,72.1,30.0,73.2,10.9,1.0,1.0,0.0,0,0
STU-010326,2024,civil,6.42,49.2,58.8,71.1,22.2,5.0,0.0,3.0,1,0
STU-010327,2025,mechanical,7.16,41.8,46.5,,7.8,1.0,2.0,2.0,1,0
STU-010328,2025,mechanical,7.29,74.6,60.4,67.3,,1.0,0.0,0.0,2,0
STU-010329,2025,electronics,7.66,81.7,53.6,62.6,20.3,3.0,1.0,1.0,2,1
STU-010330,2027,information_technology,6.43,37.6,53.8,67.5,2.4,1.0,2.0,3.0,1,0
STU-010331,2025,electronics,7.5,51.2,57.3,87.5,18.4,1.0,2.0,3.0,1,0
STU-010332,2027,computer_science,8.19,46.7,72.5,59.1,5.4,3.0,0.0,2.0,0,0
STU-010333,2026,information_technology,7.15,65.5,70.0,62.3,13.0,0.0,0.0,1.0,1,0
STU-010334,2024,information_technology,6.98,74.3,54.6,54.1,5.0,1.0,1.0,2.0,0,0
STU-010335,2025,information_technology,6.83,52.1,50.8,59.3,3.3,1.0,3.0,1.0,1,0
STU-010336,2027,information_technology,6.39,51.2,52.0,52.5,4.1,1.0,0.0,2.0,1,0
STU-010337,2026,information_technology,6.02,26.7,37.8,,12.6,0.0,1.0,1.0,0,0
STU-010338,2027,computer_science,6.76,43.2,72.5,34.6,14.8,2.0,0.0,0.0,0,1
STU-010339,2025,computer_science,7.62,81.8,47.9,52.3,3.1,1.0,1.0,3.0,1,0
STU-010340,2026,information_technology,6.08,63.5,48.6,53.2,4.7,3.0,0.0,2.0,0,0
STU-010341,2027,computer_science,7.01,71.9,58.0,61.2,5.2,1.0,4.0,3.0,0,0
STU-010342,2027,civil,6.88,,59.8,54.5,2.8,2.0,1.0,2.0,1,0
STU-010343,2024,computer_science,9.14,58.2,68.1,76.5,7.5,1.0,0.0,1.0,0,1
STU-010344,2027,mechanical,7.93,60.1,56.4,65.2,32.1,1.0,2.0,1.0,1,1
STU-010345,2025,computer_science,7.91,64.7,,72.4,11.6,1.0,1.0,0.0,1,0
STU-010346,2027,mechanical,8.16,81.0,60.9,75.8,8.8,1.0,1.0,0.0,0,0
STU-010347,2026,electronics,6.47,46.9,48.6,81.4,15.8,2.0,0.0,8.0,1,0
STU-010348,2026,civil,8.68,59.3,92.3,75.6,18.2,,1.0,4.0,0,1
STU-010349,2025,,7.28,46.7,42.9,49.6,5.5,3.0,,3.0,0,0
STU-010350,2027,electronics,7.05,28.6,85.7,74.0,5.5,2.0,0.0,1.0,0,0
STU-010351,2025,computer_science,5.7,69.2,15.9,66.5,7.2,4.0,0.0,,2,0
STU-010352,2026,information_technology,6.64,83.5,46.7,80.9,2.9,0.0,0.0,4.0,0,1
STU-010353,2026,computer_science,5.07,65.6,18.9,62.4,4.2,0.0,0.0,5.0,0,0
STU-010354,2027,mechanical,6.81,61.1,31.1,78.0,15.4,1.0,0.0,5.0,1,0
STU-010355,2026,mechanical,6.44,,60.4,63.4,4.3,4.0,,2.0,0,1
STU-010356,2026,computer_science,6.64,64.2,58.4,64.0,4.5,2.0,0.0,2.0,1,1
STU-010357,2026,electronics,5.51,67.1,38.7,71.3,,1.0,1.0,4.0,0,1
STU-010358,2026,computer_science,7.91,61.9,86.4,57.6,33.8,2.0,1.0,1.0,3,0
STU-010359,2026,electronics,7.78,64.0,,69.7,8.4,1.0,,0.0,1,0
STU-010360,2026,,9.04,,62.3,40.7,13.6,,1.0,3.0,0,0
STU-010361,2027,information_technology,9.01,74.5,32.3,68.8,11.8,3.0,1.0,4.0,0,1
STU-010362,2026,mechanical,7.28,,72.4,44.2,8.1,1.0,0.0,1.0,0,1
STU-010363,2025,computer_science,8.28,66.8,51.9,69.8,18.4,2.0,0.0,1.0,0,0
STU-010364,2026,mechanical,7.4,46.0,61.6,18.3,3.8,1.0,0.0,1.0,0,0
STU-010365,2024,electronics,6.61,64.9,67.0,36.6,8.2,4.0,0.0,2.0,0,0
STU-010366,2025,computer_science,6.78,93.5,,62.7,9.2,1.0,0.0,3.0,0,0
STU-010367,2027,information_technology,7.83,70.2,80.1,63.0,2.9,2.0,2.0,3.0,0,1
STU-010368,2026,computer_science,10.0,81.6,60.5,58.5,9.2,0.0,2.0,3.0,3,0
STU-010369,2026,electronics,8.44,74.4,69.9,72.1,4.5,0.0,1.0,3.0,0,1
STU-010370,2027,mechanical,7.38,23.9,69.4,75.1,,3.0,2.0,2.0,0,1
STU-010371,2025,computer_science,7.66,57.3,73.1,97.4,12.3,1.0,0.0,2.0,0,1
STU-010372,2024,computer_science,7.65,66.0,87.2,62.6,15.6,2.0,0.0,0.0,0,0
STU-010373,2024,information_technology,7.0,26.7,41.0,76.5,9.9,1.0,0.0,2.0,0,0
STU-010374,2025,computer_science,7.97,55.7,39.6,50.4,11.6,2.0,1.0,,2,0
STU-010375,2027,computer_science,6.92,56.7,,54.3,15.6,0.0,0.0,0.0,0,0
STU-010376,2027,electronics,5.94,,100.0,50.5,38.1,1.0,,2.0,1,0
STU-010377,2026,information_technology,7.65,44.8,80.6,60.5,3.3,2.0,0.0,1.0,0,0
STU-010378,2025,mechanical,7.81,79.7,48.9,65.1,28.3,2.0,1.0,3.0,1,0
STU-010379,2026,information_technology,6.93,4.2,48.8,76.6,1.7,0.0,0.0,1.0,1,0
STU-010380,2024,electronics,7.46,63.0,56.6,66.8,5.3,2.0,0.0,1.0,0,0
STU-010381,2026,information_technology,8.21,77.9,64.5,80.7,,1.0,0.0,1.0,1,1
STU-010382,2026,computer_science,7.04,57.7,66.1,80.9,5.3,2.0,1.0,1.0,0,0
STU-010383,2024,information_technology,6.59,78.3,65.0,62.6,9.0,4.0,0.0,2.0,1,1
STU-010384,2027,electronics,6.28,50.2,,60.5,14.7,,0.0,2.0,0,0
STU-010385,2027,civil,6.81,44.0,88.3,40.7,3.1,2.0,1.0,,1,0
STU-010386,2025,computer_science,8.87,61.6,60.2,54.4,19.0,3.0,1.0,3.0,0,0
STU-010387,2026,information_technology,6.87,52.0,50.9,50.7,6.1,2.0,2.0,1.0,0,0
STU-010388,2026,electronics,7.51,50.4,50.9,51.3,21.8,2.0,1.0,1.0,1,1
STU-010389,2024,computer_science,6.73,54.7,49.2,56.1,11.0,4.0,1.0,4.0,0,0
STU-010390,2025,mechanical,6.63,45.4,59.8,69.4,7.9,2.0,0.0,2.0,0,0
STU-010391,2026,computer_science,6.09,43.6,62.2,66.1,2.6,1.0,1.0,0.0,0,0
STU-010392,2027,mechanical,7.22,41.6,85.2,75.8,5.0,3.0,1.0,1.0,0,0
STU-010393,2026,information_technology,6.51,63.3,41.0,67.4,10.7,3.0,2.0,2.0,0,1
STU-010394,2026,computer_science,8.56,46.1,67.4,53.7,15.0,2.0,0.0,0.0,0,0
STU-010395,2026,electronics,6.98,39.3,40.6,72.6,6.2,2.0,0.0,1.0,0,0
STU-010396,2026,computer_science,7.05,42.0,62.1,42.8,17.7,3.0,0.0,4.0,0,1
STU-010397,2024,electronics,6.89,60.9,100.0,75.7,17.3,1.0,0.0,2.0,0,1
STU-010398,2025,mechanical,7.53,69.1,54.8,51.3,12.9,3.0,2.0,0.0,1,0
STU-010399,2027,electronics,8.81,72.9,100.0,29.9,,2.0,2.0,5.0,0,1
STU-010400,2027,computer_science,5.9,59.0,36.4,,5.0,0.0,1.0,3.0,0,0
STU-010401,2027,information_technology,7.42,66.9,48.9,57.7,22.4,4.0,1.0,,2,0
STU-010402,2024,information_technology,5.3,53.8,42.4,78.4,5.0,1.0,1.0,1.0,0,0
STU-010403,2026,electronics,8.51,67.8,64.0,75.5,11.3,1.0,1.0,1.0,0,1
STU-010404,2026,electronics,6.98,64.6,52.3,48.2,6.3,0.0,0.0,0.0,1,0
STU-010405,2025,information_technology,5.38,43.8,61.5,83.3,11.4,5.0,,4.0,0,0
STU-010406,2025,electronics,5.63,39.1,,35.6,6.9,3.0,0.0,4.0,0,0
STU-010407,2027,mechanical,8.04,80.4,42.5,68.5,12.3,5.0,2.0,4.0,0,1
STU-010408,2026,electronics,5.19,56.3,79.9,81.9,14.3,4.0,0.0,1.0,1,0
STU-010409,2026,computer_science,7.42,74.6,32.8,47.8,3.9,2.0,0.0,2.0,1,0
STU-010410,2025,information_technology,6.61,40.7,,91.6,2.3,3.0,0.0,1.0,0,0
STU-010411,2026,information_technology,6.88,51.7,64.9,64.3,29.9,0.0,1.0,2.0,2,0
STU-010412,2024,mechanical,6.33,36.0,51.5,67.2,5.8,2.0,0.0,4.0,1,0
STU-010413,2024,mechanical,6.0,65.7,36.6,78.4,3.8,,0.0,0.0,4,0
STU-010414,2026,mechanical,6.54,47.9,60.7,67.9,15.2,2.0,0.0,4.0,2,1
STU-010415,2025,computer_science,7.76,51.2,,43.5,8.3,3.0,1.0,1.0,1,1
STU-010416,2027,electronics,6.76,86.9,43.9,17.0,8.1,4.0,1.0,2.0,0,1
STU-010417,2026,,7.58,69.2,64.3,48.3,2.7,3.0,0.0,2.0,2,0
STU-010418,2024,computer_science,6.82,67.5,68.9,49.6,11.5,2.0,0.0,2.0,2,1
STU-010419,2024,computer_science,7.8,41.6,76.6,48.7,5.4,2.0,0.0,2.0,0,0
STU-010420,2027,computer_science,7.58,31.3,63.6,53.1,5.0,3.0,2.0,1.0,1,0
STU-010421,2024,electronics,6.48,71.5,82.0,22.1,3.1,4.0,0.0,2.0,0,1
STU-010422,2025,information_technology,6.0,22.4,51.8,45.3,15.4,2.0,0.0,3.0,1,0
STU-010423,2026,computer_science,8.2,52.9,43.1,69.6,,4.0,0.0,3.0,1,0
STU-010424,2025,information_technology,6.16,44.2,47.9,76.6,6.4,1.0,3.0,0.0,0,0
STU-010425,2026,mechanical,7.68,45.5,78.3,51.8,11.1,2.0,2.0,3.0,0,1
STU-010426,2026,mechanical,7.14,51.7,40.4,71.7,13.7,4.0,1.0,3.0,2,0
STU-010427,2024,electronics,6.57,41.3,15.2,25.7,16.3,2.0,1.0,1.0,0,0
STU-010428,2027,mechanical,7.59,40.9,65.2,65.8,10.4,2.0,0.0,4.0,1,0
STU-010429,2026,electronics,8.67,65.2,54.1,78.6,12.0,3.0,0.0,2.0,0,1
STU-010430,2026,mechanical,7.82,75.6,96.5,69.2,9.5,2.0,0.0,4.0,0,0
STU-010431,2024,information_technology,7.25,32.5,60.5,61.6,4.9,4.0,0.0,2.0,0,0
STU-010432,2026,mechanical,8.96,64.9,83.9,26.3,19.4,,3.0,1.0,0,1
STU-010433,2025,mechanical,5.17,62.5,39.4,88.5,8.6,1.0,0.0,2.0,0,0
STU-010434,2026,electronics,5.82,62.3,60.4,89.2,28.0,3.0,0.0,2.0,1,0
STU-010435,2025,information_technology,6.57,53.8,59.6,71.8,15.1,4.0,0.0,2.0,2,0
STU-010436,2027,computer_science,8.73,52.5,85.4,,4.0,4.0,1.0,1.0,0,1
STU-010437,2025,computer_science,8.18,71.7,63.0,62.0,19.9,0.0,0.0,3.0,1,0
STU-010438,2027,computer_science,5.13,59.3,38.6,72.7,10.9,1.0,0.0,2.0,0,0
STU-010439,2027,computer_science,6.6,28.8,71.0,73.7,7.3,6.0,0.0,0.0,0,0
STU-010440,2026,information_technology,,51.8,37.2,61.1,3.4,1.0,0.0,3.0,2,0
STU-010441,2025,computer_science,7.05,58.9,41.3,50.4,9.6,1.0,0.0,3.0,1,0
STU-010442,2025,mechanical,8.14,43.9,58.8,74.3,6.8,3.0,2.0,1.0,1,0
STU-010443,2027,electronics,8.22,56.8,54.3,88.3,16.0,1.0,1.0,4.0,0,0
STU-010444,2026,mechanical,7.41,66.2,56.9,,13.9,4.0,2.0,2.0,1,1
STU-010445,2026,information_technology,6.61,44.8,42.1,66.8,9.6,1.0,2.0,3.0,0,0
STU-010446,2024,computer_science,6.99,61.5,74.0,65.7,2.7,2.0,0.0,3.0,0,0
STU-010447,2027,computer_science,7.89,44.9,77.3,66.5,9.0,1.0,0.0,3.0,1,1
STU-010448,2024,mechanical,9.8,45.0,80.3,30.0,4.6,0.0,0.0,1.0,0,0
STU-010449,2024,computer_science,5.74,64.7,62.4,60.5,8.7,2.0,0.0,1.0,1,0
STU-010450,2025,electronics,8.93,79.5,31.3,59.0,6.5,3.0,1.0,1.0,1,0
STU-010451,2026,computer_science,7.38,,58.5,45.1,22.9,3.0,0.0,1.0,0,1
STU-010452,2027,information_technology,8.04,74.4,73.8,76.8,3.4,1.0,0.0,6.0,2,0
STU-010453,2027,computer_science,7.31,58.4,79.0,65.9,6.1,4.0,0.0,2.0,0,0
STU-010454,2025,information_technology,8.71,28.2,58.4,25.4,13.5,1.0,0.0,1.0,2,0
STU-010455,2025,computer_science,7.48,37.4,79.1,65.3,18.3,3.0,2.0,2.0,0,1
STU-010456,2027,mechanical,6.35,65.8,57.6,79.9,26.2,1.0,0.0,3.0,0,0
STU-010457,2026,computer_science,7.62,34.9,13.6,53.7,15.0,2.0,0.0,3.0,0,0
STU-010458,2024,computer_science,8.4,51.5,58.9,47.7,14.7,1.0,1.0,3.0,0,1
STU-010459,2025,computer_science,7.1,57.0,41.1,44.0,20.4,5.0,0.0,2.0,0,0
STU-010460,2026,civil,4.71,60.1,35.5,63.4,23.3,0.0,0.0,3.0,0,0
STU-010461,2027,electronics,6.97,60.7,72.8,51.8,28.4,2.0,1.0,4.0,1,0
STU-010462,2026,electronics,7.21,,60.9,41.4,27.5,4.0,0.0,1.0,1,1
STU-010463,2024,information_technology,7.05,45.9,46.4,84.7,13.2,3.0,2.0,2.0,0,0
STU-010464,2026,mechanical,6.53,58.5,41.6,64.9,4.8,2.0,1.0,0.0,1,0
STU-010465,2025,computer_science,8.62,68.0,68.9,54.7,16.8,1.0,0.0,2.0,0,0
STU-010466,2027,mechanical,4.37,63.4,41.4,85.4,21.8,3.0,0.0,3.0,0,0
STU-010467,2025,mechanical,7.21,74.2,67.7,65.8,12.9,1.0,0.0,0.0,1,0
STU-010468,2025,computer_science,7.22,51.9,41.8,60.1,13.8,1.0,1.0,2.0,0,1
STU-010469,2026,computer_science,9.51,72.8,58.6,65.1,3.6,1.0,0.0,1.0,0,0
STU-010470,2025,information_technology,7.08,44.3,36.3,54.6,9.4,2.0,0.0,3.0,0,1
STU-010471,2025,computer_science,7.61,58.1,48.0,,6.4,,0.0,2.0,0,1
STU-010472,2026,,7.24,66.0,93.0,70.2,4.5,4.0,0.0,2.0,1,1
STU-010473,2027,information_technology,7.21,73.0,43.3,85.5,7.0,4.0,1.0,1.0,1,0
STU-010474,2027,computer_science,9.13,70.8,55.5,54.3,15.8,1.0,2.0,0.0,0,0
STU-010475,2025,electronics,5.82,57.0,36.3,70.8,,3.0,0.0,1.0,1,0
STU-010476,2024,information_technology,6.33,55.5,49.2,41.4,4.8,1.0,0.0,3.0,0,0
STU-010477,2026,electronics,7.97,68.2,57.6,69.1,8.3,2.0,2.0,2.0,0,1
STU-010478,2026,information_technology,7.4,91.6,77.3,87.3,18.7,1.0,0.0,3.0,1,1
STU-010479,2025,information_technology,6.77,70.4,47.2,62.3,19.4,5.0,0.0,5.0,1,0
STU-010480,2027,,7.02,63.8,57.0,53.9,7.1,0.0,0.0,1.0,0,0
STU-010481,2027,mechanical,8.15,39.8,27.7,,17.0,2.0,1.0,4.0,0,0
STU-010482,2024,information_technology,7.66,46.6,42.9,,18.7,0.0,0.0,3.0,0,0
STU-010483,2027,electronics,6.28,51.7,70.6,62.8,22.8,4.0,2.0,1.0,1,1
STU-010484,2026,mechanical,7.37,72.4,41.9,56.3,9.6,1.0,0.0,1.0,0,0
STU-010485,2025,electronics,7.04,44.0,68.2,71.1,1.9,3.0,2.0,2.0,1,0
STU-010486,2026,computer_science,7.64,68.9,41.8,49.7,7.6,3.0,,2.0,2,0
STU-010487,2024,computer_science,6.73,59.3,51.0,74.1,20.6,1.0,,1.0,0,0
STU-010488,2024,electronics,5.71,60.7,79.0,57.6,4.1,1.0,1.0,1.0,1,0
STU-010489,2027,electronics,7.87,56.5,71.2,71.2,10.9,1.0,1.0,2.0,0,1
STU-010490,2026,mechanical,7.73,50.5,24.7,73.8,3.2,2.0,0.0,2.0,0,0
STU-010491,2025,electronics,8.73,46.8,100.0,34.8,6.4,4.0,2.0,2.0,0,0
STU-010492,2026,computer_science,5.59,64.3,31.7,61.0,2.4,1.0,1.0,5.0,1,0
STU-010493,2027,mechanical,7.02,56.9,86.8,40.6,13.1,1.0,2.0,,1,0
STU-010494,2026,electronics,6.84,41.5,46.8,37.8,8.6,3.0,0.0,4.0,1,0
STU-010495,2027,civil,6.64,60.6,32.7,58.7,4.7,2.0,1.0,1.0,0,1
STU-010496,2027,mechanical,5.33,100.0,40.6,66.3,9.7,3.0,1.0,4.0,2,0
STU-010497,2025,information_technology,5.87,52.7,,40.4,11.2,3.0,0.0,1.0,1,0
STU-010498,2026,electronics,7.41,83.6,47.3,65.8,4.2,1.0,0.0,5.0,2,0
STU-010499,2026,electronics,6.53,18.3,54.1,49.8,5.1,2.0,0.0,1.0,1,0
STU-010500,2027,computer_science,6.15,52.2,59.7,63.0,6.0,2.0,1.0,2.0,0,1
STU-010501,2025,information_technology,8.74,75.8,86.1,97.4,2.0,1.0,1.0,0.0,0,1
STU-010502,2024,computer_science,9.83,63.9,70.0,57.6,17.7,3.0,1.0,1.0,1,1
STU-010503,2024,computer_science,7.04,48.4,56.5,46.1,15.1,0.0,2.0,2.0,0,1
STU-010504,2026,electronics,5.37,54.3,36.2,61.7,4.3,3.0,0.0,1.0,0,0
STU-010505,2027,information_technology,7.56,73.9,52.5,59.3,,2.0,1.0,0.0,0,0
STU-010506,2027,electronics,4.7,85.6,37.2,57.2,0.8,3.0,1.0,2.0,0,1
STU-010507,2026,information_technology,,71.1,25.8,62.5,35.7,,0.0,3.0,0,0
STU-010508,2024,mechanical,,51.6,100.0,59.4,6.4,3.0,1.0,1.0,2,1
STU-010509,2024,electronics,,51.5,53.2,44.7,9.3,2.0,1.0,1.0,0,1
STU-010510,2027,mechanical,6.76,54.1,58.4,73.5,10.9,2.0,0.0,1.0,1,0
STU-010511,2026,information_technology,5.39,41.8,69.3,80.4,10.9,1.0,0.0,3.0,0,0
STU-010512,2027,civil,7.16,56.0,11.8,56.8,7.4,3.0,1.0,5.0,0,0
STU-010513,2024,information_technology,8.39,56.7,98.6,66.9,8.8,1.0,1.0,0.0,1,1
STU-010514,2025,mechanical,6.4,38.8,38.0,33.4,6.0,,0.0,3.0,0,1
STU-010515,2027,,7.08,70.7,40.3,61.7,3.2,3.0,0.0,1.0,2,1
STU-010516,2024,computer_science,6.16,62.6,42.4,88.9,5.7,,1.0,2.0,2,1
STU-010517,2024,electronics,6.24,46.9,68.7,73.2,15.4,1.0,0.0,1.0,0,0
STU-010518,2026,information_technology,6.14,58.5,88.0,64.2,16.8,4.0,0.0,0.0,2,1
STU-010519,2026,computer_science,8.0,45.5,86.9,61.4,15.5,2.0,0.0,1.0,0,1
STU-010520,2027,information_technology,5.47,46.7,40.7,57.8,11.9,1.0,0.0,3.0,0,0
STU-010521,2027,computer_science,6.72,67.8,23.3,67.9,8.9,0.0,1.0,3.0,0,0
STU-010522,2027,civil,7.57,66.2,50.2,76.4,4.6,1.0,0.0,3.0,1,0
STU-010523,2024,electronics,8.15,52.6,48.7,55.0,4.2,1.0,0.0,1.0,1,0
STU-010524,2026,computer_science,7.61,63.9,29.5,72.5,0.4,1.0,0.0,0.0,1,0
STU-010525,2027,mechanical,7.02,56.9,65.0,50.7,10.7,3.0,0.0,2.0,0,0
STU-010526,2026,electronics,6.45,41.9,,55.9,18.9,,1.0,3.0,2,0
STU-010527,2027,electronics,8.16,57.8,68.2,46.4,15.8,3.0,2.0,2.0,0,0
STU-010528,2026,electronics,6.1,62.7,,64.2,12.1,1.0,1.0,3.0,0,0
STU-010529,2024,computer_science,6.12,60.8,63.1,63.2,13.3,3.0,0.0,1.0,1,0
STU-010530,2026,computer_science,8.66,35.9,60.5,67.6,1.2,4.0,,0.0,0,1
STU-010531,2026,mechanical,7.51,61.5,84.9,66.3,15.6,2.0,1.0,1.0,1,0
STU-010532,2024,electronics,7.55,59.5,,72.1,8.0,2.0,2.0,2.0,1,1
STU-010533,2025,electronics,7.79,31.1,47.3,91.2,23.5,1.0,1.0,1.0,0,1
STU-010534,2026,computer_science,6.99,45.9,51.0,72.3,,2.0,0.0,2.0,0,0
STU-010535,2024,mechanical,5.45,62.3,57.9,34.4,14.4,1.0,0.0,3.0,0,0
STU-010536,2025,information_technology,7.39,79.5,68.2,58.5,4.4,1.0,0.0,2.0,1,0
STU-010537,2026,electronics,7.08,33.6,49.5,61.5,10.0,4.0,0.0,1.0,0,0
STU-010538,2027,computer_science,6.11,70.9,46.0,39.8,14.9,3.0,1.0,3.0,0,1
STU-010539,2026,mechanical,5.85,27.5,72.6,73.6,12.8,3.0,0.0,0.0,1,0
STU-010540,2027,civil,7.05,79.1,33.0,87.0,14.4,1.0,0.0,2.0,0,0
STU-010541,2027,computer_science,5.54,51.5,95.9,49.9,31.7,2.0,0.0,4.0,1,0
STU-010542,2026,mechanical,6.94,47.1,49.6,79.7,12.8,2.0,0.0,4.0,0,0
STU-010543,2024,electronics,6.8,62.9,50.7,77.0,12.7,2.0,1.0,3.0,0,0
STU-010544,2027,computer_science,6.96,43.5,61.1,65.8,5.3,1.0,0.0,5.0,1,0
STU-010545,2025,computer_science,7.56,,66.3,73.6,22.0,1.0,0.0,3.0,0,0
STU-010546,2027,electronics,7.82,57.8,47.1,51.3,2.0,0.0,0.0,3.0,0,1
STU-010547,2026,computer_science,6.28,0.0,57.9,78.1,1.9,2.0,0.0,3.0,1,0
STU-010548,2025,computer_science,8.1,48.0,43.5,79.7,11.6,,0.0,3.0,0,0
STU-010549,2026,mechanical,6.85,60.6,44.2,68.7,7.0,1.0,0.0,2.0,1,0
STU-010550,2026,electronics,9.12,78.2,36.2,66.3,11.3,3.0,0.0,2.0,1,0
STU-010551,2027,electronics,,61.8,55.1,50.9,20.5,2.0,1.0,2.0,2,1
STU-010552,2025,electronics,5.25,70.3,45.0,75.2,14.3,,0.0,3.0,0,0
STU-010553,2027,information_technology,8.06,46.7,25.0,62.2,8.4,3.0,0.0,1.0,1,1
STU-010554,2024,mechanical,7.59,70.1,45.8,60.1,,,1.0,5.0,0,1
STU-010555,2027,computer_science,8.48,72.1,60.4,75.2,,1.0,0.0,2.0,0,0
STU-010556,2027,computer_science,7.46,34.4,71.4,58.0,7.6,3.0,0.0,3.0,1,1
STU-010557,2025,electronics,9.79,80.1,44.4,52.1,6.1,3.0,2.0,1.0,0,1
STU-010558,2024,civil,6.88,62.7,49.4,77.2,22.8,0.0,1.0,1.0,0,0
STU-010559,2027,information_technology,8.3,56.4,41.5,40.9,3.8,1.0,2.0,1.0,1,0
STU-010560,2027,civil,6.5,52.5,65.3,72.2,33.0,1.0,2.0,4.0,2,1
STU-010561,2025,electronics,7.67,43.8,46.3,44.8,13.4,2.0,1.0,1.0,0,0
STU-010562,2026,information_technology,7.88,69.2,67.3,36.7,1.0,3.0,0.0,0.0,1,0
STU-010563,2027,information_technology,8.06,64.6,53.1,71.2,5.9,1.0,2.0,2.0,0,1
STU-010564,2025,computer_science,7.99,68.7,30.0,66.5,9.7,0.0,1.0,4.0,0,0
STU-010565,2026,electronics,4.0,53.2,41.8,53.2,9.9,9.0,0.0,3.0,0,0
STU-010566,2026,computer_science,7.02,61.1,34.9,45.8,17.6,2.0,1.0,2.0,2,0
STU-010567,2024,information_technology,6.44,52.4,,66.7,4.6,3.0,0.0,3.0,0,0
STU-010568,2027,computer_science,6.67,,84.6,55.4,13.3,4.0,1.0,1.0,1,0
STU-010569,2025,civil,6.77,66.6,64.9,73.1,7.1,0.0,0.0,1.0,0,0
STU-010570,2027,information_technology,8.22,63.0,49.0,53.9,8.6,0.0,0.0,2.0,0,0
STU-010571,2026,information_technology,7.33,56.6,56.7,56.0,19.1,1.0,1.0,4.0,1,1
STU-010572,2026,information_technology,6.52,30.5,58.0,77.5,3.6,1.0,1.0,3.0,1,0
STU-010573,2026,computer_science,5.41,25.1,67.1,47.6,3.5,3.0,1.0,7.0,0,1
STU-010574,2025,information_technology,8.86,56.2,59.3,41.6,2.9,1.0,0.0,2.0,1,0
STU-010575,2027,mechanical,6.36,75.7,59.4,,25.5,2.0,1.0,1.0,1,1
STU-010576,2026,electronics,6.95,47.3,26.3,65.4,10.2,0.0,1.0,0.0,1,0
STU-010577,2027,information_technology,9.56,53.1,69.3,88.8,9.3,2.0,1.0,2.0,0,0
STU-010578,2026,mechanical,6.39,42.2,37.9,64.1,10.6,2.0,0.0,,1,0
STU-010579,2025,computer_science,6.78,38.2,54.9,49.8,21.9,3.0,0.0,1.0,0,0
STU-010580,2024,mechanical,7.37,45.0,38.8,50.4,5.8,1.0,1.0,2.0,0,0
STU-010581,2027,computer_science,,58.7,55.0,67.7,6.8,3.0,0.0,1.0,0,0
STU-010582,2025,mechanical,5.12,46.9,58.3,37.7,7.4,4.0,1.0,1.0,1,0
STU-010583,2026,civil,6.55,49.0,49.2,35.7,19.9,3.0,2.0,1.0,0,1
STU-010584,2026,mechanical,6.59,47.8,38.6,64.7,3.1,1.0,0.0,2.0,1,0
STU-010585,2026,computer_science,7.25,62.1,65.8,74.4,6.0,2.0,0.0,2.0,0,0
STU-010586,2026,information_technology,5.98,61.8,77.4,74.7,9.9,1.0,0.0,2.0,0,0
STU-010587,2026,mechanical,7.6,31.2,90.1,,12.1,1.0,2.0,2.0,0,0
STU-010588,2027,information_technology,4.62,41.8,52.2,78.8,8.4,,2.0,2.0,0,0
STU-010589,2024,information_technology,7.02,56.7,59.8,59.4,11.0,0.0,1.0,0.0,0,0
STU-010590,2026,information_technology,7.51,65.6,34.7,56.7,15.0,1.0,1.0,2.0,1,0
STU-010591,2024,computer_science,7.48,60.9,79.2,61.3,6.5,3.0,1.0,1.0,0,0
STU-010592,2027,information_technology,6.91,70.2,,66.1,5.4,,2.0,,0,0
STU-010593,2026,computer_science,6.34,35.5,72.6,100.0,11.7,1.0,1.0,5.0,0,0
STU-010594,2026,electronics,6.88,64.0,55.0,59.2,8.5,4.0,3.0,0.0,0,0
STU-010595,2027,information_technology,8.52,91.8,19.7,64.5,17.1,3.0,1.0,4.0,0,0
STU-010596,2026,computer_science,6.41,57.5,58.4,86.3,28.3,1.0,1.0,,1,1
STU-010597,2025,computer_science,8.22,61.8,57.2,69.8,11.7,,1.0,1.0,0,1
STU-010598,2026,civil,8.41,68.6,53.0,38.5,6.0,2.0,1.0,1.0,0,0
STU-010599,2024,information_technology,5.1,46.0,42.8,86.1,20.8,2.0,0.0,5.0,0,0
STU-010600,2027,electronics,6.95,43.7,54.5,66.5,6.8,3.0,1.0,0.0,1,1
STU-010601,2027,mechanical,5.98,56.8,50.5,22.3,39.4,5.0,1.0,1.0,2,0
STU-010602,2027,electronics,5.37,29.9,23.4,56.3,2.8,1.0,1.0,4.0,0,0
STU-010603,2027,information_technology,8.01,66.0,65.9,,,,0.0,1.0,1,0
STU-010604,2027,electronics,7.64,67.8,51.1,55.4,11.2,2.0,1.0,1.0,3,0
STU-010605,2026,computer_science,7.4,34.7,83.6,61.5,5.4,6.0,2.0,1.0,1,1
STU-010606,2024,electronics,5.85,58.1,65.0,72.1,17.9,4.0,1.0,1.0,2,1
STU-010607,2025,computer_science,7.34,55.4,72.9,79.7,24.2,1.0,0.0,3.0,2,1
STU-010608,2027,civil,5.59,77.4,81.0,80.3,12.2,3.0,1.0,1.0,0,1
STU-010609,2027,information_technology,7.19,78.0,68.3,84.4,7.1,3.0,1.0,1.0,2,0
STU-010610,2027,computer_science,6.34,69.3,49.9,59.2,6.7,3.0,0.0,0.0,1,0
STU-010611,2025,electronics,8.31,78.8,16.7,32.7,3.6,2.0,0.0,4.0,0,0
STU-010612,2025,computer_science,6.68,51.9,57.8,27.0,24.5,3.0,1.0,2.0,0,0
STU-010613,2027,information_technology,7.37,62.6,85.9,72.8,5.8,2.0,0.0,0.0,0,0
STU-010614,2024,mechanical,7.37,54.9,71.7,61.2,3.4,3.0,0.0,4.0,1,0
STU-010615,2026,mechanical,7.01,43.1,46.4,83.0,8.0,0.0,1.0,1.0,1,0
STU-010616,2025,electronics,7.22,59.7,56.9,68.5,2.7,2.0,0.0,2.0,0,0
STU-010617,2025,information_technology,7.45,57.7,47.3,37.4,20.2,2.0,0.0,0.0,0,0
STU-010618,2026,information_technology,6.07,53.1,56.5,,11.0,2.0,,3.0,0,0
STU-010619,2027,computer_science,7.56,,48.6,68.0,9.0,,1.0,1.0,1,1
STU-010620,2027,electronics,8.09,61.1,83.8,46.4,2.4,0.0,0.0,2.0,0,0
STU-010621,2026,electronics,7.56,72.4,59.3,83.1,1.4,6.0,2.0,1.0,0,0
STU-010622,2026,computer_science,6.69,48.6,58.2,55.8,13.1,2.0,1.0,,1,1
STU-010623,2027,computer_science,7.3,39.4,42.1,57.5,11.7,2.0,1.0,1.0,2,0
STU-010624,2026,computer_science,6.68,67.5,,39.5,13.3,2.0,0.0,2.0,1,0
STU-010625,2026,computer_science,6.96,70.8,35.2,90.5,5.0,6.0,0.0,1.0,1,0
STU-010626,2026,computer_science,5.73,60.8,74.0,59.3,3.1,2.0,0.0,2.0,0,1
STU-010627,2025,information_technology,8.69,44.3,53.0,66.1,16.6,1.0,0.0,2.0,1,1
STU-010628,2024,information_technology,9.33,60.7,67.0,51.2,6.9,1.0,1.0,0.0,0,1
STU-010629,2027,information_technology,6.29,60.9,25.8,56.5,3.1,1.0,0.0,0.0,1,0
STU-010630,2026,computer_science,8.0,44.0,38.1,66.3,13.0,1.0,1.0,2.0,0,0
STU-010631,2024,information_technology,8.78,50.1,57.9,68.1,7.7,2.0,,,0,0
STU-010632,2025,mechanical,6.0,53.8,45.7,70.1,13.3,1.0,0.0,4.0,1,0
STU-010633,2027,,4.62,71.0,49.6,76.2,20.7,3.0,0.0,1.0,0,0
STU-010634,2026,computer_science,8.84,65.1,96.6,71.7,4.5,5.0,0.0,3.0,1,1
STU-010635,2026,information_technology,7.09,49.6,21.1,69.6,20.9,1.0,0.0,4.0,0,0
STU-010636,2024,computer_science,6.5,54.0,69.6,52.8,9.9,3.0,0.0,2.0,0,0
STU-010637,2027,computer_science,7.15,48.3,64.1,58.8,5.3,1.0,1.0,1.0,1,0
STU-010638,2027,information_technology,6.68,51.2,43.2,44.8,10.6,1.0,0.0,1.0,0,0
STU-010639,2026,information_technology,10.0,74.8,59.6,55.0,12.5,3.0,0.0,0.0,0,0
STU-010640,2025,mechanical,6.49,28.2,72.0,68.0,12.8,3.0,0.0,3.0,0,0
STU-010641,2026,mechanical,7.48,78.7,55.8,67.6,26.9,2.0,2.0,1.0,0,1
STU-010642,2027,information_technology,8.59,94.0,55.9,71.3,3.6,0.0,0.0,3.0,0,0
STU-010643,2027,information_technology,8.58,,43.5,82.6,14.0,2.0,0.0,0.0,0,1
STU-010644,2027,civil,8.36,48.3,46.2,43.6,5.9,2.0,0.0,1.0,1,0
STU-010645,2026,information_technology,6.61,74.7,32.8,35.9,16.7,3.0,0.0,4.0,0,0
STU-010646,2025,civil,6.93,62.0,69.7,,26.4,1.0,1.0,3.0,1,0
STU-010647,2026,mechanical,4.6,45.3,32.1,82.6,8.1,0.0,1.0,1.0,0,0
STU-010648,2027,computer_science,7.01,43.5,34.8,82.2,11.8,3.0,0.0,1.0,0,0
STU-010649,2025,computer_science,7.14,52.2,58.5,64.8,29.9,4.0,1.0,4.0,0,1
STU-010650,2025,computer_science,7.95,62.8,,58.0,6.5,2.0,0.0,6.0,0,0
STU-010651,2027,mechanical,9.16,75.8,90.0,65.7,23.6,0.0,,4.0,1,1
STU-010652,2026,,7.92,,59.4,77.7,16.6,1.0,0.0,1.0,0,0
STU-010653,2027,electronics,8.33,67.5,63.8,51.1,20.1,1.0,1.0,0.0,4,1
STU-010654,2024,information_technology,7.08,53.2,58.9,54.0,6.0,,0.0,3.0,0,0
STU-010655,2025,mechanical,8.58,74.0,71.0,63.3,7.0,3.0,0.0,1.0,0,0
STU-010656,2025,electronics,7.11,55.1,67.5,77.7,13.9,2.0,1.0,2.0,0,0
STU-010657,2026,computer_science,8.41,88.4,61.1,73.7,12.6,1.0,,0.0,0,0
STU-010658,2027,computer_science,8.03,50.3,41.8,34.4,14.3,1.0,1.0,1.0,1,0
STU-010659,2026,information_technology,7.55,65.0,54.6,73.7,4.3,2.0,1.0,3.0,1,0
STU-010660,2026,mechanical,5.33,87.5,49.3,61.8,7.4,2.0,0.0,0.0,1,0
STU-010661,2024,electronics,8.36,76.3,32.7,70.9,6.1,4.0,0.0,2.0,0,1
STU-010662,2026,information_technology,7.53,70.3,21.4,59.0,6.9,2.0,0.0,1.0,0,0
STU-010663,2027,mechanical,7.91,64.3,38.0,69.0,17.7,1.0,0.0,3.0,1,0
STU-010664,2027,information_technology,7.46,59.7,23.7,62.7,15.2,0.0,1.0,1.0,2,0
STU-010665,2025,computer_science,7.66,56.7,49.4,54.4,8.1,1.0,0.0,3.0,0,0
STU-010666,2026,,8.6,52.8,48.2,51.4,5.2,1.0,2.0,4.0,0,1
STU-010667,2025,information_technology,6.55,34.1,54.7,59.3,19.4,0.0,1.0,4.0,0,0
STU-010668,2024,mechanical,7.64,68.9,69.6,43.9,1.8,2.0,1.0,1.0,0,0
STU-010669,2024,information_technology,6.21,33.3,56.7,55.8,,,0.0,0.0,1,0
STU-010670,2024,electronics,7.76,69.3,65.4,57.5,3.3,2.0,0.0,2.0,0,1
STU-010671,2025,computer_science,7.39,54.1,72.6,76.5,12.3,4.0,0.0,2.0,2,0
STU-010672,2027,information_technology,6.37,42.4,47.0,71.3,34.5,5.0,0.0,2.0,1,0
STU-010673,2025,computer_science,7.21,79.5,11.5,90.2,16.1,4.0,0.0,1.0,0,0
STU-010674,2027,electronics,6.45,35.2,23.1,38.5,13.1,3.0,0.0,2.0,0,0
STU-010675,2027,computer_science,6.67,47.3,62.1,58.4,2.9,0.0,1.0,3.0,0,0
STU-010676,2026,computer_science,7.51,50.4,60.4,79.3,28.6,2.0,0.0,1.0,0,0
STU-010677,2026,information_technology,7.41,61.1,68.5,65.8,,0.0,1.0,,0,0
STU-010678,2027,information_technology,4.89,44.6,94.9,58.9,21.2,3.0,0.0,4.0,0,1
STU-010679,2024,electronics,7.53,81.0,60.8,48.9,4.0,2.0,0.0,4.0,1,0
STU-010680,2026,electronics,6.75,36.9,52.4,71.7,13.1,4.0,0.0,3.0,1,0
STU-010681,2026,electronics,6.62,100.0,59.4,64.6,1.8,3.0,2.0,0.0,0,1
STU-010682,2027,information_technology,5.8,39.7,30.0,57.3,7.9,3.0,,1.0,0,0
STU-010683,2027,information_technology,7.05,100.0,68.0,76.1,8.0,2.0,1.0,2.0,0,1
STU-010684,2027,computer_science,6.5,73.4,50.1,93.3,10.2,2.0,1.0,1.0,2,1
STU-010685,2026,information_technology,8.56,59.5,89.9,49.6,6.2,2.0,1.0,1.0,0,1
STU-010686,2026,mechanical,5.09,57.6,20.1,70.2,12.3,3.0,2.0,3.0,0,1
STU-010687,2027,information_technology,5.99,50.3,51.0,63.9,1.3,6.0,1.0,2.0,1,0
STU-010688,2027,civil,5.91,61.0,40.0,71.1,7.0,0.0,2.0,1.0,0,0
STU-010689,2026,computer_science,7.4,47.7,38.5,80.5,5.1,0.0,1.0,2.0,0,0
STU-010690,2027,electronics,8.45,71.5,71.4,81.9,9.1,1.0,1.0,0.0,1,0
STU-010691,2027,electronics,7.68,62.1,52.3,55.0,22.7,4.0,1.0,3.0,1,1
STU-010692,2026,electronics,5.84,40.8,73.0,38.8,2.7,1.0,1.0,0.0,1,0
STU-010693,2024,electronics,6.61,63.6,,60.7,11.4,0.0,1.0,2.0,1,0
STU-010694,2025,computer_science,6.17,61.8,45.0,60.8,4.4,1.0,0.0,4.0,1,0
STU-010695,2027,electronics,7.68,48.6,92.0,,13.7,2.0,0.0,1.0,0,1
STU-010696,2024,information_technology,6.58,50.8,30.4,76.2,12.7,1.0,0.0,3.0,0,0
STU-010697,2026,information_technology,5.48,62.6,35.6,54.6,16.9,1.0,1.0,4.0,1,0
STU-010698,2026,computer_science,7.77,75.9,5.6,61.3,14.9,4.0,,3.0,0,0
STU-010699,2027,computer_science,8.55,59.0,53.6,54.0,,5.0,1.0,2.0,0,0
STU-010700,2027,civil,6.89,71.7,66.3,59.1,1.9,1.0,0.0,2.0,0,0
STU-010701,2027,computer_science,7.24,76.0,,79.9,,2.0,1.0,2.0,2,1
STU-010702,2025,,5.37,74.3,50.9,63.2,28.6,1.0,2.0,3.0,0,1
STU-010703,2024,computer_science,4.73,59.7,31.0,91.7,4.5,2.0,2.0,2.0,0,0
STU-010704,2026,electronics,4.97,40.4,43.7,70.8,14.2,2.0,0.0,1.0,0,1
STU-010705,2025,electronics,7.05,71.5,48.4,71.8,3.4,2.0,1.0,2.0,0,1
STU-010706,2026,civil,6.75,54.6,53.9,59.1,11.6,4.0,0.0,2.0,0,0
STU-010707,2027,electronics,7.73,67.1,60.9,61.2,,3.0,0.0,4.0,1,0
STU-010708,2026,computer_science,6.87,48.3,48.5,76.5,14.2,0.0,1.0,3.0,0,0
STU-010709,2026,computer_science,8.24,51.5,60.3,78.6,4.1,0.0,1.0,0.0,0,1
STU-010710,2026,computer_science,8.1,49.7,57.7,65.7,4.7,5.0,0.0,3.0,1,0
STU-010711,2027,electronics,6.73,37.6,42.4,69.8,17.6,1.0,2.0,2.0,1,0
STU-010712,2026,civil,5.95,47.1,52.1,60.0,8.3,1.0,0.0,2.0,3,0
STU-010713,2026,computer_science,4.9,38.3,,65.1,12.5,4.0,0.0,1.0,0,1
STU-010714,2024,information_technology,8.75,70.0,,63.2,4.7,2.0,1.0,0.0,0,1
STU-010715,2026,electronics,6.02,40.1,32.2,62.6,9.2,1.0,1.0,1.0,0,0
STU-010716,2025,electronics,5.38,44.7,48.1,76.0,24.1,3.0,1.0,,1,0
STU-010717,2026,electronics,7.25,58.5,63.9,61.3,16.5,1.0,0.0,4.0,1,1
STU-010718,2027,information_technology,5.39,82.0,32.8,53.2,11.9,2.0,2.0,3.0,0,1
STU-010719,2024,computer_science,7.25,48.1,73.6,58.2,13.8,2.0,2.0,2.0,1,1
STU-010720,2026,information_technology,6.71,36.7,,58.0,22.4,1.0,0.0,2.0,1,1
STU-010721,2024,information_technology,8.16,40.6,48.6,68.2,15.2,2.0,0.0,1.0,0,0
STU-010722,2025,electronics,8.06,47.2,56.8,54.2,15.7,4.0,1.0,3.0,0,1
STU-010723,2024,computer_science,8.37,50.9,81.1,77.8,2.2,0.0,1.0,2.0,1,1
STU-010724,2024,information_technology,7.34,93.2,25.8,58.2,17.6,2.0,0.0,0.0,1,0
STU-010725,2027,civil,6.11,70.7,52.0,84.0,7.2,2.0,1.0,0.0,0,0
STU-010726,2027,information_technology,5.91,51.1,45.5,62.4,11.6,2.0,1.0,0.0,0,0
STU-010727,2026,computer_science,6.49,84.8,,69.4,7.4,1.0,1.0,1.0,1,1
STU-010728,2026,civil,9.39,53.6,60.4,75.9,9.0,0.0,0.0,0.0,0,1
STU-010729,2027,computer_science,6.81,51.5,61.9,79.1,21.6,2.0,0.0,2.0,0,1
STU-010730,2027,electronics,7.29,51.5,42.1,70.8,20.4,4.0,1.0,2.0,0,0
STU-010731,2026,computer_science,8.85,77.1,78.6,,5.8,2.0,0.0,2.0,0,1
STU-010732,2024,mechanical,7.39,57.7,37.5,62.0,5.1,0.0,,2.0,3,0
STU-010733,2026,computer_science,6.24,79.1,66.8,40.9,7.4,3.0,0.0,4.0,1,0
STU-010734,2027,information_technology,7.94,66.4,60.1,61.5,11.9,2.0,1.0,2.0,0,1
STU-010735,2025,civil,6.61,70.8,13.4,73.1,4.9,2.0,2.0,4.0,1,1
STU-010736,2026,electronics,7.43,31.6,57.8,68.4,5.9,4.0,0.0,2.0,0,1
STU-010737,2025,computer_science,7.69,33.9,68.1,47.7,8.6,2.0,1.0,2.0,1,0
STU-010738,2025,computer_science,6.53,32.1,32.2,57.3,,1.0,0.0,3.0,1,0
STU-010739,2027,computer_science,7.31,52.2,41.9,50.7,13.4,1.0,1.0,1.0,1,0
STU-010740,2025,computer_science,8.94,38.8,64.3,52.7,12.0,3.0,0.0,2.0,1,1
STU-010741,2027,information_technology,6.38,75.4,43.8,60.7,9.1,2.0,0.0,3.0,0,0
STU-010742,2027,information_technology,8.61,58.2,67.1,68.5,,,0.0,4.0,2,1
STU-010743,2024,civil,6.42,66.1,49.1,51.8,3.0,5.0,0.0,3.0,0,0
STU-010744,2027,mechanical,9.17,55.0,41.3,53.1,4.9,2.0,2.0,1.0,0,0
STU-010745,2027,civil,6.12,68.6,91.0,72.0,3.3,2.0,2.0,0.0,1,0
STU-010746,2026,information_technology,6.65,27.8,47.8,50.0,14.8,1.0,1.0,5.0,1,0
STU-010747,2026,information_technology,8.83,60.9,64.5,49.4,11.6,6.0,1.0,2.0,0,1
STU-010748,2027,electronics,8.89,69.3,92.7,92.8,1.6,3.0,0.0,2.0,0,0
STU-010749,2026,information_technology,8.04,68.9,73.8,54.6,23.7,5.0,2.0,1.0,0,1
STU-010750,2024,computer_science,5.86,50.9,,36.4,5.4,2.0,0.0,1.0,0,0
STU-010751,2025,mechanical,7.19,32.7,73.8,44.6,1.2,2.0,2.0,3.0,0,0
STU-010752,2025,electronics,7.1,73.4,64.8,34.1,13.7,0.0,1.0,1.0,0,1
STU-010753,2026,computer_science,6.12,50.3,60.8,85.1,2.9,2.0,1.0,1.0,1,0
STU-010754,2024,information_technology,7.9,,68.2,61.0,6.1,3.0,0.0,2.0,2,0
STU-010755,2026,computer_science,6.21,89.7,,47.4,5.7,1.0,0.0,1.0,0,0
STU-010756,2026,electronics,5.62,56.7,67.7,69.9,12.8,1.0,0.0,0.0,0,0
STU-010757,2027,information_technology,5.24,46.7,59.4,86.0,21.3,1.0,1.0,3.0,0,0
STU-010758,2026,mechanical,9.07,53.5,24.2,59.6,8.2,2.0,1.0,5.0,1,0
STU-010759,2027,information_technology,6.51,66.7,67.5,84.9,5.9,2.0,0.0,2.0,1,0
STU-010760,2027,information_technology,6.54,44.8,39.7,57.3,4.0,2.0,0.0,1.0,2,0
STU-010761,2025,electronics,5.91,63.5,54.8,,13.9,3.0,0.0,3.0,1,0
STU-010762,2026,civil,8.67,77.9,33.3,87.3,5.2,1.0,0.0,1.0,1,0
STU-010763,2025,mechanical,5.51,53.7,39.1,51.9,10.4,1.0,0.0,1.0,1,0
STU-010764,2027,information_technology,5.72,70.2,43.7,54.1,13.2,2.0,2.0,0.0,0,0
STU-010765,2026,information_technology,6.73,56.4,63.0,76.5,26.9,4.0,0.0,2.0,0,0
STU-010766,2025,electronics,7.08,47.8,,62.5,26.4,2.0,0.0,1.0,2,1
STU-010767,2025,mechanical,7.86,34.7,21.6,60.5,5.4,6.0,1.0,1.0,0,0
STU-010768,2026,civil,6.32,60.8,44.0,58.4,20.9,2.0,,3.0,0,0
STU-010769,2027,information_technology,8.88,66.2,56.0,52.7,20.4,1.0,,4.0,0,1
STU-010770,2027,electronics,6.33,71.4,63.1,64.5,7.9,0.0,0.0,3.0,0,0
STU-010771,2024,computer_science,5.94,69.2,53.3,68.8,18.3,6.0,1.0,0.0,1,0
STU-010772,2025,computer_science,5.83,,37.3,58.9,11.5,2.0,2.0,1.0,1,0
STU-010773,2026,computer_science,6.21,47.7,56.5,69.9,13.4,3.0,0.0,0.0,0,0
STU-010774,2026,computer_science,5.76,60.9,81.2,67.8,27.2,3.0,0.0,3.0,1,0
STU-010775,2024,information_technology,,49.6,78.8,67.4,6.4,2.0,2.0,3.0,1,1
STU-010776,2025,information_technology,5.95,69.8,18.3,58.0,10.3,1.0,0.0,2.0,3,0
STU-010777,2027,electronics,6.95,,96.9,56.8,30.4,1.0,0.0,5.0,1,0
STU-010778,2026,electronics,5.92,69.5,70.8,67.2,22.1,1.0,3.0,0.0,0,1
STU-010779,2027,computer_science,5.75,44.5,76.9,45.2,15.5,2.0,1.0,1.0,2,0
STU-010780,2026,electronics,8.37,72.2,34.7,100.0,11.7,3.0,0.0,4.0,1,0
STU-010781,2026,computer_science,8.94,80.0,55.7,,19.4,3.0,2.0,1.0,0,1
STU-010782,2026,computer_science,8.56,37.8,71.2,,10.9,1.0,0.0,3.0,0,0
STU-010783,2025,civil,5.41,34.6,29.6,69.2,24.6,4.0,0.0,1.0,1,1
STU-010784,2025,computer_science,5.57,58.7,58.2,72.2,4.3,2.0,1.0,2.0,0,0
STU-010785,2027,information_technology,9.38,,92.3,50.2,10.4,2.0,0.0,1.0,0,0
STU-010786,2027,electronics,6.81,,,,4.0,1.0,0.0,1.0,0,1
STU-010787,2027,information_technology,5.52,47.9,78.0,62.7,,1.0,0.0,2.0,2,0
STU-010788,2024,information_technology,8.34,47.9,72.3,43.0,5.3,0.0,1.0,,0,0
STU-010789,2024,electronics,7.18,63.3,24.1,45.2,8.3,2.0,0.0,2.0,0,0
STU-010790,2024,electronics,7.75,45.0,43.2,74.3,28.6,0.0,0.0,0.0,0,0
STU-010791,2027,,4.53,58.5,63.9,73.4,1.7,5.0,0.0,6.0,2,0
STU-010792,2027,mechanical,6.72,48.8,36.4,62.2,8.0,3.0,0.0,5.0,1,0
STU-010793,2026,computer_science,8.19,54.0,78.1,72.8,9.4,2.0,0.0,1.0,0,1
STU-010794,2027,information_technology,6.36,75.0,62.9,63.3,8.8,2.0,0.0,3.0,1,0
STU-010795,2024,computer_science,8.52,75.4,66.4,51.2,8.4,3.0,0.0,5.0,2,0
STU-010796,2026,computer_science,5.59,40.2,39.5,45.8,6.1,1.0,0.0,5.0,1,0
STU-010797,2025,civil,6.97,44.8,60.0,70.7,6.7,2.0,1.0,2.0,0,1
STU-010798,2025,electronics,8.99,73.7,91.6,52.6,4.4,5.0,0.0,3.0,0,1
STU-010799,2027,computer_science,5.78,34.0,43.5,73.3,3.6,2.0,1.0,2.0,0,0
STU-010800,2027,information_technology,7.41,80.6,67.0,57.7,12.8,5.0,1.0,1.0,1,1
STU-010801,2024,computer_science,7.77,61.6,92.2,80.2,5.9,4.0,0.0,1.0,2,0
STU-010802,2025,electronics,7.21,49.7,60.3,48.6,5.0,0.0,0.0,1.0,2,0
STU-010803,2026,information_technology,6.81,57.8,45.9,46.1,9.3,3.0,1.0,2.0,2,0
STU-010804,2024,civil,6.09,76.6,42.8,64.9,13.7,4.0,2.0,0.0,1,1
STU-010805,2026,computer_science,7.33,26.7,20.9,57.1,9.5,0.0,1.0,3.0,1,0
STU-010806,2026,information_technology,6.98,,34.3,64.1,8.3,6.0,1.0,4.0,0,0
STU-010807,2025,civil,5.45,72.8,54.5,61.0,14.3,2.0,1.0,2.0,1,0
STU-010808,2025,mechanical,8.36,55.9,76.9,54.8,17.6,4.0,0.0,2.0,1,1
STU-010809,2025,computer_science,6.05,55.0,44.0,58.2,19.6,2.0,0.0,1.0,2,0
STU-010810,2027,information_technology,5.48,57.0,65.2,31.3,15.1,1.0,0.0,4.0,1,0
STU-010811,2025,mechanical,6.41,67.8,67.9,82.9,10.5,0.0,1.0,2.0,0,1
STU-010812,2026,electronics,6.07,45.2,38.2,53.0,4.9,4.0,0.0,2.0,0,0
STU-010813,2025,electronics,6.8,57.4,,68.1,,3.0,1.0,1.0,0,1
STU-010814,2026,electronics,5.67,53.8,26.8,32.9,13.3,1.0,0.0,1.0,4,0
STU-010815,2024,,7.62,69.4,70.1,49.6,7.3,2.0,1.0,1.0,2,0
STU-010816,2024,information_technology,8.69,100.0,,65.5,31.2,1.0,0.0,3.0,0,1
STU-010817,2027,computer_science,7.22,47.4,71.0,87.3,8.4,2.0,1.0,1.0,0,1
STU-010818,2027,information_technology,5.44,56.1,47.7,68.2,12.3,1.0,,,1,1
STU-010819,2025,electronics,6.05,44.7,35.2,69.7,9.0,0.0,0.0,1.0,0,0
STU-010820,2025,information_technology,7.35,51.4,69.7,55.0,8.2,1.0,1.0,2.0,1,0
STU-010821,2027,computer_science,4.84,37.5,12.7,61.7,5.3,0.0,0.0,2.0,1,0
STU-010822,2024,electronics,5.68,32.4,44.0,59.1,6.7,2.0,1.0,2.0,0,0
STU-010823,2025,information_technology,5.21,72.2,34.7,66.2,14.3,4.0,,1.0,0,0
STU-010824,2026,civil,7.23,63.8,81.9,79.2,,1.0,0.0,1.0,1,0
STU-010825,2025,information_technology,9.59,64.6,95.1,56.9,4.1,1.0,2.0,3.0,1,1
STU-010826,2026,electronics,5.65,42.2,56.8,62.2,5.2,4.0,0.0,2.0,1,1
STU-010827,2026,information_technology,8.04,59.0,49.3,56.3,9.6,1.0,1.0,1.0,1,1
STU-010828,2026,computer_science,6.45,39.6,82.1,58.2,5.4,0.0,0.0,1.0,0,0
STU-010829,2026,information_technology,,54.8,37.5,77.7,11.2,1.0,2.0,2.0,0,0
STU-010830,2026,computer_science,8.9,66.8,39.1,68.1,12.7,,0.0,1.0,1,0
STU-010831,2027,mechanical,9.58,55.0,31.6,66.3,3.5,,1.0,4.0,1,1
STU-010832,2024,electronics,7.57,47.8,59.0,60.1,4.6,0.0,0.0,1.0,0,0
STU-010833,2025,computer_science,7.52,51.6,27.9,49.8,12.8,3.0,1.0,4.0,0,0
STU-010834,2026,information_technology,7.17,70.6,79.8,71.6,5.1,3.0,1.0,3.0,1,0
STU-010835,2025,civil,6.93,60.9,44.9,73.6,16.7,2.0,0.0,2.0,2,0
STU-010836,2024,computer_science,7.49,34.9,35.1,74.2,24.4,2.0,0.0,4.0,0,0
STU-010837,2025,civil,7.88,70.6,77.5,61.7,35.5,1.0,0.0,3.0,1,1
STU-010838,2026,computer_science,9.01,70.2,77.9,51.0,25.3,0.0,1.0,3.0,1,0
STU-010839,2024,computer_science,6.5,59.8,81.3,70.9,7.6,2.0,1.0,3.0,0,1
STU-010840,2027,information_technology,7.25,83.2,27.1,77.0,20.6,0.0,0.0,0.0,0,0
STU-010841,2027,computer_science,7.0,58.4,22.5,73.6,8.6,,1.0,6.0,0,0
STU-010842,2026,mechanical,8.28,67.0,86.6,51.0,16.1,0.0,2.0,3.0,1,0
STU-010843,2025,electronics,9.86,70.8,18.7,67.2,10.4,2.0,1.0,3.0,0,0
STU-010844,2027,electronics,8.32,73.8,,,,1.0,0.0,1.0,0,0
STU-010845,2025,electronics,8.02,56.7,60.0,80.7,13.5,5.0,0.0,2.0,1,0
STU-010846,2027,electronics,8.14,50.6,37.0,64.3,21.3,,0.0,2.0,1,0
STU-010847,2026,electronics,8.56,75.7,64.8,64.7,8.9,1.0,2.0,2.0,0,1
STU-010848,2024,electronics,9.88,77.6,47.0,83.6,7.1,3.0,0.0,1.0,0,1
STU-010849,2027,mechanical,5.16,73.4,69.6,53.7,,1.0,1.0,0.0,0,0
STU-010850,2026,information_technology,7.79,65.8,70.4,63.6,26.8,0.0,1.0,1.0,0,0
STU-010851,2026,information_technology,4.13,27.5,48.2,49.9,6.1,4.0,0.0,1.0,0,0
STU-010852,2026,information_technology,8.19,62.8,53.7,41.0,5.1,1.0,0.0,1.0,0,1
STU-010853,2026,information_technology,7.73,60.0,40.4,65.9,10.7,1.0,0.0,1.0,0,0
STU-010854,2027,computer_science,6.47,75.4,50.6,65.3,26.2,5.0,1.0,2.0,1,1
STU-010855,2027,information_technology,4.03,67.9,22.2,32.3,16.4,3.0,0.0,3.0,1,0
STU-010856,2025,information_technology,7.08,67.4,87.9,72.2,7.2,2.0,1.0,3.0,0,1
STU-010857,2026,computer_science,7.36,27.6,61.9,61.4,12.9,2.0,1.0,,0,1
STU-010858,2026,mechanical,7.03,45.7,40.3,72.5,3.2,4.0,1.0,1.0,0,0
STU-010859,2026,electronics,6.39,51.3,79.2,65.3,25.5,2.0,0.0,4.0,1,0
STU-010860,2026,computer_science,6.07,51.0,50.5,76.6,12.3,4.0,1.0,1.0,2,0
STU-010861,2025,civil,7.04,60.6,78.9,78.2,4.4,2.0,0.0,6.0,1,0
STU-010862,2027,civil,6.18,78.6,,64.8,3.7,2.0,1.0,1.0,1,1
STU-010863,2025,mechanical,8.03,71.8,66.5,74.9,26.7,3.0,0.0,2.0,0,0
STU-010864,2025,computer_science,7.01,44.2,33.5,,19.6,3.0,0.0,1.0,0,0
STU-010865,2026,information_technology,5.12,41.8,37.6,45.5,8.9,1.0,2.0,0.0,1,0
STU-010866,2025,information_technology,7.3,44.8,100.0,49.6,6.2,1.0,1.0,2.0,2,0
STU-010867,2024,electronics,7.58,,47.9,47.9,10.7,2.0,2.0,1.0,2,0
STU-010868,2024,electronics,8.96,74.0,58.5,71.3,11.4,2.0,1.0,1.0,0,0
STU-010869,2026,electronics,8.17,74.8,51.6,52.1,10.4,3.0,0.0,,0,0
STU-010870,2027,mechanical,6.07,50.5,35.3,,2.7,1.0,0.0,3.0,1,0
STU-010871,2026,civil,8.74,61.0,73.9,47.9,24.8,3.0,0.0,3.0,2,1
STU-010872,2024,information_technology,5.51,80.1,26.3,56.6,7.1,0.0,1.0,2.0,0,0
STU-010873,2027,civil,7.13,36.0,41.4,68.4,4.1,1.0,0.0,2.0,1,0
STU-010874,2025,mechanical,7.97,69.5,64.1,80.1,5.7,3.0,1.0,4.0,0,1
STU-010875,2027,computer_science,8.78,69.5,57.8,75.3,14.5,4.0,1.0,2.0,3,1
STU-010876,2026,mechanical,9.27,58.1,66.9,64.5,7.2,3.0,2.0,4.0,0,1
STU-010877,2025,computer_science,8.57,60.9,60.7,50.4,6.6,2.0,,2.0,0,1
STU-010878,2026,computer_science,6.94,64.2,34.8,33.9,7.5,2.0,0.0,4.0,0,0
STU-010879,2025,civil,7.77,55.1,83.0,55.2,10.3,0.0,0.0,3.0,0,0
STU-010880,2027,information_technology,7.36,49.2,75.9,58.0,8.5,1.0,0.0,2.0,0,0
STU-010881,2024,information_technology,6.28,45.9,35.9,63.4,16.3,1.0,2.0,4.0,1,1
STU-010882,2027,civil,6.97,85.9,63.0,74.5,27.8,2.0,0.0,1.0,0,0
STU-010883,2027,information_technology,9.17,55.7,55.3,71.4,8.4,3.0,2.0,3.0,0,0
STU-010884,2027,computer_science,7.84,62.7,76.8,63.3,10.6,3.0,0.0,3.0,1,0
STU-010885,2027,computer_science,9.47,74.7,79.5,56.4,23.3,2.0,0.0,2.0,0,1
STU-010886,2025,information_technology,5.86,52.5,71.8,40.7,6.7,2.0,1.0,2.0,0,0
STU-010887,2026,computer_science,6.66,57.9,,50.8,18.4,1.0,0.0,3.0,0,0
STU-010888,2027,computer_science,7.58,66.7,34.3,48.5,14.1,2.0,0.0,5.0,0,0
STU-010889,2025,mechanical,7.95,47.2,27.2,98.3,7.5,0.0,,2.0,1,0
STU-010890,2024,computer_science,6.97,34.9,100.0,89.9,2.6,4.0,0.0,3.0,0,0
STU-010891,2025,electronics,8.02,49.1,74.5,44.4,15.1,1.0,0.0,1.0,0,1
STU-010892,2025,computer_science,8.01,86.0,80.2,67.5,9.6,2.0,0.0,3.0,1,1
STU-010893,2027,information_technology,5.5,46.4,24.6,43.1,3.4,3.0,0.0,5.0,3,0
STU-010894,2026,electronics,7.97,61.9,69.7,65.1,4.8,1.0,1.0,3.0,0,0
STU-010895,2026,information_technology,8.33,40.8,31.1,55.1,8.5,1.0,2.0,3.0,0,1
STU-010896,2027,computer_science,7.44,79.0,64.5,60.0,13.6,2.0,2.0,3.0,1,0
STU-010897,2025,computer_science,4.98,49.5,47.3,76.7,2.0,5.0,0.0,1.0,1,0
STU-010898,2027,computer_science,6.78,50.7,49.1,67.2,6.1,3.0,0.0,0.0,1,1
STU-010899,2024,computer_science,7.6,57.2,48.2,74.2,6.6,0.0,1.0,4.0,1,0
STU-010900,2024,information_technology,6.1,,71.4,69.0,22.2,2.0,1.0,2.0,0,1
STU-010901,2024,computer_science,8.16,,50.7,51.7,15.7,2.0,0.0,3.0,1,1
STU-010902,2025,computer_science,7.94,57.5,81.8,43.6,3.9,0.0,0.0,3.0,1,0
STU-010903,2025,computer_science,7.25,15.3,55.2,57.8,40.0,3.0,0.0,1.0,1,0
STU-010904,2026,mechanical,7.12,78.5,61.8,57.8,9.1,3.0,0.0,6.0,0,1
STU-010905,2025,information_technology,7.32,48.2,65.6,54.7,5.4,1.0,1.0,1.0,1,0
STU-010906,2024,information_technology,7.1,45.4,63.2,52.1,,4.0,0.0,4.0,1,1
STU-010907,2026,electronics,5.62,43.8,53.4,,13.6,3.0,0.0,1.0,0,1
STU-010908,2024,information_technology,6.61,79.2,90.0,80.5,17.2,3.0,1.0,0.0,0,1
STU-010909,2027,computer_science,7.18,57.7,74.9,32.6,18.4,1.0,0.0,1.0,1,1
STU-010910,2027,information_technology,8.73,38.6,18.5,44.6,15.9,4.0,0.0,1.0,0,0
STU-010911,2026,information_technology,7.9,56.7,55.0,65.7,12.9,2.0,1.0,4.0,0,1
STU-010912,2026,information_technology,8.79,49.1,87.4,36.0,4.9,,1.0,0.0,0,1
STU-010913,2026,computer_science,5.48,60.4,35.1,41.8,13.4,2.0,2.0,4.0,0,0
STU-010914,2026,civil,6.69,51.6,53.8,91.6,14.4,2.0,2.0,2.0,1,1
STU-010915,2027,electronics,9.48,39.4,66.3,69.9,5.8,1.0,1.0,1.0,1,1
STU-010916,2027,computer_science,6.25,55.3,79.0,99.4,6.1,2.0,0.0,2.0,1,0
STU-010917,2026,civil,6.22,55.6,34.1,38.1,4.8,2.0,2.0,0.0,0,0
STU-010918,2026,computer_science,6.79,38.8,38.8,91.2,21.7,4.0,0.0,0.0,0,0
STU-010919,2027,computer_science,9.42,33.4,73.3,43.6,30.8,3.0,3.0,3.0,4,1
STU-010920,2024,computer_science,6.33,60.9,58.2,74.5,18.0,2.0,2.0,5.0,1,0
STU-010921,2026,civil,7.74,55.3,66.8,31.5,9.0,0.0,2.0,3.0,0,1
STU-010922,2026,computer_science,7.55,55.9,62.7,66.1,18.4,3.0,1.0,6.0,0,1
STU-010923,2026,mechanical,4.88,65.0,44.5,67.1,17.8,0.0,0.0,4.0,0,0
STU-010924,2025,electronics,7.08,29.1,64.9,55.7,5.9,2.0,0.0,4.0,0,0
STU-010925,2025,information_technology,6.46,57.8,56.3,42.5,3.9,3.0,0.0,2.0,1,0
STU-010926,2025,information_technology,7.88,69.7,54.3,58.1,2.9,3.0,1.0,5.0,1,1
STU-010927,2026,computer_science,9.1,59.5,62.3,65.4,5.2,2.0,2.0,4.0,0,0
STU-010928,2027,electronics,6.7,36.2,44.6,45.9,10.5,3.0,1.0,2.0,1,1
STU-010929,2027,information_technology,6.7,47.5,41.8,59.1,16.5,0.0,1.0,3.0,0,1
STU-010930,2025,information_technology,10.0,57.2,76.5,61.1,10.0,2.0,0.0,4.0,1,0
STU-010931,2025,computer_science,6.28,32.9,29.9,68.3,17.4,6.0,0.0,3.0,0,0
STU-010932,2027,mechanical,5.56,60.7,60.9,39.7,6.5,2.0,0.0,0.0,0,0
STU-010933,2027,electronics,8.68,61.4,57.3,53.7,13.4,4.0,0.0,2.0,0,1
STU-010934,2026,information_technology,7.04,48.4,53.4,64.5,12.8,3.0,0.0,4.0,0,0
STU-010935,2025,information_technology,7.43,73.6,53.7,56.4,33.6,4.0,2.0,2.0,0,0
STU-010936,2024,computer_science,9.67,55.5,74.2,46.6,4.5,2.0,2.0,1.0,1,1
STU-010937,2027,information_technology,5.49,77.2,74.1,75.1,33.6,1.0,1.0,3.0,0,1
STU-010938,2026,computer_science,6.88,53.7,85.2,75.6,29.3,1.0,0.0,1.0,0,0
STU-010939,2025,electronics,5.68,41.0,67.5,72.5,4.7,3.0,0.0,6.0,1,0
STU-010940,2027,computer_science,7.49,45.1,58.3,56.9,,2.0,0.0,3.0,2,0
STU-010941,2026,computer_science,6.46,58.3,66.4,59.1,23.2,1.0,0.0,1.0,0,1
STU-010942,2027,computer_science,5.75,39.4,15.6,79.5,2.2,4.0,1.0,1.0,0,0
STU-010943,2026,computer_science,7.94,62.1,69.1,73.2,5.3,2.0,3.0,3.0,3,0
STU-010944,2026,electronics,7.11,52.2,62.1,79.7,0.7,2.0,0.0,2.0,0,0
STU-010945,2027,electronics,5.66,49.0,23.4,63.2,17.0,3.0,0.0,4.0,0,0
STU-010946,2027,information_technology,5.73,54.8,40.0,70.5,1.9,2.0,0.0,2.0,0,0
STU-010947,2027,information_technology,7.34,73.7,61.1,71.3,8.5,3.0,0.0,3.0,0,0
STU-010948,2027,electronics,5.18,46.2,54.2,82.2,13.3,2.0,2.0,4.0,0,0
STU-010949,2026,electronics,,,72.7,30.1,3.6,1.0,1.0,3.0,2,0
STU-010950,2025,mechanical,8.64,67.9,89.9,63.7,30.6,1.0,1.0,2.0,0,1
STU-010951,2025,mechanical,7.87,41.6,,75.3,15.2,1.0,2.0,0.0,1,0
STU-010952,2027,mechanical,6.38,64.6,33.2,78.5,17.8,2.0,0.0,1.0,1,0
STU-010953,2025,mechanical,,71.1,70.6,55.7,10.0,2.0,0.0,3.0,1,0
STU-010954,2027,mechanical,5.66,,71.5,67.5,11.3,2.0,2.0,1.0,0,1
STU-010955,2027,information_technology,7.26,41.9,77.6,72.3,6.8,2.0,0.0,2.0,0,0
STU-010956,2027,electronics,6.72,41.9,61.9,79.6,7.5,2.0,1.0,5.0,0,0
STU-010957,2027,electronics,5.9,55.0,84.6,67.0,6.4,1.0,2.0,1.0,2,0
STU-010958,2026,computer_science,7.82,,53.6,65.6,4.1,5.0,0.0,1.0,1,0
STU-010959,2026,information_technology,4.83,53.9,73.5,58.2,7.1,1.0,2.0,1.0,0,1
STU-010960,2027,civil,5.74,50.1,,77.7,2.7,2.0,2.0,3.0,0,0
STU-010961,2025,information_technology,5.87,58.5,12.0,79.4,33.7,2.0,0.0,2.0,1,0
STU-010962,2025,,6.52,18.7,33.1,76.6,6.5,,0.0,0.0,0,0
STU-010963,2027,information_technology,8.59,71.1,51.6,72.4,5.8,4.0,1.0,1.0,3,0
STU-010964,2026,computer_science,7.97,82.0,58.9,65.4,8.4,1.0,1.0,2.0,1,1
STU-010965,2026,information_technology,7.22,50.1,40.0,53.8,12.5,2.0,1.0,0.0,0,0
STU-010966,2024,information_technology,7.17,61.4,57.8,51.6,4.9,0.0,1.0,2.0,0,0
STU-010967,2026,information_technology,7.09,83.4,66.3,76.4,12.6,1.0,1.0,0.0,0,1
STU-010968,2027,information_technology,8.68,61.9,67.7,77.9,4.3,4.0,0.0,3.0,0,1
STU-010969,2026,computer_science,5.01,58.6,,65.4,3.9,0.0,,5.0,1,0
STU-010970,2025,information_technology,7.99,87.6,79.4,65.4,17.6,6.0,0.0,2.0,0,0
STU-010971,2026,computer_science,6.52,87.6,39.5,65.0,6.4,6.0,2.0,4.0,0,0
STU-010972,2027,information_technology,,43.4,53.6,78.8,7.0,2.0,2.0,2.0,0,0
STU-010973,2027,electronics,7.68,53.2,48.4,72.6,2.0,1.0,0.0,0.0,0,0
STU-010974,2025,computer_science,7.94,73.3,69.9,56.0,12.5,2.0,1.0,5.0,0,1
STU-010975,2026,civil,8.92,,55.5,69.1,,4.0,0.0,2.0,1,0
STU-010976,2025,electronics,5.52,65.6,55.9,39.8,17.5,0.0,1.0,1.0,0,0
STU-010977,2026,computer_science,8.26,21.2,73.9,53.4,17.7,0.0,0.0,2.0,1,0
STU-010978,2025,information_technology,7.03,28.7,46.5,37.5,10.1,2.0,0.0,1.0,1,0
STU-010979,2026,computer_science,6.57,83.9,26.1,50.0,9.4,2.0,4.0,1.0,2,1
STU-010980,2026,computer_science,9.44,74.5,60.9,51.3,6.5,3.0,2.0,2.0,1,1
STU-010981,2025,civil,7.91,65.1,45.1,32.8,35.0,2.0,1.0,1.0,1,0
STU-010982,2025,electronics,6.62,38.6,42.6,78.4,6.2,4.0,0.0,,1,0
STU-010983,2024,mechanical,8.2,54.2,17.8,54.9,21.3,3.0,0.0,1.0,1,1
STU-010984,2024,electronics,7.05,66.6,27.6,57.5,10.3,0.0,2.0,1.0,2,0
STU-010985,2026,civil,6.6,36.5,67.0,49.9,1.6,1.0,0.0,3.0,1,0
STU-010986,2025,mechanical,6.4,46.2,36.7,69.9,36.6,1.0,0.0,2.0,0,1
STU-010987,2024,computer_science,7.45,64.5,76.5,81.3,4.8,1.0,,0.0,0,0
STU-010988,2027,computer_science,6.39,65.6,40.4,69.3,6.4,0.0,1.0,3.0,1,0
STU-010989,2025,information_technology,7.28,50.7,64.4,66.9,11.2,0.0,,4.0,0,0
STU-010990,2027,information_technology,8.12,75.0,55.2,34.4,17.5,1.0,0.0,1.0,1,0
STU-010991,2026,information_technology,7.23,72.7,67.0,60.6,12.3,1.0,0.0,1.0,0,0
STU-010992,2026,computer_science,9.37,35.9,60.2,71.1,8.0,3.0,0.0,0.0,0,1
STU-010993,2026,mechanical,7.12,82.8,59.1,78.8,8.3,2.0,2.0,1.0,1,0
STU-010994,2025,computer_science,8.65,78.8,82.5,70.5,7.8,3.0,0.0,1.0,1,1
STU-010995,2027,mechanical,8.22,63.5,67.9,91.2,10.2,3.0,1.0,1.0,1,0
STU-010996,2027,information_technology,8.85,59.6,50.7,51.8,14.0,3.0,0.0,2.0,1,0
STU-010997,2025,computer_science,9.37,74.6,32.6,51.8,19.0,2.0,0.0,0.0,0,1
STU-010998,2027,mechanical,5.07,62.2,45.4,67.4,11.0,1.0,0.0,2.0,0,0
STU-010999,2026,information_technology,7.4,54.7,63.9,,9.1,0.0,0.0,0.0,0,1
STU-011000,2027,electronics,6.97,82.0,57.5,82.1,26.4,2.0,0.0,0.0,2,0
STU-011001,2027,mechanical,7.23,26.9,41.0,33.5,7.3,5.0,2.0,0.0,0,0
STU-011002,2024,computer_science,6.64,47.3,56.2,63.5,9.0,2.0,2.0,5.0,0,0
STU-011003,2027,computer_science,6.48,63.7,64.1,75.3,6.7,3.0,0.0,2.0,0,0
STU-011004,2027,computer_science,5.84,54.9,74.0,74.9,6.5,1.0,0.0,1.0,0,0
STU-011005,2027,computer_science,7.21,68.9,52.0,69.9,12.9,2.0,0.0,1.0,1,0
STU-011006,2024,civil,8.17,39.4,100.0,60.8,3.5,4.0,0.0,1.0,0,1
STU-011007,2027,mechanical,6.53,53.2,77.8,19.5,8.2,2.0,1.0,0.0,0,1
STU-011008,2026,information_technology,6.72,74.7,56.7,90.8,6.3,3.0,1.0,3.0,0,0
STU-011009,2025,electronics,6.3,34.2,56.6,70.6,9.1,1.0,1.0,1.0,1,1
STU-011010,2027,civil,5.96,52.3,74.4,49.7,8.5,2.0,0.0,1.0,1,0
STU-011011,2026,computer_science,6.83,49.7,37.9,57.5,25.0,6.0,1.0,2.0,0,0
STU-011012,2027,computer_science,7.49,64.4,43.3,65.6,18.5,1.0,0.0,2.0,0,1
STU-011013,2026,mechanical,8.55,67.0,39.3,68.7,21.4,2.0,0.0,1.0,0,0
STU-011014,2025,electronics,5.73,56.9,45.6,42.5,9.0,1.0,2.0,2.0,0,0
STU-011015,2027,computer_science,7.07,53.8,,48.1,11.4,2.0,0.0,,0,1
STU-011016,2026,information_technology,8.45,61.9,54.8,69.0,13.0,1.0,0.0,2.0,1,0
STU-011017,2026,computer_science,5.74,53.0,49.4,53.9,6.7,,0.0,3.0,1,0
STU-011018,2025,electronics,8.56,60.6,37.8,37.1,3.3,2.0,1.0,1.0,1,0
STU-011019,2024,electronics,6.6,79.0,76.6,50.9,6.3,1.0,1.0,1.0,0,0
STU-011020,2026,computer_science,7.92,41.8,78.9,61.8,13.1,1.0,1.0,2.0,0,1
STU-011021,2026,mechanical,6.85,62.8,46.6,39.1,18.5,1.0,0.0,3.0,0,0
STU-011022,2027,information_technology,7.63,45.1,82.7,84.9,40.0,3.0,0.0,0.0,0,1
STU-011023,2027,electronics,8.95,91.2,69.4,78.6,2.9,0.0,3.0,1.0,0,1
STU-011024,2027,electronics,6.96,59.3,73.5,74.8,15.6,3.0,1.0,1.0,0,0
STU-011025,2025,information_technology,8.25,41.5,36.9,63.3,11.2,0.0,2.0,6.0,0,0
STU-011026,2026,computer_science,7.42,55.4,50.9,44.7,30.2,1.0,1.0,3.0,3,0
STU-011027,2024,computer_science,6.2,34.5,62.5,50.3,18.6,5.0,1.0,3.0,1,1
STU-011028,2027,electronics,6.93,48.4,51.9,80.5,7.1,0.0,1.0,2.0,0,1
STU-011029,2026,electronics,6.86,67.0,51.5,50.9,6.6,3.0,0.0,1.0,0,0
STU-011030,2027,computer_science,5.48,75.4,47.0,61.5,6.9,2.0,0.0,4.0,1,0
STU-011031,2025,civil,7.63,75.5,63.9,57.9,2.5,0.0,0.0,1.0,0,0
STU-011032,2025,mechanical,7.86,58.1,60.3,59.8,2.3,1.0,1.0,2.0,0,0
STU-011033,2027,computer_science,8.03,68.6,85.6,60.2,4.8,3.0,,1.0,0,0
STU-011034,2026,computer_science,8.74,73.6,45.2,58.7,3.3,2.0,1.0,3.0,0,0
STU-011035,2027,information_technology,8.2,94.1,61.4,55.7,1.1,3.0,0.0,1.0,0,0
STU-011036,2027,computer_science,6.41,47.8,64.6,57.5,8.4,2.0,1.0,3.0,0,1
STU-011037,2026,civil,6.65,79.9,32.5,59.1,10.2,5.0,0.0,4.0,1,0
STU-011038,2026,electronics,8.06,43.7,53.4,48.8,30.1,2.0,0.0,3.0,2,0
STU-011039,2026,computer_science,7.55,76.8,60.1,42.4,0.6,3.0,0.0,4.0,0,0
STU-011040,2027,information_technology,7.08,48.8,80.9,56.8,7.6,1.0,2.0,1.0,0,1
STU-011041,2027,computer_science,6.09,45.9,53.7,49.7,9.1,5.0,0.0,4.0,1,0
STU-011042,2025,information_technology,6.49,52.7,65.8,61.1,9.0,3.0,1.0,1.0,1,0
STU-011043,2027,computer_science,,47.9,72.1,47.1,28.9,3.0,0.0,1.0,0,0
STU-011044,2025,,4.86,60.1,0.0,35.5,2.3,6.0,0.0,1.0,1,0
STU-011045,2026,,4.41,71.2,46.0,82.4,7.8,2.0,1.0,2.0,1,0
STU-011046,2027,civil,7.9,28.1,51.2,53.1,3.5,2.0,1.0,1.0,1,0
STU-011047,2027,computer_science,6.49,54.4,78.5,30.9,5.6,0.0,1.0,0.0,0,0
STU-011048,2026,information_technology,7.64,43.0,69.4,72.4,4.6,2.0,0.0,1.0,0,0
STU-011049,2025,mechanical,8.91,75.4,77.5,55.1,15.9,,3.0,0.0,0,1
STU-011050,2025,information_technology,5.93,77.2,59.6,61.0,9.0,3.0,0.0,4.0,1,1
STU-011051,2024,information_technology,5.18,51.7,49.5,63.6,14.9,3.0,2.0,,2,0
STU-011052,2025,civil,6.78,47.0,68.3,74.9,24.8,1.0,0.0,3.0,0,1
STU-011053,2027,mechanical,6.31,32.4,51.9,65.0,16.5,1.0,1.0,0.0,0,0
STU-011054,2025,mechanical,7.07,87.4,77.1,41.1,3.9,3.0,0.0,2.0,0,1
STU-011055,2025,information_technology,7.72,79.2,39.7,44.0,19.4,2.0,0.0,0.0,0,0
STU-011056,2027,electronics,7.48,29.3,74.5,40.6,9.1,1.0,0.0,4.0,0,0
STU-011057,2025,information_technology,7.15,68.1,49.4,53.8,10.9,1.0,3.0,5.0,1,0
STU-011058,2025,information_technology,8.32,,71.8,66.2,20.6,3.0,0.0,2.0,0,1
STU-011059,2027,computer_science,7.87,,31.8,49.4,2.4,2.0,1.0,2.0,0,0
STU-011060,2024,mechanical,6.89,39.1,,51.2,12.2,3.0,0.0,4.0,1,0
STU-011061,2025,information_technology,7.83,29.6,55.8,50.6,2.2,1.0,1.0,2.0,0,0
STU-011062,2026,electronics,5.32,54.0,47.5,52.5,5.7,0.0,1.0,3.0,1,0
STU-011063,2025,mechanical,8.32,89.1,30.2,,20.2,4.0,0.0,3.0,0,1
STU-011064,2025,mechanical,7.13,44.4,56.1,56.8,6.2,3.0,1.0,2.0,2,0
STU-011065,2025,computer_science,5.72,,52.1,76.3,9.4,0.0,0.0,4.0,0,0
STU-011066,2025,electronics,6.62,73.0,23.2,53.4,18.6,1.0,2.0,3.0,2,0
STU-011067,2027,information_technology,8.29,71.4,40.6,61.3,7.5,1.0,1.0,4.0,0,0
STU-011068,2026,computer_science,6.22,86.4,54.5,58.2,7.7,4.0,0.0,2.0,0,0
STU-011069,2025,,7.57,73.5,64.2,65.0,7.3,3.0,0.0,2.0,1,1
STU-011070,2025,electronics,8.11,87.3,58.6,68.4,3.7,3.0,2.0,2.0,0,1
STU-011071,2027,mechanical,7.13,41.1,56.3,61.4,14.6,3.0,0.0,1.0,0,0
STU-011072,2024,civil,6.11,67.4,51.9,,13.5,2.0,0.0,1.0,0,1
STU-011073,2027,information_technology,7.03,80.7,45.8,82.4,25.6,1.0,0.0,2.0,0,0
STU-011074,2025,information_technology,5.48,43.4,45.9,53.5,5.5,1.0,1.0,3.0,0,0
STU-011075,2027,computer_science,6.54,4.8,29.3,80.0,12.3,0.0,0.0,1.0,1,0
STU-011076,2025,civil,5.83,36.6,40.4,78.5,5.5,2.0,0.0,3.0,0,0
STU-011077,2024,mechanical,7.05,47.2,54.5,43.2,24.2,3.0,1.0,4.0,0,0
STU-011078,2026,civil,5.64,63.7,70.6,32.0,10.5,3.0,0.0,0.0,0,0
STU-011079,2025,information_technology,7.2,49.9,53.7,64.6,31.2,3.0,2.0,1.0,1,1
STU-011080,2027,computer_science,8.4,60.9,95.7,59.8,7.2,2.0,4.0,1.0,0,0
STU-011081,2026,electronics,8.48,51.9,93.7,26.9,11.0,1.0,0.0,2.0,0,0
STU-011082,2026,information_technology,5.67,53.4,50.9,63.4,7.2,4.0,0.0,0.0,0,0
STU-011083,2025,information_technology,6.33,55.7,45.3,62.3,28.5,2.0,,1.0,1,0
STU-011084,2026,computer_science,8.08,50.7,97.8,53.1,18.3,3.0,0.0,0.0,0,1
STU-011085,2025,computer_science,7.91,72.1,71.3,83.7,15.9,2.0,0.0,3.0,1,0
STU-011086,2027,information_technology,6.39,77.5,60.0,58.5,17.4,4.0,1.0,1.0,0,0
STU-011087,2027,civil,6.54,39.8,40.9,56.1,18.8,1.0,0.0,2.0,2,0
STU-011088,2026,electronics,7.19,61.6,48.5,61.6,12.9,4.0,1.0,0.0,1,1
STU-011089,2027,mechanical,4.99,32.5,30.0,42.6,9.0,2.0,0.0,1.0,2,0
STU-011090,2026,computer_science,7.7,33.1,83.1,48.8,4.4,1.0,1.0,2.0,0,1
STU-011091,2026,electronics,8.35,76.2,68.9,22.2,3.8,1.0,2.0,6.0,0,0
STU-011092,2025,information_technology,6.65,87.4,48.3,67.0,4.2,0.0,2.0,5.0,1,0
STU-011093,2026,computer_science,5.47,50.0,,74.5,15.6,5.0,0.0,,1,1
STU-011094,2025,information_technology,8.72,88.9,45.0,65.6,11.0,0.0,1.0,4.0,3,0
STU-011095,2024,computer_science,7.35,49.0,55.2,64.5,6.4,2.0,0.0,2.0,1,0
STU-011096,2027,mechanical,7.92,56.3,61.6,60.4,5.6,4.0,0.0,0.0,0,1
STU-011097,2024,mechanical,5.58,,10.6,82.6,2.9,2.0,0.0,1.0,0,0
STU-011098,2026,computer_science,5.58,41.5,32.9,59.4,7.9,0.0,0.0,1.0,2,0
STU-011099,2024,electronics,,72.9,45.8,74.0,5.3,3.0,0.0,3.0,0,0
STU-011100,2026,information_technology,8.28,55.3,78.6,72.6,4.3,0.0,0.0,4.0,0,1
STU-011101,2027,computer_science,5.8,44.8,40.8,42.1,2.2,4.0,1.0,1.0,0,1
STU-011102,2024,electronics,6.98,50.3,24.4,70.6,,1.0,1.0,0.0,2,0
STU-011103,2026,mechanical,5.27,22.0,29.4,45.8,3.7,0.0,0.0,2.0,0,0
STU-011104,2026,mechanical,6.29,75.5,81.5,53.5,15.8,0.0,0.0,1.0,0,1
STU-011105,2027,computer_science,6.8,61.0,47.9,58.9,8.6,6.0,1.0,2.0,0,0
STU-011106,2024,information_technology,7.66,57.1,40.0,78.9,14.5,2.0,0.0,1.0,0,0
STU-011107,2027,computer_science,4.68,43.0,17.3,51.4,8.7,1.0,1.0,3.0,2,0
STU-011108,2026,computer_science,8.62,65.9,61.9,66.0,20.2,1.0,0.0,3.0,1,0
STU-011109,2026,computer_science,6.9,71.1,56.8,39.6,1.1,2.0,1.0,0.0,2,0
STU-011110,2025,computer_science,8.59,57.1,68.9,58.8,6.2,2.0,1.0,2.0,0,1
STU-011111,2025,computer_science,7.9,74.3,100.0,54.7,15.6,1.0,0.0,3.0,0,0
STU-011112,2026,information_technology,8.08,64.3,38.3,79.1,6.2,2.0,2.0,2.0,1,0
STU-011113,2024,electronics,9.42,61.4,58.4,50.9,6.3,1.0,1.0,3.0,0,0
STU-011114,2026,computer_science,6.2,70.1,,39.5,3.1,4.0,0.0,1.0,1,0
STU-011115,2026,computer_science,7.26,50.9,48.6,55.4,6.2,0.0,1.0,0.0,0,0
STU-011116,2026,civil,5.96,37.1,15.7,52.8,8.9,4.0,2.0,2.0,0,0
STU-011117,2024,mechanical,6.98,57.2,63.6,64.9,27.5,2.0,1.0,1.0,0,0
STU-011118,2025,computer_science,7.93,60.4,48.0,79.9,5.6,0.0,1.0,4.0,1,0
STU-011119,2026,information_technology,8.4,57.5,42.5,56.8,9.0,3.0,0.0,0.0,0,0
STU-011120,2026,computer_science,6.66,75.2,38.5,,40.0,1.0,0.0,4.0,1,0
STU-011121,2027,civil,5.71,62.9,76.2,60.1,27.2,2.0,1.0,1.0,1,0
STU-011122,2026,,7.18,56.6,,68.5,16.1,2.0,0.0,4.0,1,0
STU-011123,2026,computer_science,6.12,56.2,32.9,47.8,13.6,1.0,0.0,2.0,0,0
STU-011124,2024,electronics,6.44,58.1,23.3,61.2,8.8,1.0,1.0,3.0,0,0
STU-011125,2027,electronics,7.87,67.6,73.8,74.7,15.4,1.0,1.0,4.0,0,1
STU-011126,2025,computer_science,7.66,60.1,92.6,50.9,9.9,1.0,3.0,0.0,2,1
STU-011127,2025,computer_science,8.06,57.8,98.9,59.1,1.4,2.0,1.0,4.0,0,1
STU-011128,2025,information_technology,6.71,,29.8,60.6,8.2,3.0,0.0,,0,0
STU-011129,2024,computer_science,8.26,49.9,83.1,40.7,6.7,0.0,1.0,1.0,1,0
STU-011130,2027,computer_science,7.12,62.4,55.4,71.6,,2.0,2.0,1.0,0,1
STU-011131,2025,mechanical,6.77,60.4,21.3,53.5,9.4,0.0,,4.0,0,0
STU-011132,2025,,5.84,33.4,35.7,60.9,6.4,2.0,5.0,2.0,0,1
STU-011133,2025,electronics,,45.0,32.4,70.1,18.0,2.0,1.0,1.0,3,0
STU-011134,2027,electronics,5.3,40.7,56.3,71.5,21.7,5.0,1.0,1.0,1,0
STU-011135,2027,information_technology,7.35,79.2,33.2,44.9,19.2,3.0,0.0,1.0,0,0
STU-011136,2027,information_technology,6.06,59.9,67.3,67.3,4.8,3.0,0.0,1.0,0,0
STU-011137,2027,electronics,5.21,60.9,55.9,75.3,22.3,1.0,1.0,0.0,0,0
STU-011138,2027,computer_science,6.62,56.2,70.8,52.3,8.1,3.0,0.0,3.0,0,0
STU-011139,2026,computer_science,7.42,49.4,45.5,72.6,39.0,3.0,0.0,4.0,0,1
STU-011140,2024,computer_science,7.58,52.5,64.1,67.3,31.5,2.0,0.0,1.0,1,0
STU-011141,2025,electronics,7.07,65.5,37.7,68.4,3.4,1.0,1.0,1.0,1,0
STU-011142,2025,electronics,7.03,54.2,66.6,73.6,,1.0,0.0,1.0,0,0
STU-011143,2026,information_technology,6.48,64.5,48.9,49.2,5.9,4.0,0.0,6.0,1,0
STU-011144,2024,information_technology,7.83,61.8,55.9,48.4,13.9,2.0,1.0,,0,0
STU-011145,2024,mechanical,6.9,62.2,54.0,77.9,14.3,4.0,0.0,2.0,1,0
STU-011146,2026,computer_science,7.01,63.2,25.4,57.3,20.7,2.0,0.0,2.0,0,0
STU-011147,2024,information_technology,8.29,52.7,80.4,41.4,24.4,2.0,0.0,4.0,0,0
STU-011148,2024,mechanical,8.01,55.4,60.5,59.5,3.6,6.0,0.0,0.0,1,0
STU-011149,2024,electronics,6.89,71.4,,60.3,29.2,4.0,1.0,0.0,0,1
STU-011150,2026,information_technology,6.72,84.8,72.9,65.2,9.4,1.0,0.0,1.0,0,1
STU-011151,2024,computer_science,6.71,71.2,40.0,56.4,9.6,1.0,1.0,3.0,1,0
STU-011152,2024,civil,4.78,11.7,41.5,86.1,2.3,4.0,0.0,3.0,2,0
STU-011153,2025,information_technology,8.36,49.4,34.1,49.3,11.1,1.0,1.0,3.0,0,0
STU-011154,2027,mechanical,6.31,58.3,73.1,34.6,6.5,2.0,0.0,1.0,0,0
STU-011155,2025,mechanical,8.08,43.7,64.8,41.3,2.8,2.0,0.0,1.0,0,0
STU-011156,2024,mechanical,7.15,,59.0,51.5,9.1,3.0,2.0,0.0,0,0
STU-011157,2027,computer_science,8.7,55.1,57.1,68.5,7.6,4.0,3.0,2.0,0,1
STU-011158,2027,,,64.6,41.3,58.9,24.3,4.0,0.0,1.0,1,0
STU-011159,2025,computer_science,8.15,69.6,81.4,66.6,22.2,3.0,0.0,1.0,0,1
STU-011160,2025,computer_science,6.42,51.3,86.8,52.4,7.0,4.0,0.0,2.0,1,1
STU-011161,2025,computer_science,,48.6,72.0,67.5,12.3,2.0,0.0,1.0,0,0
STU-011162,2026,information_technology,7.27,45.9,53.2,39.6,19.9,4.0,1.0,1.0,0,0
STU-011163,2025,information_technology,4.9,61.4,53.2,64.0,2.9,2.0,0.0,2.0,2,0
STU-011164,2027,electronics,6.56,63.7,71.4,70.1,8.8,3.0,4.0,1.0,1,1
STU-011165,2027,computer_science,5.73,69.1,51.5,48.8,7.7,,0.0,2.0,0,0
STU-011166,2026,computer_science,6.13,58.2,84.6,,1.7,0.0,1.0,5.0,0,0
STU-011167,2024,information_technology,7.79,39.9,79.4,35.5,6.6,3.0,0.0,1.0,3,0
STU-011168,2027,electronics,7.71,54.2,100.0,71.5,1.6,2.0,0.0,,0,1
STU-011169,2027,computer_science,6.91,70.7,58.0,73.4,2.9,1.0,1.0,1.0,0,1
STU-011170,2027,electronics,7.47,32.9,,49.6,6.4,2.0,1.0,3.0,1,0
STU-011171,2024,computer_science,6.48,55.7,54.1,66.1,,1.0,1.0,4.0,0,0
STU-011172,2026,electronics,9.89,68.1,60.1,49.7,3.2,0.0,0.0,2.0,2,0
STU-011173,2027,mechanical,7.45,88.9,59.7,65.8,11.9,3.0,0.0,0.0,0,1
STU-011174,2027,information_technology,6.42,47.8,83.0,58.6,17.1,1.0,1.0,2.0,0,0
STU-011175,2026,electronics,8.11,58.4,50.2,61.7,5.9,0.0,1.0,0.0,0,1
STU-011176,2026,civil,8.53,86.4,47.0,53.5,14.2,3.0,0.0,3.0,0,0
STU-011177,2026,computer_science,6.21,47.6,40.8,53.6,13.6,0.0,2.0,0.0,1,0
STU-011178,2026,information_technology,5.47,71.1,85.5,50.8,8.7,3.0,0.0,2.0,0,0
STU-011179,2027,civil,5.7,61.3,42.0,70.7,6.8,3.0,0.0,0.0,0,0
STU-011180,2026,mechanical,6.33,53.3,56.7,85.0,7.9,1.0,1.0,1.0,0,0
STU-011181,2025,electronics,7.04,64.8,86.5,93.6,35.9,3.0,0.0,4.0,1,1
STU-011182,2024,computer_science,5.23,52.2,59.2,74.8,4.1,2.0,0.0,0.0,0,0
STU-011183,2026,computer_science,6.62,91.1,,61.6,29.0,5.0,0.0,2.0,1,0
STU-011184,2027,mechanical,6.86,26.7,46.2,75.7,4.7,5.0,2.0,1.0,2,0
STU-011185,2024,electronics,7.47,54.7,45.8,66.6,15.0,3.0,0.0,3.0,1,1
STU-011186,2025,computer_science,7.8,55.8,28.6,56.9,2.2,3.0,1.0,2.0,0,0
STU-011187,2027,computer_science,7.56,57.1,49.2,89.3,2.5,0.0,1.0,1.0,0,1
STU-011188,2026,mechanical,9.16,78.5,17.4,75.4,24.0,4.0,2.0,3.0,0,1
STU-011189,2025,electronics,,54.0,66.0,51.4,3.6,7.0,0.0,2.0,1,0
STU-011190,2025,civil,7.36,66.1,56.5,75.2,16.4,1.0,1.0,0.0,1,0
STU-011191,2025,information_technology,5.98,59.4,38.9,69.9,,2.0,0.0,1.0,1,0
STU-011192,2024,information_technology,6.32,69.2,21.5,48.7,,1.0,0.0,2.0,1,0
STU-011193,2026,computer_science,5.46,52.9,72.5,62.8,15.6,5.0,1.0,2.0,0,0
STU-011194,2026,information_technology,7.28,63.4,46.4,61.0,15.0,4.0,0.0,1.0,0,1
STU-011195,2026,computer_science,7.48,57.1,75.6,25.5,9.5,1.0,0.0,2.0,0,0
STU-011196,2026,computer_science,8.13,45.5,57.4,42.1,1.2,3.0,0.0,1.0,1,0
STU-011197,2024,computer_science,7.41,82.8,81.4,77.1,9.0,3.0,0.0,2.0,0,1
STU-011198,2024,computer_science,8.31,49.2,70.2,51.8,29.9,3.0,1.0,1.0,2,1
STU-011199,2024,mechanical,8.34,53.5,62.2,70.1,5.4,3.0,0.0,4.0,1,0
STU-011200,2024,computer_science,5.92,43.0,36.4,79.7,7.7,0.0,0.0,3.0,1,1
STU-011201,2027,information_technology,6.5,63.0,75.1,33.0,2.7,2.0,0.0,1.0,1,0
STU-011202,2024,electronics,7.09,51.0,51.9,84.5,7.2,2.0,0.0,1.0,1,0
STU-011203,2026,computer_science,6.29,,38.3,59.6,9.6,1.0,0.0,1.0,0,0
STU-011204,2024,information_technology,,65.6,51.6,67.4,6.5,0.0,1.0,1.0,2,0
STU-011205,2024,mechanical,7.45,54.7,,89.1,9.1,5.0,0.0,1.0,0,1
STU-011206,2024,electronics,6.96,44.3,69.7,75.5,7.6,0.0,1.0,2.0,2,0
STU-011207,2026,information_technology,7.1,56.5,23.4,59.5,23.1,1.0,1.0,,1,0
STU-011208,2026,mechanical,6.02,63.8,91.6,54.5,4.8,4.0,0.0,3.0,1,0
STU-011209,2027,civil,7.68,58.7,65.6,55.7,18.6,1.0,0.0,2.0,0,0
STU-011210,2024,mechanical,7.6,57.1,57.1,54.1,6.1,1.0,1.0,,0,0
STU-011211,2026,information_technology,6.22,41.1,59.4,79.7,4.9,4.0,2.0,5.0,2,0
STU-011212,2027,electronics,5.61,88.9,23.4,69.6,15.4,1.0,1.0,2.0,0,0
STU-011213,2025,information_technology,8.51,58.0,63.2,64.9,4.5,2.0,1.0,2.0,0,1
STU-011214,2024,computer_science,9.11,41.6,74.5,58.9,9.7,1.0,0.0,2.0,2,1
STU-011215,2024,information_technology,7.37,42.6,51.5,72.2,8.6,1.0,0.0,3.0,0,1
STU-011216,2024,mechanical,6.68,52.2,62.6,35.6,28.6,1.0,0.0,1.0,0,0
STU-011217,2027,computer_science,8.3,,73.7,88.1,9.3,0.0,2.0,4.0,1,1
STU-011218,2025,mechanical,,56.7,,58.2,1.2,2.0,2.0,1.0,1,0
STU-011219,2026,civil,6.86,52.1,75.7,48.7,11.7,1.0,0.0,1.0,0,0
STU-011220,2027,computer_science,8.21,73.1,58.8,78.1,19.1,2.0,0.0,2.0,1,0
STU-011221,2025,computer_science,6.17,70.1,84.1,77.7,14.8,2.0,0.0,1.0,0,0
STU-011222,2026,civil,6.31,66.5,74.5,61.0,11.0,4.0,0.0,1.0,1,0
STU-011223,2024,computer_science,7.52,62.0,64.0,80.6,7.3,1.0,0.0,2.0,0,0
STU-011224,2026,mechanical,7.23,41.9,42.1,76.0,13.9,0.0,2.0,3.0,1,0
STU-011225,2024,computer_science,7.83,48.4,,67.3,9.5,2.0,2.0,2.0,0,0
STU-011226,2025,computer_science,8.47,37.1,,39.0,10.9,4.0,0.0,0.0,0,1
STU-011227,2025,computer_science,5.31,51.3,38.7,63.8,,1.0,0.0,2.0,0,0
STU-011228,2026,computer_science,7.14,51.9,62.9,62.1,23.7,1.0,0.0,0.0,0,0
STU-011229,2026,civil,9.29,54.6,73.4,58.5,6.1,0.0,0.0,4.0,1,0
STU-011230,2027,computer_science,6.41,61.0,50.7,56.8,6.0,1.0,1.0,4.0,1,0
STU-011231,2024,computer_science,6.28,46.7,38.1,72.5,10.6,4.0,0.0,1.0,0,0
STU-011232,2027,electronics,4.52,47.9,72.3,44.6,9.6,1.0,2.0,1.0,1,0
STU-011233,2024,civil,7.22,51.1,63.9,78.7,10.2,1.0,0.0,4.0,2,0
STU-011234,2027,information_technology,7.77,59.1,52.9,61.3,6.0,2.0,2.0,0.0,0,1
STU-011235,2027,mechanical,7.77,65.0,44.6,50.2,3.5,4.0,1.0,2.0,1,0
STU-011236,2026,computer_science,5.91,35.6,65.9,57.9,3.0,3.0,0.0,2.0,1,0
STU-011237,2026,mechanical,7.09,65.0,54.2,64.8,3.4,1.0,1.0,0.0,0,0
STU-011238,2027,electronics,7.35,62.7,73.0,82.2,5.1,1.0,0.0,2.0,1,0
STU-011239,2027,mechanical,7.16,64.6,40.0,71.9,27.6,0.0,1.0,1.0,0,0
STU-011240,2024,electronics,5.84,57.7,55.5,78.5,12.8,0.0,1.0,2.0,0,0
STU-011241,2027,civil,7.19,63.8,47.6,61.1,16.9,5.0,1.0,4.0,0,1
STU-011242,2024,information_technology,6.16,50.1,81.3,59.0,3.4,1.0,1.0,0.0,0,0
STU-011243,2026,electronics,,60.5,53.0,88.0,9.1,2.0,1.0,2.0,0,0
STU-011244,2026,electronics,7.88,76.9,41.6,60.1,15.5,2.0,0.0,3.0,0,1
STU-011245,2027,computer_science,7.26,51.1,71.9,54.3,4.2,1.0,0.0,0.0,1,0
STU-011246,2026,civil,7.78,52.7,79.1,52.9,10.1,1.0,1.0,2.0,0,0
STU-011247,2025,mechanical,6.49,66.4,47.2,66.1,6.0,2.0,0.0,2.0,0,0
STU-011248,2026,mechanical,7.82,51.3,44.5,46.8,2.9,1.0,3.0,3.0,0,0
STU-011249,2025,information_technology,8.28,49.8,22.7,64.6,2.1,6.0,2.0,1.0,1,1
STU-011250,2026,mechanical,9.12,68.6,82.2,64.3,11.0,2.0,1.0,2.0,1,0
STU-011251,2026,computer_science,8.04,53.6,29.3,70.3,6.9,2.0,0.0,4.0,1,0
STU-011252,2027,civil,7.54,77.4,56.3,37.5,8.5,1.0,1.0,4.0,1,0
STU-011253,2025,computer_science,5.51,48.0,19.7,,2.5,3.0,2.0,1.0,2,0
STU-011254,2025,electronics,6.98,45.7,85.5,55.9,13.4,3.0,0.0,2.0,0,0
STU-011255,2026,computer_science,5.46,54.9,71.5,60.0,31.6,2.0,0.0,2.0,1,0
STU-011256,2024,electronics,6.16,62.8,56.7,46.4,17.3,2.0,0.0,2.0,0,0
STU-011257,2025,information_technology,9.35,67.5,82.2,42.8,5.5,1.0,0.0,4.0,0,1
STU-011258,2025,mechanical,,63.9,48.4,,1.6,3.0,0.0,1.0,0,0
STU-011259,2026,mechanical,4.41,44.5,30.6,57.6,15.5,0.0,0.0,2.0,0,0
STU-011260,2025,information_technology,8.04,77.1,30.6,73.3,19.6,2.0,1.0,1.0,0,0
STU-011261,2026,mechanical,6.33,31.8,65.8,42.7,13.2,2.0,,5.0,1,0
STU-011262,2027,electronics,7.98,,41.8,60.5,8.3,,1.0,3.0,0,0
STU-011263,2026,information_technology,5.75,56.1,93.0,85.4,19.0,1.0,0.0,7.0,1,0
STU-011264,2025,information_technology,6.61,46.8,34.5,57.8,10.6,2.0,0.0,3.0,0,0
STU-011265,2024,computer_science,8.48,,78.1,53.8,,2.0,2.0,5.0,1,0
STU-011266,2024,computer_science,5.58,40.4,71.0,74.8,16.7,1.0,1.0,1.0,0,0
STU-011267,2026,information_technology,6.91,54.7,31.8,79.1,22.1,2.0,0.0,2.0,0,0
STU-011268,2026,information_technology,7.44,65.8,49.1,53.1,5.9,0.0,0.0,0.0,0,1
STU-011269,2024,information_technology,6.27,48.5,48.2,54.1,4.8,4.0,0.0,0.0,1,1
STU-011270,2025,civil,7.38,45.6,100.0,74.1,10.3,3.0,1.0,2.0,2,0
STU-011271,2025,computer_science,7.12,51.3,51.3,66.2,11.5,4.0,0.0,4.0,0,1
STU-011272,2025,mechanical,7.71,76.0,38.5,66.5,8.9,2.0,2.0,1.0,0,0
STU-011273,2027,mechanical,9.22,78.9,72.2,65.3,20.9,3.0,1.0,2.0,1,1
STU-011274,2025,electronics,10.0,56.8,49.2,61.3,14.4,1.0,0.0,1.0,0,1
STU-011275,2024,information_technology,7.63,66.9,56.5,76.0,11.8,3.0,0.0,0.0,0,0
STU-011276,2025,computer_science,6.97,57.7,,81.4,8.5,3.0,0.0,,1,0
STU-011277,2024,mechanical,7.61,78.5,66.2,47.6,27.8,2.0,1.0,0.0,2,1
STU-011278,2024,electronics,6.83,60.5,44.8,74.4,17.9,2.0,1.0,0.0,2,0
STU-011279,2025,mechanical,5.27,,36.3,61.4,30.1,3.0,0.0,2.0,0,0
STU-011280,2025,computer_science,7.05,82.1,73.5,,10.8,0.0,0.0,0.0,1,1
STU-011281,2024,information_technology,8.34,46.8,65.3,49.1,,1.0,0.0,0.0,1,0
STU-011282,2026,information_technology,5.42,59.6,49.1,56.3,19.0,2.0,1.0,1.0,0,1
STU-011283,2026,electronics,5.97,76.4,18.1,76.8,9.0,1.0,1.0,1.0,1,0
STU-011284,2024,electronics,6.43,66.9,63.3,47.5,6.0,6.0,2.0,1.0,1,1
STU-011285,2027,computer_science,7.53,47.6,49.1,36.8,8.3,3.0,1.0,0.0,0,0
STU-011286,2025,computer_science,9.83,51.4,71.1,58.3,15.3,2.0,1.0,3.0,0,1
STU-011287,2027,computer_science,6.17,35.2,20.3,55.3,9.5,2.0,0.0,3.0,1,0
STU-011288,2027,computer_science,7.2,80.7,60.5,77.0,6.6,2.0,0.0,1.0,0,0
STU-011289,2026,computer_science,7.11,41.2,58.7,65.6,8.5,3.0,0.0,4.0,1,0
STU-011290,2025,computer_science,6.75,68.2,50.1,72.0,6.3,5.0,1.0,2.0,1,0
STU-011291,2027,information_technology,7.05,36.7,40.1,56.5,4.9,2.0,,3.0,1,1
STU-011292,2025,electronics,6.57,95.5,73.1,45.0,3.0,3.0,0.0,1.0,0,0
STU-011293,2024,mechanical,10.0,43.7,54.3,80.4,20.8,3.0,3.0,2.0,0,1
STU-011294,2026,information_technology,7.96,60.6,74.3,53.7,20.6,3.0,2.0,3.0,1,1
STU-011295,2026,computer_science,6.58,75.3,71.1,71.1,11.3,0.0,2.0,4.0,1,1
STU-011296,2027,electronics,8.46,50.4,46.7,56.8,5.4,2.0,0.0,3.0,0,0
STU-011297,2027,information_technology,7.4,67.2,69.3,71.2,7.6,3.0,0.0,2.0,0,0
STU-011298,2027,computer_science,7.17,54.1,48.4,66.2,3.7,4.0,0.0,2.0,1,0
STU-011299,2027,information_technology,6.89,63.6,65.4,63.8,3.2,3.0,1.0,2.0,1,0
STU-011300,2026,civil,6.81,73.8,38.3,67.8,5.7,3.0,1.0,0.0,2,0
STU-011301,2026,information_technology,5.7,49.0,47.8,58.6,13.6,3.0,1.0,3.0,0,0
STU-011302,2027,,5.18,76.8,49.0,38.1,2.7,0.0,1.0,7.0,1,0
STU-011303,2027,computer_science,7.53,64.3,56.6,66.0,14.5,0.0,2.0,3.0,0,1
STU-011304,2027,computer_science,6.88,87.0,61.0,78.0,12.2,,1.0,3.0,0,0
STU-011305,2027,computer_science,,47.7,45.7,61.4,11.9,5.0,0.0,1.0,2,0
STU-011306,2026,mechanical,6.08,46.5,41.9,57.6,9.6,2.0,0.0,2.0,0,0
STU-011307,2025,information_technology,5.84,52.2,62.5,65.7,11.8,4.0,0.0,2.0,2,0
STU-011308,2027,electronics,7.99,41.8,52.0,75.7,8.7,2.0,0.0,2.0,0,0
STU-011309,2024,civil,6.76,71.4,45.6,58.1,2.7,3.0,2.0,2.0,1,0
STU-011310,2025,information_technology,8.08,59.0,45.0,41.1,26.1,2.0,0.0,3.0,0,1
STU-011311,2025,computer_science,7.14,41.1,47.7,64.2,6.9,2.0,1.0,2.0,2,0
STU-011312,2026,electronics,9.26,50.2,46.6,67.1,7.3,4.0,1.0,2.0,2,0
STU-011313,2026,computer_science,7.97,46.9,71.3,64.4,10.0,1.0,2.0,3.0,0,1
STU-011314,2024,electronics,7.57,73.0,49.7,55.1,,3.0,0.0,0.0,0,0
STU-011315,2024,mechanical,8.02,66.9,40.7,66.7,17.6,3.0,1.0,1.0,0,1
STU-011316,2025,information_technology,6.79,55.6,50.7,58.8,11.2,1.0,1.0,3.0,1,0
STU-011317,2025,computer_science,5.21,48.9,24.1,55.9,9.5,3.0,0.0,3.0,1,0
STU-011318,2024,electronics,7.52,55.4,42.5,58.0,7.1,3.0,1.0,0.0,0,0
STU-011319,2026,computer_science,9.33,89.4,87.4,64.4,12.8,3.0,0.0,1.0,0,1
STU-011320,2025,computer_science,4.47,49.4,26.4,65.9,6.1,2.0,0.0,1.0,2,0
STU-011321,2025,information_technology,7.64,72.1,55.1,54.8,9.2,2.0,1.0,3.0,0,0
STU-011322,2025,computer_science,5.33,49.7,85.8,64.8,21.6,2.0,1.0,0.0,1,1
STU-011323,2026,computer_science,,83.4,59.5,67.3,8.6,5.0,1.0,0.0,1,1
STU-011324,2027,electronics,7.19,40.1,47.1,69.8,13.4,1.0,1.0,3.0,0,1
STU-011325,2024,information_technology,7.96,72.0,25.0,68.7,7.4,3.0,1.0,1.0,1,0
STU-011326,2025,information_technology,7.34,47.3,59.2,80.2,7.0,1.0,1.0,3.0,1,0
STU-011327,2026,civil,8.68,94.6,48.7,71.6,20.6,3.0,0.0,1.0,0,1
STU-011328,2024,computer_science,8.44,71.3,70.2,90.1,15.7,2.0,0.0,2.0,1,0
STU-011329,2027,computer_science,6.87,32.2,43.0,76.4,19.0,1.0,2.0,2.0,0,0
STU-011330,2027,mechanical,8.36,46.7,65.1,76.0,12.7,2.0,0.0,0.0,0,0
STU-011331,2026,,6.74,67.8,78.5,44.8,10.3,2.0,,0.0,1,1
STU-011332,2027,civil,6.54,67.0,64.6,72.6,2.0,2.0,2.0,2.0,0,0
STU-011333,2025,electronics,5.71,64.2,27.4,73.9,4.6,2.0,0.0,4.0,0,0
STU-011334,2025,information_technology,8.61,63.6,62.9,61.4,,0.0,1.0,5.0,0,1
STU-011335,2024,computer_science,6.75,52.7,70.4,33.3,8.2,2.0,1.0,3.0,0,0
STU-011336,2024,information_technology,4.32,68.9,18.4,29.4,11.5,3.0,1.0,1.0,1,0
STU-011337,2025,mechanical,7.72,46.5,86.6,58.1,4.1,1.0,0.0,2.0,1,0
STU-011338,2026,computer_science,6.6,58.0,,54.5,3.5,3.0,0.0,0.0,0,0
STU-011339,2026,mechanical,6.76,48.2,63.8,41.1,7.5,,0.0,0.0,1,0
STU-011340,2025,mechanical,6.83,47.2,48.5,67.4,3.0,,0.0,,0,0
STU-011341,2026,electronics,6.71,50.5,54.6,46.1,21.1,3.0,0.0,1.0,0,0
STU-011342,2025,computer_science,10.0,53.0,51.8,38.7,4.4,3.0,1.0,2.0,1,1
STU-011343,2025,electronics,9.01,70.3,89.3,90.9,7.7,4.0,1.0,2.0,1,1
STU-011344,2025,electronics,7.9,37.7,89.1,69.1,5.3,2.0,1.0,2.0,0,0
STU-011345,2026,computer_science,7.38,65.2,93.0,56.0,7.7,5.0,1.0,0.0,2,0
STU-011346,2026,mechanical,8.4,51.3,30.6,42.2,1.8,2.0,0.0,2.0,0,0
STU-011347,2027,computer_science,7.38,59.2,62.1,49.6,22.1,2.0,0.0,4.0,1,0
STU-011348,2024,civil,,57.6,66.5,53.3,25.0,2.0,0.0,0.0,0,1
STU-011349,2026,computer_science,7.74,52.0,46.0,54.4,3.4,4.0,,0.0,0,0
STU-011350,2027,computer_science,7.25,76.7,62.3,57.5,10.6,2.0,0.0,2.0,0,0
STU-011351,2024,electronics,8.18,,35.3,45.5,11.2,4.0,0.0,1.0,0,0
STU-011352,2025,computer_science,6.62,67.8,78.5,49.8,9.2,1.0,0.0,0.0,0,0
STU-011353,2024,computer_science,7.17,69.1,29.6,,19.4,5.0,0.0,4.0,0,0
STU-011354,2024,computer_science,5.97,51.9,55.2,34.3,15.1,4.0,0.0,2.0,1,0
STU-011355,2026,mechanical,6.11,37.3,64.8,40.5,6.4,0.0,3.0,3.0,2,1
STU-011356,2024,computer_science,4.19,39.2,33.6,53.5,15.2,3.0,0.0,1.0,0,0
STU-011357,2026,electronics,7.63,78.4,80.8,57.7,6.2,1.0,0.0,1.0,1,0
STU-011358,2027,electronics,7.94,67.3,27.7,68.5,3.0,4.0,0.0,2.0,0,1
STU-011359,2025,information_technology,8.35,,59.9,67.8,24.4,1.0,0.0,2.0,0,0
STU-011360,2024,information_technology,5.83,47.2,21.7,70.7,28.9,2.0,0.0,3.0,0,0
STU-011361,2027,computer_science,7.61,85.2,44.3,57.7,3.6,3.0,0.0,4.0,0,0
STU-011362,2026,,7.1,45.2,47.0,71.2,10.0,3.0,0.0,,1,1
STU-011363,2027,mechanical,7.95,,49.4,32.0,19.3,3.0,4.0,3.0,1,0
STU-011364,2025,civil,6.35,64.2,74.0,70.5,9.3,2.0,2.0,3.0,2,1
STU-011365,2026,electronics,6.71,37.8,33.9,61.4,8.1,2.0,2.0,0.0,2,1
STU-011366,2027,mechanical,5.31,43.2,21.8,75.5,11.6,2.0,0.0,0.0,1,0
STU-011367,2024,civil,6.28,49.7,44.8,24.5,12.8,1.0,0.0,2.0,0,0
STU-011368,2027,information_technology,7.1,71.1,57.3,74.8,9.5,6.0,2.0,4.0,0,1
STU-011369,2026,civil,7.3,52.0,64.8,39.2,18.6,2.0,0.0,5.0,0,0
STU-011370,2027,computer_science,5.16,32.8,67.3,77.7,10.6,1.0,0.0,0.0,0,0
STU-011371,2024,computer_science,6.51,34.0,16.5,50.2,7.5,3.0,1.0,2.0,0,1
STU-011372,2026,information_technology,7.28,47.1,84.8,,28.9,2.0,0.0,3.0,0,1
STU-011373,2024,information_technology,8.72,39.1,48.0,60.8,5.1,1.0,1.0,2.0,0,0
STU-011374,2027,information_technology,6.13,67.8,46.8,76.2,12.2,0.0,0.0,1.0,0,0
STU-011375,2024,information_technology,7.66,71.4,58.0,64.1,8.0,2.0,3.0,2.0,0,1
STU-011376,2024,information_technology,6.45,57.0,15.9,84.0,12.0,1.0,1.0,2.0,0,0
STU-011377,2027,mechanical,6.59,53.2,46.0,51.9,4.3,3.0,0.0,2.0,0,0
STU-011378,2025,information_technology,6.09,67.3,68.2,47.5,3.9,3.0,,0.0,0,0
STU-011379,2026,computer_science,5.9,66.3,61.3,52.9,10.6,4.0,2.0,1.0,1,0
STU-011380,2025,electronics,6.55,42.3,44.7,70.9,12.3,3.0,3.0,0.0,0,1
STU-011381,2026,electronics,8.31,47.9,63.8,71.4,1.7,4.0,1.0,1.0,1,0
STU-011382,2025,mechanical,6.23,67.1,59.8,44.0,11.7,1.0,1.0,2.0,0,1
STU-011383,2026,computer_science,6.05,60.2,46.8,50.1,8.1,2.0,1.0,4.0,0,0
STU-011384,2026,computer_science,7.34,67.8,64.7,66.0,2.4,,0.0,3.0,2,0
STU-011385,2025,civil,7.11,44.8,41.8,79.4,3.7,4.0,1.0,2.0,0,1
STU-011386,2025,computer_science,7.02,46.8,39.0,52.2,3.4,0.0,0.0,1.0,0,0
STU-011387,2024,electronics,7.39,65.7,51.5,42.0,9.4,3.0,0.0,3.0,0,0
STU-011388,2026,computer_science,5.94,45.6,9.7,76.0,1.3,2.0,0.0,2.0,1,0
STU-011389,2024,information_technology,6.07,33.3,63.1,37.5,12.0,2.0,1.0,1.0,0,0
STU-011390,2025,mechanical,8.23,50.5,61.4,69.6,7.1,0.0,0.0,1.0,0,0
STU-011391,2025,information_technology,6.93,54.8,51.0,31.6,29.5,5.0,0.0,0.0,0,0
STU-011392,2026,computer_science,7.79,85.1,71.7,60.3,1.2,3.0,1.0,1.0,0,1
STU-011393,2026,electronics,8.51,48.4,67.6,57.1,6.2,6.0,1.0,2.0,0,1
STU-011394,2026,computer_science,,59.2,77.4,51.0,1.2,1.0,1.0,2.0,0,0
STU-011395,2027,computer_science,5.52,85.7,76.0,82.2,8.4,4.0,1.0,0.0,0,1
STU-011396,2026,information_technology,6.97,41.5,60.5,60.8,6.0,1.0,1.0,1.0,0,0
STU-011397,2027,information_technology,8.3,70.5,48.0,59.6,19.1,1.0,1.0,3.0,0,0
STU-011398,2026,electronics,7.7,48.7,70.1,58.4,5.3,0.0,0.0,0.0,1,0
STU-011399,2024,information_technology,7.31,64.6,44.1,51.2,3.8,2.0,0.0,2.0,0,0
STU-011400,2027,information_technology,5.21,89.4,34.9,87.6,5.9,3.0,0.0,1.0,1,0
STU-011401,2027,information_technology,6.39,68.7,47.6,56.7,10.0,2.0,0.0,1.0,0,1
STU-011402,2026,mechanical,,60.6,75.4,88.0,7.5,5.0,0.0,,0,0
STU-011403,2024,computer_science,5.46,40.7,61.6,50.4,12.8,1.0,1.0,3.0,0,0
STU-011404,2024,civil,8.01,57.4,74.1,62.3,,3.0,0.0,2.0,1,1
STU-011405,2026,information_technology,6.96,49.4,56.9,55.3,5.6,2.0,0.0,2.0,0,0
STU-011406,2025,information_technology,4.82,31.9,,50.8,4.6,2.0,0.0,2.0,1,0
STU-011407,2026,electronics,6.45,25.0,63.0,59.4,10.4,1.0,0.0,3.0,0,0
STU-011408,2025,information_technology,6.77,45.1,42.4,85.3,16.3,1.0,1.0,0.0,1,0
STU-011409,2026,electronics,6.95,57.4,64.8,80.0,1.6,2.0,0.0,1.0,0,0
STU-011410,2025,civil,8.73,78.3,61.9,62.3,10.1,2.0,1.0,3.0,1,0
STU-011411,2024,mechanical,7.77,48.5,51.2,42.9,6.8,0.0,1.0,3.0,1,0
STU-011412,2024,information_technology,5.53,57.9,43.1,66.5,3.7,4.0,1.0,2.0,2,0
STU-011413,2027,electronics,5.39,29.3,39.2,54.6,12.1,3.0,0.0,1.0,1,0
STU-011414,2026,information_technology,6.79,45.6,49.4,48.5,5.5,,0.0,2.0,0,0
STU-011415,2027,,7.25,21.8,55.8,70.9,18.1,1.0,1.0,1.0,1,0
STU-011416,2027,computer_science,8.24,94.0,71.3,44.1,25.6,3.0,0.0,2.0,0,1
STU-011417,2027,computer_science,9.09,,89.0,63.5,3.8,0.0,0.0,5.0,2,0
STU-011418,2026,information_technology,9.15,64.8,73.3,68.3,8.9,2.0,0.0,2.0,0,1
STU-011419,2027,computer_science,6.59,65.2,,71.2,6.5,1.0,1.0,4.0,1,0
STU-011420,2027,electronics,8.17,98.3,25.7,44.0,5.9,3.0,2.0,1.0,1,1
STU-011421,2027,computer_science,7.59,52.6,98.5,85.4,,1.0,2.0,0.0,0,1
STU-011422,2024,computer_science,5.85,41.0,38.3,65.7,6.9,,1.0,1.0,0,0
STU-011423,2026,electronics,4.93,83.9,35.2,61.6,23.0,1.0,0.0,1.0,3,0
STU-011424,2024,information_technology,7.27,40.1,77.6,43.1,15.1,5.0,0.0,2.0,1,0
STU-011425,2024,civil,5.38,74.2,29.8,,22.5,3.0,1.0,2.0,2,0
STU-011426,2026,computer_science,6.12,55.1,57.8,56.6,3.7,0.0,0.0,2.0,1,0
STU-011427,2027,computer_science,6.31,,44.4,61.2,15.6,3.0,1.0,0.0,3,1
STU-011428,2024,computer_science,7.35,37.2,52.1,66.4,10.5,3.0,0.0,1.0,0,0
STU-011429,2024,information_technology,8.57,100.0,62.1,56.6,15.8,0.0,1.0,1.0,0,0
STU-011430,2027,computer_science,7.11,52.5,35.2,81.9,4.4,1.0,1.0,1.0,0,0
STU-011431,2024,mechanical,6.48,46.4,50.8,56.3,2.9,2.0,0.0,1.0,1,0
STU-011432,2024,computer_science,4.72,61.7,63.3,64.3,4.5,0.0,0.0,1.0,0,0
STU-011433,2027,civil,7.63,49.6,56.2,77.5,5.2,3.0,1.0,2.0,0,0
STU-011434,2027,information_technology,7.13,64.6,100.0,53.9,8.1,0.0,1.0,1.0,0,0
STU-011435,2026,electronics,6.47,38.0,54.4,42.4,20.1,0.0,,2.0,1,0
STU-011436,2026,computer_science,8.44,63.1,40.4,55.8,13.9,1.0,0.0,1.0,1,1
STU-011437,2025,computer_science,5.73,46.4,41.1,,4.7,3.0,1.0,1.0,0,0
STU-011438,2025,information_technology,6.31,44.9,19.4,62.5,7.7,1.0,0.0,2.0,0,0
STU-011439,2027,information_technology,6.82,43.5,72.6,71.0,9.8,2.0,0.0,4.0,1,0
STU-011440,2027,electronics,6.45,70.2,80.1,43.2,0.7,2.0,0.0,2.0,1,0
STU-011441,2025,,7.73,54.2,72.3,39.0,15.8,4.0,0.0,1.0,0,0
STU-011442,2025,computer_science,7.63,,43.3,69.7,,2.0,1.0,0.0,0,0
STU-011443,2025,,8.31,67.0,45.4,66.5,12.6,0.0,0.0,3.0,0,0
STU-011444,2024,computer_science,7.68,76.5,70.2,48.8,6.8,0.0,,2.0,0,1
STU-011445,2025,computer_science,6.97,44.1,46.0,45.6,17.0,2.0,1.0,1.0,2,1
STU-011446,2024,information_technology,6.71,60.7,39.2,59.3,9.8,2.0,0.0,5.0,0,0
STU-011447,2027,computer_science,,45.6,41.0,61.0,10.4,2.0,0.0,5.0,0,0
STU-011448,2025,information_technology,6.88,54.6,86.3,,19.8,3.0,0.0,3.0,0,0
STU-011449,2026,electronics,7.15,74.3,47.7,60.6,7.6,2.0,1.0,2.0,0,0
STU-011450,2026,electronics,7.69,24.2,71.9,41.3,2.0,4.0,0.0,0.0,0,0
STU-011451,2027,electronics,7.26,44.7,65.4,,17.9,2.0,2.0,4.0,0,1
STU-011452,2027,computer_science,7.45,55.4,42.4,43.2,2.5,1.0,1.0,0.0,0,0
STU-011453,2025,computer_science,6.19,,52.5,60.1,7.9,2.0,2.0,2.0,0,1
STU-011454,2024,mechanical,8.65,79.6,44.6,52.7,2.5,1.0,0.0,3.0,1,1
STU-011455,2027,computer_science,5.83,30.2,74.9,80.5,4.1,6.0,1.0,1.0,0,1
STU-011456,2024,computer_science,7.61,80.4,41.9,65.9,11.3,2.0,1.0,1.0,0,1
STU-011457,2025,information_technology,6.54,64.9,59.4,43.2,15.6,1.0,0.0,2.0,1,0
STU-011458,2024,electronics,8.34,57.1,52.0,74.4,,1.0,4.0,2.0,0,1
STU-011459,2027,computer_science,8.12,38.2,43.7,58.9,18.9,1.0,0.0,2.0,1,0
STU-011460,2024,civil,7.1,49.6,,72.2,17.6,1.0,1.0,1.0,1,0
STU-011461,2026,computer_science,8.89,77.2,53.7,43.5,8.6,2.0,0.0,1.0,0,1
STU-011462,2026,civil,6.88,58.2,23.4,70.0,19.3,2.0,1.0,4.0,0,0
STU-011463,2026,computer_science,8.11,57.5,66.7,90.3,5.7,4.0,0.0,0.0,0,1
STU-011464,2025,electronics,6.26,42.0,40.0,69.8,1.6,1.0,0.0,2.0,1,0
STU-011465,2027,information_technology,7.57,70.2,59.9,53.3,12.0,1.0,3.0,2.0,0,1
STU-011466,2027,mechanical,6.03,53.8,65.7,77.7,2.9,2.0,0.0,1.0,1,0
STU-011467,2026,information_technology,7.12,54.7,61.6,52.0,3.9,6.0,0.0,2.0,0,0
STU-011468,2025,mechanical,7.04,56.7,70.3,68.4,4.0,1.0,0.0,1.0,0,1
STU-011469,2027,electronics,8.11,50.5,37.4,93.1,5.0,5.0,0.0,2.0,0,1
STU-011470,2027,electronics,6.33,44.4,72.7,53.5,12.8,2.0,3.0,3.0,2,1
STU-011471,2025,computer_science,10.0,41.2,61.9,68.8,22.9,2.0,3.0,1.0,1,1
STU-011472,2025,computer_science,5.51,45.7,,89.7,15.2,2.0,0.0,4.0,1,0
STU-011473,2024,civil,7.37,31.7,14.7,75.4,4.3,5.0,1.0,1.0,0,0
STU-011474,2024,civil,7.43,66.1,51.5,71.6,6.6,6.0,0.0,2.0,0,0
STU-011475,2024,computer_science,7.72,49.4,44.5,34.1,1.2,3.0,,1.0,0,0
STU-011476,2024,computer_science,6.51,51.1,39.9,48.2,7.6,0.0,1.0,,1,0
STU-011477,2024,computer_science,7.38,58.2,62.2,73.8,11.7,0.0,0.0,3.0,0,1
STU-011478,2027,,6.45,44.9,82.0,57.3,16.7,0.0,2.0,0.0,0,0
STU-011479,2027,computer_science,,44.9,,54.7,4.0,3.0,0.0,3.0,0,0
STU-011480,2027,mechanical,6.37,60.1,54.0,78.1,16.8,1.0,1.0,2.0,0,0
STU-011481,2026,computer_science,6.93,86.2,45.1,70.9,4.9,3.0,1.0,0.0,1,0
STU-011482,2026,mechanical,6.34,70.3,,50.1,16.9,0.0,1.0,2.0,0,0
STU-011483,2024,civil,6.18,75.6,34.4,72.3,16.5,1.0,1.0,4.0,3,0
STU-011484,2026,computer_science,5.49,35.5,76.9,48.2,23.1,2.0,2.0,3.0,0,1
STU-011485,2025,information_technology,7.87,,58.7,39.4,37.8,2.0,0.0,3.0,0,1
STU-011486,2026,information_technology,6.33,53.7,49.1,66.0,5.6,3.0,0.0,5.0,2,1
STU-011487,2027,computer_science,6.18,77.8,40.1,44.2,15.4,1.0,2.0,3.0,1,0
STU-011488,2027,electronics,5.99,69.7,52.1,44.0,6.9,1.0,2.0,1.0,0,0
STU-011489,2025,electronics,7.45,56.4,46.0,47.3,3.4,2.0,0.0,5.0,1,0
STU-011490,2027,computer_science,7.12,23.9,88.3,63.8,11.9,1.0,0.0,0.0,1,0
STU-011491,2024,mechanical,7.13,40.9,59.8,72.5,14.1,5.0,1.0,3.0,0,0
STU-011492,2024,computer_science,6.22,65.9,54.3,57.4,7.3,1.0,0.0,2.0,0,0
STU-011493,2024,computer_science,7.6,54.4,59.4,44.6,4.4,0.0,1.0,2.0,0,0
STU-011494,2024,civil,6.34,55.0,74.6,45.7,12.1,1.0,1.0,2.0,0,0
STU-011495,2026,computer_science,7.18,67.6,55.3,39.7,4.3,2.0,0.0,2.0,0,1
STU-011496,2025,computer_science,6.94,74.9,46.7,71.5,7.9,2.0,1.0,3.0,1,0
STU-011497,2024,computer_science,5.16,42.6,50.4,48.8,14.1,1.0,0.0,2.0,0,0
STU-011498,2027,computer_science,9.43,,78.2,64.6,11.5,2.0,2.0,0.0,0,1
STU-011499,2026,information_technology,7.76,83.7,78.2,36.1,15.5,4.0,0.0,8.0,1,1
STU-011500,2025,electronics,7.31,80.0,59.9,79.2,5.2,0.0,2.0,2.0,1,0
STU-011501,2026,information_technology,7.49,51.0,60.9,61.2,7.9,3.0,0.0,2.0,0,1
STU-011502,2026,information_technology,9.46,67.3,81.7,39.4,6.0,1.0,0.0,1.0,1,1
STU-011503,2026,computer_science,8.41,72.1,14.1,52.9,9.4,4.0,1.0,1.0,0,1
STU-011504,2026,,7.5,59.3,58.5,63.9,5.3,3.0,1.0,3.0,1,0
STU-011505,2027,civil,6.29,52.8,42.2,49.0,7.9,0.0,0.0,2.0,0,0
STU-011506,2025,mechanical,6.47,31.0,53.9,66.4,9.1,1.0,2.0,4.0,0,0
STU-011507,2026,electronics,5.03,41.1,53.2,79.2,21.6,3.0,0.0,0.0,1,0
STU-011508,2024,computer_science,6.68,46.9,74.9,74.1,6.6,5.0,1.0,2.0,0,0
STU-011509,2027,information_technology,7.86,40.8,34.9,61.0,10.9,1.0,1.0,3.0,0,1
STU-011510,2025,mechanical,7.83,61.3,46.1,81.3,20.7,4.0,1.0,4.0,0,0
STU-011511,2025,mechanical,7.81,72.6,,64.1,2.7,2.0,,5.0,0,0
STU-011512,2027,,6.51,50.7,42.7,59.6,12.6,2.0,1.0,3.0,1,1
STU-011513,2026,information_technology,7.73,26.4,34.6,59.9,12.5,1.0,0.0,3.0,0,0
STU-011514,2024,computer_science,8.05,58.3,95.5,62.5,10.1,2.0,1.0,1.0,1,1
STU-011515,2025,computer_science,4.54,57.2,60.0,67.4,8.5,1.0,0.0,2.0,1,0
STU-011516,2025,computer_science,7.45,62.0,43.6,48.8,19.6,0.0,0.0,2.0,1,1
STU-011517,2027,,9.49,52.2,65.2,77.2,0.7,4.0,1.0,2.0,0,1
STU-011518,2026,computer_science,6.76,39.5,46.7,79.5,11.5,,0.0,3.0,1,0
STU-011519,2025,information_technology,4.2,65.7,46.5,95.9,10.3,0.0,2.0,3.0,2,0
STU-011520,2026,electronics,6.17,61.6,38.6,37.3,9.9,2.0,3.0,2.0,0,0
STU-011521,2025,electronics,5.01,43.8,21.2,61.8,6.8,4.0,0.0,4.0,1,0
STU-011522,2024,information_technology,6.37,34.2,42.8,50.1,5.9,0.0,,2.0,2,0
STU-011523,2027,computer_science,5.69,58.7,73.3,70.4,6.4,1.0,0.0,2.0,1,1
STU-011524,2024,information_technology,8.17,46.9,34.4,78.5,7.7,2.0,1.0,0.0,0,0
STU-011525,2027,civil,8.0,65.7,77.6,61.9,8.0,6.0,0.0,3.0,0,0
STU-011526,2027,information_technology,7.49,,,57.1,1.3,2.0,1.0,2.0,1,0
STU-011527,2024,mechanical,8.51,92.2,54.2,54.7,13.0,3.0,1.0,3.0,0,1
STU-011528,2027,information_technology,6.45,55.7,65.6,58.7,3.1,4.0,0.0,2.0,3,0
STU-011529,2027,electronics,7.18,88.4,59.3,66.7,10.4,2.0,2.0,1.0,0,1
STU-011530,2026,information_technology,9.62,64.5,29.2,66.6,4.8,1.0,0.0,2.0,0,1
STU-011531,2026,electronics,7.77,49.5,51.2,82.4,10.5,1.0,1.0,3.0,0,0
STU-011532,2024,mechanical,7.77,43.7,51.7,59.3,23.7,2.0,0.0,1.0,1,0
STU-011533,2024,information_technology,6.22,43.3,76.4,,3.2,2.0,0.0,2.0,2,0
STU-011534,2027,electronics,6.62,63.7,46.7,49.2,9.8,4.0,0.0,4.0,1,0
STU-011535,2024,mechanical,5.95,57.8,,43.9,9.5,2.0,0.0,3.0,1,0
STU-011536,2025,mechanical,9.03,,43.4,75.8,3.6,3.0,0.0,2.0,0,0
STU-011537,2026,computer_science,5.31,69.9,47.2,67.5,20.5,3.0,1.0,2.0,0,0
STU-011538,2024,computer_science,8.15,82.5,39.4,54.4,3.7,3.0,0.0,2.0,1,0
STU-011539,2027,mechanical,7.77,31.8,76.5,49.0,2.4,3.0,2.0,2.0,0,0
STU-011540,2027,electronics,5.26,69.7,40.9,55.2,6.1,0.0,0.0,3.0,0,0
STU-011541,2027,civil,8.41,86.1,40.4,64.9,21.1,2.0,1.0,4.0,1,0
STU-011542,2024,computer_science,6.8,30.7,75.0,64.1,10.3,2.0,0.0,2.0,0,0
STU-011543,2026,mechanical,5.58,48.2,27.1,41.6,19.8,5.0,1.0,2.0,3,0
STU-011544,2027,mechanical,7.52,46.3,61.4,44.1,11.9,0.0,0.0,2.0,0,0
STU-011545,2025,mechanical,6.15,70.9,26.3,63.8,14.8,1.0,2.0,3.0,0,0
STU-011546,2026,electronics,6.86,51.5,59.4,70.1,3.8,2.0,0.0,1.0,0,1
STU-011547,2026,computer_science,6.52,50.2,71.2,50.9,1.9,2.0,0.0,3.0,0,0
STU-011548,2025,electronics,6.09,62.5,40.3,42.0,13.9,2.0,0.0,1.0,1,0
STU-011549,2025,electronics,5.73,78.9,29.9,62.4,5.4,3.0,0.0,2.0,2,0
STU-011550,2026,computer_science,8.02,59.1,39.5,31.1,2.2,0.0,0.0,2.0,0,1
STU-011551,2024,computer_science,7.47,51.9,56.0,56.5,13.3,0.0,1.0,4.0,0,0
STU-011552,2027,mechanical,7.4,54.5,,70.3,12.0,1.0,0.0,1.0,1,0
STU-011553,2026,computer_science,6.68,67.2,71.9,58.5,25.7,1.0,0.0,4.0,0,1
STU-011554,2024,information_technology,7.16,38.3,75.5,40.0,7.1,4.0,2.0,1.0,0,0
STU-011555,2026,electronics,6.25,56.3,33.8,83.1,8.2,6.0,1.0,2.0,0,1
STU-011556,2026,civil,6.23,42.4,70.6,62.1,13.8,2.0,1.0,0.0,1,0
STU-011557,2025,electronics,9.07,44.1,80.0,64.9,25.6,2.0,0.0,4.0,1,0
STU-011558,2027,computer_science,8.12,31.1,64.7,74.3,18.5,2.0,0.0,1.0,1,0
STU-011559,2026,computer_science,6.45,49.2,42.1,59.5,3.9,0.0,1.0,3.0,2,1
STU-011560,2026,computer_science,5.38,70.9,65.0,58.1,7.3,3.0,0.0,0.0,0,0
STU-011561,2027,computer_science,5.14,24.5,36.1,79.2,10.6,2.0,0.0,1.0,0,0
STU-011562,2026,mechanical,6.37,64.9,63.7,50.5,9.1,3.0,0.0,3.0,0,0
STU-011563,2026,information_technology,7.22,48.7,49.4,74.8,4.3,1.0,0.0,2.0,1,0
STU-011564,2025,computer_science,7.24,42.5,39.2,46.2,24.1,1.0,1.0,5.0,0,0
STU-011565,2024,mechanical,7.27,63.7,49.2,51.8,7.3,3.0,0.0,1.0,3,0
STU-011566,2026,computer_science,7.48,78.6,90.4,66.1,2.7,2.0,1.0,2.0,0,1
STU-011567,2026,computer_science,5.91,78.3,30.8,82.0,7.7,2.0,,1.0,2,0
STU-011568,2027,information_technology,8.83,65.9,79.2,64.1,15.2,1.0,1.0,1.0,0,1
STU-011569,2026,computer_science,6.87,56.7,68.8,,20.5,0.0,1.0,0.0,1,0
STU-011570,2026,computer_science,7.44,64.8,53.6,72.0,5.8,4.0,0.0,1.0,0,0
STU-011571,2027,civil,6.35,93.8,,50.9,9.6,1.0,0.0,3.0,2,0
STU-011572,2027,mechanical,7.46,54.5,35.6,70.9,9.2,2.0,0.0,2.0,0,0
STU-011573,2025,mechanical,9.49,80.0,86.9,66.0,9.6,3.0,0.0,2.0,0,1
STU-011574,2027,electronics,5.96,47.0,30.6,41.0,23.6,1.0,2.0,3.0,0,0
STU-011575,2027,,5.82,43.2,2.9,67.0,4.1,3.0,0.0,3.0,1,0
STU-011576,2024,mechanical,6.11,82.7,56.7,,30.3,0.0,1.0,1.0,0,0
STU-011577,2025,information_technology,6.72,57.5,30.9,80.9,1.7,0.0,0.0,1.0,0,0
STU-011578,2025,computer_science,6.5,60.4,51.1,40.0,8.1,1.0,0.0,,3,0
STU-011579,2026,computer_science,5.9,64.0,27.8,59.8,20.0,3.0,1.0,1.0,0,0
STU-011580,2026,information_technology,7.04,44.7,45.3,48.8,22.1,1.0,0.0,0.0,1,0
STU-011581,2026,computer_science,8.9,55.2,63.8,81.8,19.0,2.0,0.0,2.0,0,0
STU-011582,2027,computer_science,6.93,48.2,59.3,40.3,7.3,2.0,1.0,1.0,0,1
STU-011583,2025,computer_science,6.99,63.0,77.7,94.6,21.9,1.0,2.0,4.0,0,1
STU-011584,2025,information_technology,7.49,64.5,57.0,56.9,23.1,2.0,0.0,5.0,0,1
STU-011585,2027,computer_science,7.84,50.7,60.2,54.1,18.4,0.0,0.0,1.0,0,0
STU-011586,2027,electronics,,91.8,57.6,72.8,2.3,3.0,0.0,1.0,0,0
STU-011587,2027,computer_science,7.38,58.3,72.2,61.5,4.8,2.0,0.0,1.0,1,0
STU-011588,2025,electronics,7.1,59.7,36.2,50.1,11.6,3.0,0.0,4.0,1,1
STU-011589,2024,computer_science,5.96,76.1,43.4,51.3,17.2,1.0,1.0,0.0,0,0
STU-011590,2025,information_technology,7.95,46.8,58.8,55.0,4.3,3.0,1.0,2.0,0,0
STU-011591,2026,electronics,6.13,48.4,36.1,52.3,6.8,4.0,1.0,2.0,1,0
STU-011592,2025,electronics,6.09,60.5,75.1,73.3,8.5,2.0,1.0,2.0,0,0
STU-011593,2027,computer_science,7.32,36.5,61.7,63.2,9.4,3.0,1.0,3.0,0,1
STU-011594,2026,information_technology,8.87,58.2,41.7,68.5,11.8,3.0,2.0,1.0,0,0
STU-011595,2025,mechanical,7.94,90.6,65.7,56.1,14.4,2.0,1.0,0.0,0,0
STU-011596,2025,computer_science,7.06,85.5,,71.0,1.4,4.0,0.0,2.0,0,0
STU-011597,2025,information_technology,5.97,69.4,38.7,52.3,14.2,2.0,0.0,1.0,0,1
STU-011598,2026,information_technology,8.85,79.4,85.5,49.1,15.3,1.0,1.0,2.0,0,1
STU-011599,2026,mechanical,7.03,65.5,59.5,54.9,7.5,1.0,1.0,1.0,1,1
STU-011600,2024,information_technology,6.77,51.1,57.5,81.9,17.0,1.0,1.0,2.0,0,1
STU-011601,2027,civil,7.74,84.1,78.3,53.9,6.2,1.0,0.0,2.0,0,0
STU-011602,2024,electronics,6.58,42.9,56.8,54.6,,3.0,0.0,2.0,1,0
STU-011603,2025,electronics,6.23,71.0,58.6,65.1,,3.0,2.0,3.0,0,0
STU-011604,2027,computer_science,6.34,49.1,53.9,60.2,5.2,3.0,0.0,4.0,2,0
STU-011605,2025,electronics,6.34,49.9,22.6,46.8,17.7,2.0,0.0,0.0,1,0
STU-011606,2024,computer_science,5.8,63.7,57.2,45.5,17.1,4.0,0.0,2.0,1,1
STU-011607,2026,information_technology,5.68,85.9,54.0,72.5,20.4,1.0,0.0,1.0,1,0
STU-011608,2025,computer_science,8.22,,53.4,45.4,12.9,0.0,0.0,,1,1
STU-011609,2024,electronics,7.87,64.8,,74.4,11.0,1.0,0.0,0.0,1,0
STU-011610,2024,mechanical,6.15,57.3,62.2,55.5,5.8,1.0,0.0,0.0,0,0
STU-011611,2024,civil,8.12,72.0,44.9,29.5,4.2,1.0,1.0,,0,0
STU-011612,2026,computer_science,7.46,79.4,37.7,71.1,26.6,3.0,0.0,0.0,1,0
STU-011613,2025,mechanical,6.73,31.0,33.1,73.2,2.3,2.0,0.0,2.0,1,0
STU-011614,2027,mechanical,5.69,53.5,16.5,70.1,12.2,1.0,1.0,5.0,0,0
STU-011615,2027,mechanical,7.49,43.2,64.8,,3.6,0.0,0.0,2.0,1,0
STU-011616,2024,electronics,9.25,59.2,100.0,57.0,12.4,2.0,1.0,4.0,1,1
STU-011617,2025,computer_science,7.12,39.4,45.6,55.6,18.4,4.0,0.0,3.0,1,0
STU-011618,2024,mechanical,8.25,33.4,74.0,51.9,13.6,2.0,1.0,4.0,0,1
STU-011619,2025,electronics,6.86,37.9,,65.9,3.4,1.0,1.0,1.0,1,0
STU-011620,2025,electronics,8.16,52.0,64.3,59.1,8.5,1.0,0.0,3.0,0,0
STU-011621,2027,computer_science,6.93,66.7,53.6,55.5,12.4,2.0,0.0,2.0,2,0
STU-011622,2025,computer_science,4.33,40.5,57.6,52.0,3.9,0.0,0.0,5.0,0,0
STU-011623,2026,computer_science,6.27,43.6,31.5,64.1,9.3,3.0,,2.0,0,0
STU-011624,2026,information_technology,7.25,64.4,57.7,79.7,9.9,2.0,0.0,2.0,0,1
STU-011625,2027,information_technology,8.35,65.0,79.7,,5.7,0.0,1.0,4.0,1,1
STU-011626,2025,mechanical,6.92,83.4,66.6,43.0,8.2,3.0,0.0,1.0,2,0
STU-011627,2025,computer_science,7.13,72.3,61.1,61.7,15.3,1.0,1.0,2.0,0,0
STU-011628,2027,computer_science,6.42,41.5,54.4,68.7,9.1,3.0,1.0,2.0,0,0
STU-011629,2025,computer_science,8.9,51.7,56.4,71.9,17.1,4.0,0.0,2.0,2,0
STU-011630,2026,computer_science,8.83,72.8,56.3,69.2,16.2,4.0,0.0,2.0,0,1
STU-011631,2026,information_technology,6.32,,25.9,63.9,17.4,5.0,1.0,0.0,0,0
STU-011632,2026,electronics,5.36,49.8,57.0,100.0,9.4,0.0,1.0,2.0,0,0
STU-011633,2025,civil,5.02,28.4,70.3,45.3,14.2,6.0,1.0,1.0,0,0
STU-011634,2024,computer_science,7.79,40.0,63.2,82.9,17.1,3.0,0.0,2.0,1,1
STU-011635,2026,computer_science,7.26,77.4,56.3,69.7,13.1,3.0,2.0,2.0,0,0
STU-011636,2026,mechanical,6.2,58.9,62.0,94.1,18.7,1.0,0.0,2.0,0,0
STU-011637,2027,computer_science,7.41,49.4,20.6,41.7,1.9,1.0,0.0,1.0,1,0
STU-011638,2026,electronics,5.69,48.0,41.1,83.5,25.2,1.0,1.0,0.0,0,0
STU-011639,2027,electronics,8.01,85.8,57.8,84.9,11.6,1.0,0.0,0.0,0,0
STU-011640,2027,mechanical,6.66,47.5,,59.8,14.1,2.0,0.0,0.0,0,0
STU-011641,2027,computer_science,5.86,62.8,53.2,50.1,36.2,1.0,0.0,1.0,0,0
STU-011642,2024,civil,6.68,70.4,22.2,91.7,18.3,1.0,1.0,2.0,0,0
STU-011643,2025,civil,6.64,79.0,65.3,50.5,6.4,1.0,0.0,2.0,1,0
STU-011644,2026,computer_science,7.52,46.3,60.9,76.7,17.6,4.0,0.0,1.0,0,0
STU-011645,2026,information_technology,8.44,,57.5,82.9,29.1,1.0,0.0,0.0,1,0
STU-011646,2025,information_technology,8.38,44.2,73.5,59.8,12.8,3.0,0.0,2.0,1,1
STU-011647,2026,computer_science,7.28,69.5,58.6,59.7,9.0,2.0,0.0,2.0,0,1
STU-011648,2025,civil,6.88,87.6,62.6,86.7,24.5,7.0,2.0,4.0,0,1
STU-011649,2025,computer_science,6.45,68.4,57.6,57.7,13.3,2.0,1.0,3.0,0,0
STU-011650,2027,computer_science,5.07,44.2,32.6,54.2,5.6,1.0,0.0,1.0,0,0
STU-011651,2026,computer_science,7.08,76.0,82.0,24.2,8.3,4.0,0.0,4.0,0,0
STU-011652,2026,electronics,6.12,49.2,,77.7,12.8,,1.0,1.0,1,0
STU-011653,2026,mechanical,8.5,48.5,68.3,56.8,2.6,2.0,2.0,2.0,0,0
STU-011654,2026,electronics,6.87,52.8,57.0,73.0,19.1,0.0,1.0,0.0,0,0
STU-011655,2025,electronics,7.96,51.2,71.6,59.9,6.1,1.0,2.0,3.0,1,0
STU-011656,2026,computer_science,6.55,46.6,74.6,80.7,10.3,2.0,1.0,3.0,0,0
STU-011657,2025,electronics,6.32,75.0,84.7,81.3,19.4,2.0,1.0,2.0,0,1
STU-011658,2026,information_technology,7.8,51.9,49.0,48.1,17.3,1.0,2.0,1.0,2,1
STU-011659,2024,information_technology,7.42,35.0,74.5,55.5,14.0,4.0,0.0,3.0,1,0
STU-011660,2027,electronics,7.47,67.7,55.4,70.1,3.3,,2.0,2.0,1,0
STU-011661,2027,civil,6.99,43.7,27.6,81.7,13.7,0.0,2.0,1.0,0,0
STU-011662,2025,electronics,8.01,46.2,73.3,63.6,6.2,2.0,0.0,3.0,0,0
STU-011663,2025,electronics,7.84,70.2,83.3,65.0,7.2,2.0,2.0,0.0,1,0
STU-011664,2025,information_technology,4.6,42.3,61.9,66.9,16.0,3.0,0.0,1.0,1,0
STU-011665,2027,computer_science,6.8,50.8,51.3,49.7,4.9,1.0,0.0,2.0,0,0
STU-011666,2026,information_technology,8.27,61.2,66.7,,14.4,2.0,1.0,1.0,1,1
STU-011667,2026,electronics,5.93,51.6,62.6,59.4,23.6,0.0,,3.0,0,0
STU-011668,2027,electronics,5.15,47.9,57.4,76.0,9.6,0.0,0.0,1.0,1,0
STU-011669,2026,electronics,6.94,22.7,75.7,87.1,21.6,0.0,0.0,1.0,1,0
STU-011670,2026,computer_science,7.7,56.8,73.8,49.3,8.9,0.0,0.0,0.0,2,0
STU-011671,2026,computer_science,6.57,81.3,43.4,,6.8,0.0,0.0,2.0,0,1
STU-011672,2026,computer_science,8.59,,61.8,65.1,7.3,3.0,2.0,1.0,0,0
STU-011673,2026,electronics,9.22,56.8,55.3,55.0,16.6,4.0,1.0,2.0,1,1
STU-011674,2027,civil,4.89,60.8,49.3,48.6,9.3,2.0,2.0,3.0,0,0
STU-011675,2024,information_technology,6.66,66.7,21.9,65.2,7.5,3.0,0.0,2.0,1,0
STU-011676,2025,electronics,4.48,40.3,77.7,53.8,25.5,2.0,0.0,1.0,0,1
STU-011677,2025,electronics,7.86,78.6,45.2,67.2,23.9,4.0,1.0,2.0,0,0
STU-011678,2027,computer_science,6.32,,43.5,48.0,9.9,4.0,1.0,0.0,0,0
STU-011679,2026,computer_science,6.55,52.4,54.6,46.5,9.0,3.0,1.0,2.0,0,0
STU-011680,2025,computer_science,8.42,84.7,37.3,77.1,2.6,2.0,1.0,0.0,0,1
STU-011681,2025,civil,5.57,24.1,43.6,64.7,8.6,2.0,0.0,1.0,1,0
STU-011682,2026,computer_science,5.28,36.9,51.0,64.4,2.5,2.0,1.0,3.0,0,0
STU-011683,2027,information_technology,4.48,62.6,73.0,54.9,13.3,4.0,1.0,3.0,1,1
STU-011684,2027,information_technology,8.56,71.2,63.7,72.6,2.4,2.0,0.0,1.0,0,0
STU-011685,2027,electronics,8.29,85.3,53.3,59.4,9.7,0.0,1.0,2.0,1,0
STU-011686,2027,computer_science,6.76,23.7,34.9,72.9,10.3,1.0,0.0,2.0,0,1
STU-011687,2025,civil,5.63,68.1,85.9,55.7,12.1,1.0,0.0,1.0,0,0
STU-011688,2025,computer_science,8.06,41.4,60.5,47.1,40.0,3.0,1.0,3.0,0,1
STU-011689,2026,civil,10.0,70.3,68.4,51.8,2.5,1.0,0.0,1.0,0,1
STU-011690,2026,electronics,6.83,56.7,31.0,67.9,26.6,1.0,1.0,0.0,3,0
STU-011691,2025,information_technology,5.72,68.2,58.8,48.2,22.0,3.0,1.0,2.0,1,1
STU-011692,2027,electronics,8.53,57.5,51.1,87.4,12.0,0.0,1.0,2.0,0,0
STU-011693,2025,information_technology,5.8,70.8,75.2,42.9,24.8,1.0,1.0,,2,0
STU-011694,2025,computer_science,6.68,44.9,61.6,,24.6,3.0,,3.0,1,0
STU-011695,2025,electronics,4.07,50.9,45.4,78.7,18.3,4.0,2.0,3.0,0,0
STU-011696,2027,electronics,6.75,60.4,31.5,66.0,5.8,1.0,0.0,1.0,0,0
STU-011697,2027,electronics,5.63,80.4,47.9,57.1,7.1,1.0,2.0,1.0,1,1
STU-011698,2026,electronics,8.55,73.6,57.6,78.1,16.9,1.0,1.0,3.0,0,0
STU-011699,2027,electronics,5.98,59.0,53.0,49.0,6.4,0.0,0.0,4.0,1,0
STU-011700,2027,information_technology,8.0,69.6,25.5,58.0,5.1,2.0,0.0,3.0,0,0
STU-011701,2025,computer_science,6.98,74.3,39.5,39.4,14.1,3.0,1.0,3.0,0,1
STU-011702,2027,computer_science,7.24,64.1,47.5,74.4,8.3,5.0,2.0,0.0,1,0
STU-011703,2025,electronics,7.7,44.0,66.3,69.8,4.0,3.0,1.0,2.0,1,0
STU-011704,2026,computer_science,7.04,67.5,22.3,69.9,3.9,5.0,0.0,2.0,1,0
STU-011705,2024,computer_science,6.36,56.3,75.9,63.8,21.7,2.0,0.0,0.0,0,1
STU-011706,2026,mechanical,6.17,51.0,72.8,63.1,25.6,3.0,0.0,1.0,1,0
STU-011707,2026,computer_science,7.69,,40.8,63.5,3.2,3.0,0.0,4.0,1,1
STU-011708,2024,computer_science,4.91,62.5,88.6,66.3,16.1,1.0,0.0,6.0,0,1
STU-011709,2026,mechanical,9.03,69.7,67.2,63.8,25.7,3.0,2.0,2.0,0,1
STU-011710,2026,electronics,7.25,44.2,54.2,49.0,11.8,1.0,0.0,2.0,0,0
STU-011711,2026,mechanical,6.71,40.8,63.9,30.4,1.7,3.0,1.0,3.0,0,0
STU-011712,2024,,7.41,87.2,63.7,91.2,9.7,6.0,0.0,1.0,1,0
STU-011713,2024,electronics,6.42,69.7,54.7,52.9,14.1,3.0,1.0,2.0,0,0
STU-011714,2025,civil,6.9,59.1,36.1,59.5,8.4,1.0,1.0,1.0,0,0
STU-011715,2027,computer_science,5.8,64.7,42.8,77.6,36.0,5.0,1.0,,0,0
STU-011716,2027,computer_science,7.53,52.0,63.2,66.7,10.9,1.0,0.0,3.0,1,1
STU-011717,2025,computer_science,7.01,55.4,69.2,42.0,21.8,3.0,0.0,1.0,1,1
STU-011718,2026,mechanical,7.32,59.0,,45.7,10.3,1.0,2.0,2.0,0,0
STU-011719,2026,computer_science,8.81,76.1,54.4,74.3,23.5,1.0,0.0,4.0,1,1
STU-011720,2027,information_technology,6.18,35.2,53.0,70.4,4.6,1.0,0.0,1.0,1,0
STU-011721,2024,information_technology,6.95,42.6,43.6,54.8,4.3,0.0,0.0,0.0,0,0
STU-011722,2026,civil,5.2,36.0,,61.4,2.6,3.0,1.0,2.0,0,0
STU-011723,2026,computer_science,7.73,72.3,52.6,62.5,0.6,2.0,0.0,2.0,1,0
STU-011724,2025,information_technology,7.08,56.6,45.3,65.5,11.5,2.0,0.0,1.0,2,0
STU-011725,2024,civil,7.12,44.5,56.5,67.9,4.3,1.0,1.0,0.0,0,0
STU-011726,2024,computer_science,6.92,54.5,26.2,56.6,4.2,3.0,0.0,2.0,0,0
STU-011727,2026,electronics,6.44,47.4,,71.8,12.0,1.0,1.0,2.0,1,0
STU-011728,2026,computer_science,9.97,,61.6,70.3,20.9,2.0,0.0,1.0,1,1
STU-011729,2026,computer_science,7.14,77.2,100.0,74.2,18.4,3.0,0.0,0.0,1,1
STU-011730,2025,computer_science,7.44,56.6,46.3,72.8,3.2,4.0,0.0,2.0,1,0
STU-011731,2027,computer_science,5.79,74.8,45.6,72.4,9.5,3.0,0.0,2.0,1,0
STU-011732,2025,computer_science,8.12,38.5,76.8,55.6,4.4,1.0,1.0,3.0,0,1
STU-011733,2027,mechanical,6.96,,68.1,60.3,10.9,0.0,0.0,3.0,0,1
STU-011734,2024,information_technology,7.61,37.6,75.1,50.1,21.9,1.0,1.0,5.0,0,1
STU-011735,2027,information_technology,8.14,97.0,,64.8,5.5,3.0,,2.0,1,1
STU-011736,2027,electronics,6.98,32.0,35.4,50.8,13.9,2.0,1.0,4.0,1,0
STU-011737,2027,civil,6.32,83.6,97.6,68.6,20.5,,3.0,3.0,3,1
STU-011738,2027,computer_science,4.42,52.5,53.5,78.8,13.7,1.0,2.0,0.0,0,0
STU-011739,2025,computer_science,6.65,54.6,57.5,62.0,19.7,2.0,0.0,3.0,1,0
STU-011740,2026,computer_science,6.32,65.5,66.0,54.4,11.6,2.0,2.0,2.0,0,1
STU-011741,2026,,5.79,41.5,28.0,68.9,12.7,2.0,4.0,2.0,0,1
STU-011742,2026,mechanical,8.77,73.3,54.3,76.5,9.0,4.0,2.0,2.0,0,1
STU-011743,2027,information_technology,8.23,73.3,42.2,51.5,2.5,1.0,0.0,3.0,1,0
STU-011744,2025,computer_science,5.0,54.2,49.8,63.6,6.4,3.0,1.0,2.0,0,1
STU-011745,2025,information_technology,7.28,62.3,32.7,66.4,29.6,0.0,0.0,4.0,3,0
STU-011746,2027,electronics,6.16,85.3,63.1,58.1,16.4,4.0,0.0,3.0,1,1
STU-011747,2025,computer_science,7.52,68.8,77.2,69.2,6.8,6.0,1.0,2.0,0,1
STU-011748,2024,computer_science,6.18,44.6,71.2,39.1,22.0,5.0,0.0,3.0,1,1
STU-011749,2025,computer_science,6.48,68.2,60.4,66.8,13.1,1.0,1.0,3.0,2,0
STU-011750,2027,,8.21,52.3,63.1,87.1,3.8,0.0,1.0,4.0,0,1
STU-011751,2027,civil,8.04,49.1,52.1,69.8,9.8,2.0,1.0,1.0,2,0
STU-011752,2024,computer_science,8.84,69.4,70.0,62.5,6.3,4.0,0.0,3.0,5,0
STU-011753,2026,civil,6.85,,52.5,45.0,8.0,3.0,1.0,0.0,2,0
STU-011754,2026,information_technology,5.43,55.5,16.9,57.2,17.2,2.0,0.0,0.0,0,0
STU-011755,2026,electronics,8.16,70.4,49.2,66.3,1.8,2.0,,,1,1
STU-011756,2026,mechanical,8.17,89.0,73.1,63.3,6.5,2.0,1.0,1.0,0,1
STU-011757,2027,information_technology,7.82,69.2,39.2,44.7,4.8,0.0,0.0,0.0,1,0
STU-011758,2025,computer_science,6.24,34.4,32.5,65.5,2.0,1.0,1.0,0.0,0,0
STU-011759,2025,computer_science,5.87,36.0,47.1,50.0,6.0,2.0,0.0,1.0,1,0
STU-011760,2026,mechanical,7.72,85.3,21.0,54.0,18.4,2.0,0.0,2.0,1,0
STU-011761,2026,information_technology,6.08,46.6,63.7,74.6,,0.0,1.0,4.0,2,0
STU-011762,2026,computer_science,6.75,34.7,64.9,58.7,3.6,2.0,2.0,2.0,3,0
STU-011763,2024,electronics,10.0,48.9,83.1,53.0,21.5,2.0,0.0,1.0,2,1
STU-011764,2024,computer_science,9.55,75.0,69.0,48.2,2.6,5.0,0.0,4.0,0,1
STU-011765,2027,,8.01,61.7,44.5,52.0,20.0,2.0,1.0,1.0,1,0
STU-011766,2024,mechanical,6.34,66.4,31.4,54.4,10.1,2.0,1.0,4.0,1,0
STU-011767,2026,information_technology,6.27,56.0,61.4,74.0,9.6,2.0,0.0,2.0,1,0
STU-011768,2027,computer_science,,43.3,70.9,61.6,26.4,2.0,1.0,1.0,1,0
STU-011769,2024,information_technology,8.82,34.8,,78.9,9.3,1.0,0.0,1.0,0,0
STU-011770,2025,civil,6.51,44.5,31.8,45.6,10.6,2.0,1.0,2.0,0,0
STU-011771,2025,computer_science,6.57,59.0,53.0,80.1,11.8,2.0,0.0,2.0,2,0
STU-011772,2026,computer_science,7.2,40.6,58.1,59.9,22.0,2.0,1.0,1.0,0,0
STU-011773,2025,information_technology,5.5,69.7,64.9,58.8,11.8,2.0,0.0,0.0,1,0
STU-011774,2026,computer_science,5.54,40.1,60.4,58.7,6.8,2.0,1.0,5.0,1,0
STU-011775,2025,computer_science,5.75,30.7,48.6,93.6,8.9,1.0,0.0,2.0,0,0
STU-011776,2024,computer_science,7.73,59.5,75.5,55.3,2.0,5.0,0.0,2.0,0,0
STU-011777,2024,computer_science,7.41,70.2,50.7,91.0,6.4,4.0,1.0,0.0,0,0
STU-011778,2025,electronics,8.41,83.2,55.4,74.1,18.5,5.0,3.0,,1,1
STU-011779,2025,computer_science,5.1,30.0,61.8,46.5,3.1,0.0,0.0,4.0,1,0
STU-011780,2027,information_technology,5.36,76.1,64.7,48.5,14.2,2.0,0.0,,1,0
STU-011781,2024,electronics,7.62,62.0,74.2,64.7,2.3,1.0,2.0,3.0,0,0
STU-011782,2026,computer_science,6.1,46.9,48.3,63.5,11.0,3.0,1.0,2.0,0,0
STU-011783,2026,computer_science,6.18,66.6,52.9,56.4,14.6,5.0,2.0,3.0,0,0
STU-011784,2026,,8.26,80.9,45.3,54.5,10.4,3.0,3.0,2.0,1,1
STU-011785,2026,electronics,6.46,31.7,68.2,83.7,24.9,3.0,2.0,1.0,0,1
STU-011786,2024,electronics,6.6,50.7,43.3,64.2,9.4,0.0,0.0,2.0,0,0
STU-011787,2026,information_technology,6.81,49.5,20.3,68.6,8.6,4.0,0.0,3.0,3,0
STU-011788,2025,civil,6.88,67.2,47.0,63.6,10.8,4.0,0.0,0.0,1,1
STU-011789,2027,computer_science,7.89,81.7,44.0,62.6,15.3,1.0,0.0,2.0,1,0
STU-011790,2025,computer_science,5.71,56.5,3.8,92.2,17.6,1.0,0.0,3.0,1,0
STU-011791,2026,mechanical,6.88,53.4,44.8,70.0,15.3,3.0,1.0,3.0,0,0
STU-011792,2026,computer_science,8.44,67.6,74.0,98.8,35.2,1.0,0.0,3.0,1,1
STU-011793,2026,electronics,9.55,59.6,72.2,72.9,10.6,2.0,0.0,3.0,0,1
STU-011794,2024,computer_science,5.54,22.5,56.2,52.9,28.3,2.0,0.0,4.0,0,0
STU-011795,2026,information_technology,7.48,66.7,81.2,79.4,6.8,1.0,1.0,2.0,2,1
STU-011796,2027,electronics,6.88,72.5,44.7,60.9,0.4,,0.0,2.0,1,0
STU-011797,2026,information_technology,6.99,74.1,35.5,83.3,9.1,3.0,0.0,3.0,0,0
STU-011798,2025,information_technology,6.19,39.0,60.2,52.5,14.8,4.0,1.0,3.0,0,1
STU-011799,2024,computer_science,7.97,69.0,64.9,39.8,5.8,3.0,2.0,0.0,0,1
STU-011800,2025,computer_science,7.91,82.8,37.1,63.4,9.0,3.0,2.0,0.0,2,0
STU-011801,2027,electronics,10.0,100.0,64.0,82.6,24.5,3.0,1.0,2.0,0,1
STU-011802,2025,computer_science,5.58,62.3,58.5,53.2,19.0,0.0,0.0,1.0,2,0
STU-011803,2026,electronics,5.09,68.9,52.0,,3.8,2.0,0.0,3.0,0,0
STU-011804,2027,information_technology,,48.0,77.3,52.6,15.9,1.0,2.0,3.0,0,1
STU-011805,2026,information_technology,7.04,41.2,,75.2,8.6,1.0,1.0,,1,0
STU-011806,2026,computer_science,6.57,72.0,29.2,56.9,2.7,3.0,0.0,1.0,1,0
STU-011807,2026,mechanical,7.32,28.1,40.7,65.8,12.6,1.0,0.0,0.0,1,0
STU-011808,2026,information_technology,5.5,57.3,63.7,57.3,22.1,0.0,1.0,4.0,0,1
STU-011809,2025,computer_science,7.53,80.5,74.7,51.5,,2.0,0.0,,1,1
STU-011810,2027,civil,7.01,68.7,52.2,35.1,3.2,2.0,0.0,1.0,0,0
STU-011811,2027,computer_science,8.33,71.3,86.1,43.8,0.7,1.0,1.0,1.0,0,0
STU-011812,2026,mechanical,8.09,59.4,56.6,58.1,19.8,1.0,1.0,1.0,0,1
STU-011813,2027,computer_science,8.18,54.2,51.0,68.3,19.2,3.0,1.0,,0,0
STU-011814,2027,information_technology,7.32,91.0,32.3,88.0,8.9,2.0,2.0,1.0,2,1
STU-011815,2026,information_technology,8.94,80.4,61.5,54.7,18.4,1.0,1.0,2.0,1,0
STU-011816,2027,computer_science,7.76,72.2,76.1,53.1,16.9,3.0,0.0,1.0,0,0
STU-011817,2026,electronics,6.49,57.4,74.5,43.5,8.5,3.0,0.0,1.0,0,0
STU-011818,2025,computer_science,,47.6,69.9,74.0,6.6,1.0,0.0,1.0,1,0
STU-011819,2024,information_technology,6.3,72.8,60.7,70.0,9.1,1.0,1.0,2.0,0,1
STU-011820,2026,mechanical,7.78,55.0,85.3,68.3,3.9,5.0,0.0,1.0,0,0
STU-011821,2027,electronics,5.57,,32.8,66.8,7.1,1.0,0.0,0.0,1,0
STU-011822,2025,information_technology,7.28,67.8,76.3,56.8,7.9,1.0,0.0,3.0,2,0
STU-011823,2027,computer_science,6.14,59.4,,81.0,16.2,4.0,1.0,1.0,0,0
STU-011824,2026,computer_science,5.66,78.6,,51.1,4.0,0.0,0.0,2.0,1,0
STU-011825,2026,civil,5.84,35.9,,55.4,6.4,0.0,0.0,2.0,1,0
STU-011826,2025,electronics,7.07,59.2,,47.8,13.3,3.0,1.0,2.0,0,1
STU-011827,2026,electronics,7.98,92.0,78.5,60.2,7.7,0.0,0.0,4.0,0,0
STU-011828,2025,information_technology,6.32,70.1,16.1,51.1,3.6,2.0,0.0,2.0,0,0
STU-011829,2025,information_technology,4.71,50.5,59.4,53.2,10.7,3.0,0.0,2.0,1,0
STU-011830,2024,computer_science,10.0,76.0,28.2,45.2,10.6,4.0,0.0,1.0,1,0
STU-011831,2024,computer_science,8.39,60.1,36.4,48.6,25.9,0.0,1.0,1.0,2,0
STU-011832,2025,information_technology,8.17,82.3,58.1,39.5,2.1,0.0,1.0,0.0,0,0
STU-011833,2026,computer_science,8.97,74.3,89.8,67.0,20.0,1.0,0.0,2.0,1,1
STU-011834,2026,computer_science,7.21,45.4,53.6,49.9,4.9,1.0,1.0,3.0,1,0
STU-011835,2025,information_technology,6.94,61.5,62.8,84.6,25.3,1.0,0.0,2.0,1,1
STU-011836,2027,information_technology,8.66,67.6,46.2,75.3,15.1,0.0,1.0,1.0,0,0
STU-011837,2026,information_technology,8.65,68.3,58.3,63.0,32.9,2.0,0.0,1.0,1,1
STU-011838,2027,mechanical,7.81,64.4,57.3,70.0,9.5,4.0,2.0,2.0,2,1
STU-011839,2026,electronics,8.11,68.7,87.2,74.0,1.1,1.0,1.0,0.0,0,0
STU-011840,2024,computer_science,5.68,,37.0,55.1,13.8,4.0,1.0,3.0,1,0
STU-011841,2027,mechanical,6.8,46.8,43.0,59.2,6.4,1.0,1.0,2.0,0,0
STU-011842,2027,information_technology,9.06,55.3,81.5,77.1,13.1,1.0,0.0,2.0,0,0
STU-011843,2026,information_technology,8.02,56.2,54.9,78.0,5.1,4.0,3.0,2.0,0,1
STU-011844,2026,mechanical,5.42,56.3,50.6,51.2,10.1,3.0,2.0,2.0,0,1
STU-011845,2026,computer_science,6.49,53.2,60.4,94.1,11.5,3.0,0.0,3.0,0,0
STU-011846,2026,electronics,8.87,78.3,51.7,43.1,14.8,4.0,0.0,0.0,0,0
STU-011847,2027,computer_science,7.62,44.8,22.6,30.0,10.1,2.0,,2.0,4,0
STU-011848,2026,computer_science,7.31,32.6,74.5,86.1,3.4,4.0,1.0,,1,0
STU-011849,2024,information_technology,7.34,88.2,58.3,72.2,,1.0,1.0,5.0,0,1
STU-011850,2024,computer_science,7.0,,33.3,64.6,3.3,3.0,0.0,1.0,0,0
STU-011851,2024,computer_science,6.5,73.5,66.2,73.3,2.5,1.0,1.0,1.0,0,0
STU-011852,2025,information_technology,6.14,65.4,85.7,52.5,7.3,2.0,0.0,3.0,1,1
STU-011853,2025,computer_science,8.26,48.8,80.3,37.7,4.5,2.0,0.0,3.0,0,0
STU-011854,2027,information_technology,7.37,56.8,91.9,55.7,13.7,2.0,2.0,2.0,1,1
STU-011855,2025,computer_science,,55.6,37.8,52.2,9.4,1.0,2.0,2.0,0,0
STU-011856,2025,information_technology,7.73,64.8,62.2,48.2,19.1,3.0,1.0,1.0,0,1
STU-011857,2025,information_technology,8.72,49.9,67.9,53.6,14.5,0.0,2.0,1.0,0,1
STU-011858,2026,information_technology,7.62,56.6,55.5,53.8,14.6,0.0,0.0,2.0,1,0
STU-011859,2026,electronics,8.05,59.5,53.6,55.4,6.1,1.0,0.0,2.0,2,0
STU-011860,2026,civil,7.29,75.1,5.9,67.3,5.5,3.0,0.0,0.0,0,0
STU-011861,2027,computer_science,6.01,49.9,,69.8,1.2,5.0,2.0,1.0,0,0
STU-011862,2027,information_technology,6.84,43.0,26.9,66.2,16.5,1.0,0.0,0.0,0,0
STU-011863,2027,mechanical,7.78,51.4,73.5,26.4,19.6,2.0,,2.0,1,0
STU-011864,2027,electronics,7.88,65.3,58.7,47.8,14.0,2.0,0.0,3.0,0,1
STU-011865,2025,civil,8.77,35.0,61.6,47.9,2.5,1.0,1.0,4.0,0,1
STU-011866,2026,electronics,6.57,75.1,49.8,78.8,7.6,3.0,0.0,2.0,0,0
STU-011867,2025,electronics,7.36,59.0,59.8,50.1,,1.0,1.0,2.0,0,1
STU-011868,2027,computer_science,6.95,64.4,65.7,35.4,11.0,4.0,1.0,2.0,2,0
STU-011869,2024,computer_science,8.97,65.2,79.1,71.6,2.6,2.0,0.0,0.0,0,0
STU-011870,2025,electronics,7.53,49.1,55.0,63.3,14.1,2.0,1.0,2.0,0,1
STU-011871,2024,information_technology,7.55,42.9,36.7,97.2,18.9,3.0,0.0,3.0,0,1
STU-011872,2026,mechanical,7.06,47.6,34.2,42.7,3.4,6.0,1.0,2.0,1,0
STU-011873,2026,civil,6.84,35.1,,58.9,0.6,3.0,0.0,0.0,2,0
STU-011874,2024,computer_science,5.43,,44.1,47.5,,1.0,1.0,0.0,0,0
STU-011875,2026,information_technology,5.65,52.9,32.2,47.5,0.8,2.0,0.0,0.0,0,0
STU-011876,2025,mechanical,7.31,35.6,43.6,50.5,8.9,2.0,0.0,1.0,0,0
STU-011877,2027,mechanical,7.16,49.1,54.1,46.6,11.7,2.0,2.0,1.0,1,0
STU-011878,2024,,7.31,68.4,34.4,64.6,16.0,0.0,0.0,2.0,0,0
STU-011879,2024,,8.18,79.8,59.2,62.9,6.9,4.0,0.0,0.0,0,0
STU-011880,2026,civil,7.21,39.2,77.1,61.6,11.4,1.0,0.0,1.0,2,0
STU-011881,2026,information_technology,6.7,89.8,51.8,79.8,6.2,2.0,0.0,3.0,0,0
STU-011882,2027,computer_science,6.86,43.3,24.4,69.8,11.8,3.0,2.0,2.0,0,1
STU-011883,2026,computer_science,7.38,33.2,71.3,73.7,4.6,2.0,1.0,2.0,1,0
STU-011884,2027,information_technology,6.66,83.7,72.5,64.3,10.2,2.0,0.0,0.0,0,1
STU-011885,2025,mechanical,8.32,45.0,80.1,66.3,11.9,3.0,0.0,3.0,0,1
STU-011886,2025,information_technology,,81.0,56.4,75.0,12.4,1.0,0.0,3.0,1,1
STU-011887,2027,electronics,7.39,48.8,96.2,46.0,7.1,3.0,0.0,3.0,2,0
STU-011888,2024,information_technology,6.16,51.9,64.2,52.8,20.6,2.0,1.0,6.0,1,0
STU-011889,2027,electronics,8.32,,100.0,63.0,4.6,0.0,1.0,1.0,0,0
STU-011890,2024,computer_science,,80.7,85.0,62.6,4.0,4.0,1.0,4.0,2,0
STU-011891,2026,information_technology,5.53,72.2,69.5,42.1,6.8,2.0,0.0,1.0,1,0
STU-011892,2024,computer_science,7.56,49.2,46.7,72.7,6.8,1.0,1.0,2.0,1,0
STU-011893,2026,information_technology,6.98,56.8,38.8,82.2,2.8,0.0,1.0,2.0,1,0
STU-011894,2027,information_technology,7.43,68.8,58.7,81.1,6.9,5.0,0.0,1.0,1,0
STU-011895,2024,electronics,7.62,52.2,54.2,52.3,23.6,2.0,1.0,1.0,1,1
STU-011896,2024,information_technology,4.53,73.5,,73.9,,0.0,2.0,3.0,1,0
STU-011897,2025,civil,7.97,58.4,56.7,56.4,1.2,0.0,0.0,3.0,0,0
STU-011898,2025,civil,8.38,53.0,57.2,63.0,9.5,3.0,1.0,1.0,0,0
STU-011899,2025,computer_science,8.51,37.3,50.2,77.4,4.2,4.0,0.0,0.0,0,0
STU-011900,2027,computer_science,6.01,36.6,62.2,80.8,10.1,1.0,0.0,3.0,0,0
STU-011901,2024,computer_science,7.06,67.0,42.5,55.8,16.5,1.0,1.0,2.0,0,0
STU-011902,2026,computer_science,6.48,60.5,52.2,54.7,,3.0,,0.0,0,1
STU-011903,2026,computer_science,4.9,66.0,25.9,83.0,12.7,3.0,0.0,1.0,2,0
STU-011904,2025,mechanical,6.39,,54.2,60.6,7.8,3.0,1.0,0.0,1,0
STU-011905,2025,civil,5.85,31.1,53.8,20.0,7.9,1.0,0.0,2.0,0,0
STU-011906,2026,computer_science,7.48,51.5,40.6,68.2,2.8,4.0,1.0,2.0,0,0
STU-011907,2026,electronics,5.22,85.0,49.1,50.8,8.1,1.0,2.0,1.0,2,0
STU-011908,2027,mechanical,5.97,41.5,49.2,58.0,9.7,2.0,1.0,1.0,1,0
STU-011909,2025,information_technology,6.5,56.5,45.2,70.3,0.7,1.0,2.0,2.0,0,0
STU-011910,2026,mechanical,7.99,23.8,51.3,36.1,5.7,1.0,0.0,2.0,1,0
STU-011911,2027,civil,10.0,56.2,74.6,72.7,16.2,3.0,1.0,0.0,0,1
STU-011912,2027,civil,7.45,52.7,57.3,40.8,5.4,3.0,1.0,1.0,0,0
STU-011913,2027,electronics,5.91,,,51.6,3.7,2.0,0.0,1.0,0,0
STU-011914,2025,information_technology,6.32,51.9,34.7,66.5,30.7,1.0,2.0,3.0,1,0
STU-011915,2027,computer_science,7.86,36.9,55.2,44.8,14.9,3.0,0.0,1.0,1,1
STU-011916,2027,civil,5.55,45.1,38.8,44.8,6.9,0.0,0.0,1.0,0,0
STU-011917,2027,computer_science,8.36,57.7,61.5,66.7,6.2,3.0,0.0,1.0,1,1
STU-011918,2026,information_technology,7.41,43.9,61.2,69.4,22.4,2.0,0.0,2.0,0,1
STU-011919,2027,computer_science,6.96,45.1,34.7,59.5,24.8,4.0,2.0,1.0,0,1
STU-011920,2026,information_technology,5.16,69.4,57.7,70.7,13.9,2.0,0.0,1.0,0,0
STU-011921,2027,computer_science,8.16,50.9,96.4,100.0,11.0,1.0,0.0,1.0,4,1
STU-011922,2026,mechanical,6.22,63.0,54.8,41.1,4.2,1.0,0.0,1.0,0,0
STU-011923,2027,information_technology,7.28,55.9,41.4,30.6,3.5,1.0,0.0,1.0,1,0
STU-011924,2027,information_technology,6.92,39.4,49.7,77.7,15.9,4.0,0.0,4.0,0,0
STU-011925,2025,information_technology,5.28,49.6,42.6,45.4,7.9,4.0,1.0,1.0,0,0
STU-011926,2025,electronics,6.83,62.0,43.0,67.2,16.7,0.0,1.0,1.0,0,0
STU-011927,2025,mechanical,5.71,81.5,62.1,70.5,11.1,4.0,0.0,2.0,1,1
STU-011928,2027,civil,6.35,45.1,21.4,61.5,13.4,2.0,2.0,3.0,0,0
STU-011929,2026,mechanical,7.6,57.9,62.0,65.9,11.4,1.0,1.0,5.0,1,1
STU-011930,2027,information_technology,7.91,73.5,80.6,85.9,17.5,2.0,0.0,1.0,0,1
STU-011931,2027,mechanical,7.08,,76.2,53.4,11.9,4.0,0.0,2.0,0,0
STU-011932,2026,information_technology,6.08,46.4,68.8,79.9,2.5,0.0,1.0,1.0,0,0
STU-011933,2024,electronics,6.36,54.4,41.2,43.7,14.9,1.0,0.0,1.0,0,0
STU-011934,2026,electronics,6.34,73.4,77.1,66.9,6.1,1.0,0.0,,2,0
STU-011935,2027,information_technology,4.64,61.0,51.8,68.8,21.7,3.0,0.0,4.0,1,1
STU-011936,2026,information_technology,7.18,73.9,,60.9,10.8,7.0,1.0,,0,1
STU-011937,2027,electronics,5.18,71.9,66.1,75.6,22.1,2.0,1.0,2.0,1,1
STU-011938,2027,computer_science,7.19,66.7,,62.6,19.9,0.0,3.0,1.0,1,1
STU-011939,2025,electronics,5.42,57.0,,66.7,14.4,2.0,0.0,0.0,1,0
STU-011940,2027,information_technology,5.71,45.4,90.0,52.1,12.7,3.0,0.0,1.0,0,0
STU-011941,2026,electronics,7.87,56.1,28.2,48.0,6.1,0.0,1.0,2.0,0,0
STU-011942,2026,mechanical,7.13,55.6,52.6,47.7,17.4,4.0,0.0,1.0,0,0
STU-011943,2025,computer_science,4.93,71.8,22.8,53.4,6.2,3.0,1.0,1.0,0,0
STU-011944,2025,computer_science,6.46,59.6,54.8,44.1,9.8,1.0,1.0,3.0,1,0
STU-011945,2025,electronics,7.4,61.6,62.7,88.1,10.0,2.0,0.0,2.0,0,0
STU-011946,2026,computer_science,6.39,41.9,41.6,57.7,10.1,,4.0,4.0,0,0
STU-011947,2024,computer_science,6.71,75.5,44.2,61.9,4.4,1.0,1.0,2.0,0,0
STU-011948,2026,electronics,7.38,47.3,34.1,45.9,4.9,1.0,0.0,0.0,1,0
STU-011949,2026,computer_science,7.15,54.0,63.3,90.6,2.3,3.0,0.0,1.0,1,0
STU-011950,2026,electronics,5.96,75.6,42.9,58.4,15.5,0.0,1.0,3.0,0,0
STU-011951,2027,computer_science,7.13,71.6,62.7,53.8,4.8,2.0,,1.0,2,0
STU-011952,2026,computer_science,6.77,44.8,45.2,55.0,5.6,3.0,0.0,0.0,0,1
STU-011953,2024,information_technology,9.08,46.0,67.5,59.0,7.7,6.0,0.0,1.0,0,1
STU-011954,2027,civil,6.98,,67.5,57.7,4.3,1.0,0.0,3.0,2,0
STU-011955,2027,information_technology,7.26,49.9,64.2,43.2,18.4,2.0,1.0,2.0,0,1
STU-011956,2026,,7.4,36.8,60.2,74.0,31.7,1.0,1.0,4.0,0,0
STU-011957,2027,information_technology,,46.2,52.2,46.4,1.2,1.0,0.0,0.0,0,0
STU-011958,2024,electronics,6.27,,60.2,73.3,13.1,0.0,0.0,2.0,0,0
STU-011959,2027,electronics,7.63,72.8,47.3,43.4,3.0,2.0,1.0,1.0,0,0
STU-011960,2025,computer_science,7.64,71.9,54.2,64.4,11.3,1.0,0.0,3.0,1,0
STU-011961,2026,computer_science,9.49,84.1,70.9,47.7,15.3,2.0,0.0,4.0,0,1
STU-011962,2024,information_technology,7.95,65.2,84.9,51.8,1.6,1.0,2.0,1.0,0,0
STU-011963,2027,electronics,7.97,53.2,48.5,68.7,14.9,3.0,0.0,3.0,0,0
STU-011964,2025,mechanical,7.93,75.2,43.7,78.5,25.7,0.0,3.0,2.0,0,0
STU-011965,2025,electronics,6.31,46.1,57.1,87.5,20.1,1.0,1.0,3.0,1,0
STU-011966,2024,electronics,5.65,35.4,70.1,67.2,2.3,4.0,0.0,1.0,1,0
STU-011967,2027,information_technology,5.95,53.7,64.6,61.9,28.8,0.0,1.0,,0,0
STU-011968,2025,electronics,7.89,65.9,58.9,48.5,30.9,2.0,0.0,2.0,1,1
STU-011969,2026,electronics,8.73,49.3,82.8,36.9,7.7,1.0,0.0,1.0,1,0
STU-011970,2025,computer_science,7.94,44.2,28.0,70.7,2.4,1.0,0.0,3.0,0,0
STU-011971,2027,civil,6.91,51.6,71.8,58.5,15.3,3.0,0.0,4.0,1,1
STU-011972,2025,information_technology,9.03,68.2,57.8,62.1,12.5,5.0,1.0,1.0,0,0
STU-011973,2027,electronics,6.59,55.0,64.1,56.4,19.9,2.0,0.0,,0,0
STU-011974,2025,electronics,5.78,95.1,67.3,51.9,6.4,1.0,1.0,0.0,1,0
STU-011975,2024,mechanical,7.39,,59.9,,11.6,0.0,0.0,2.0,1,0
STU-011976,2025,computer_science,8.59,72.4,62.5,85.9,12.7,1.0,0.0,2.0,0,1
STU-011977,2024,mechanical,6.13,34.5,44.9,,9.7,4.0,0.0,3.0,0,0
STU-011978,2026,computer_science,5.14,63.1,76.3,35.8,6.9,2.0,0.0,2.0,0,0
STU-011979,2025,computer_science,7.14,51.4,,58.7,17.7,5.0,1.0,3.0,2,1
STU-011980,2027,mechanical,7.99,59.8,62.7,,3.2,3.0,1.0,0.0,1,0
STU-011981,2026,computer_science,4.0,77.3,68.7,78.6,9.3,2.0,2.0,4.0,1,0
STU-011982,2025,,8.22,54.9,51.4,69.1,7.1,0.0,0.0,2.0,0,0
STU-011983,2026,information_technology,5.53,35.4,44.9,88.5,21.4,1.0,0.0,2.0,0,0
STU-011984,2025,civil,7.93,42.6,74.7,77.1,6.3,2.0,2.0,5.0,0,1
STU-011985,2024,mechanical,4.8,56.2,76.4,63.5,3.6,0.0,2.0,5.0,1,0
STU-011986,2025,computer_science,5.4,56.6,49.4,64.1,20.3,1.0,0.0,3.0,1,1
STU-011987,2024,mechanical,,60.8,64.8,67.5,12.3,4.0,1.0,2.0,0,1
STU-011988,2025,computer_science,8.5,41.7,34.0,49.3,22.0,1.0,1.0,3.0,1,0
STU-011989,2027,,7.09,88.6,77.2,68.1,17.0,1.0,0.0,4.0,0,0
STU-011990,2026,electronics,9.85,85.7,48.0,81.2,7.6,2.0,0.0,2.0,0,1
STU-011991,2027,electronics,5.92,57.8,41.5,53.2,9.0,,2.0,4.0,0,1
STU-011992,2025,electronics,5.91,33.0,53.8,58.6,38.7,1.0,0.0,1.0,3,0
STU-011993,2027,mechanical,6.75,,43.0,71.2,10.1,3.0,1.0,3.0,0,0
STU-011994,2025,information_technology,6.7,74.4,20.8,,38.4,1.0,0.0,1.0,0,0
STU-011995,2024,civil,7.43,60.4,35.7,51.6,12.3,1.0,1.0,0.0,0,0
STU-011996,2027,computer_science,6.25,74.5,53.7,65.4,5.4,5.0,2.0,3.0,0,1
STU-011997,2024,information_technology,7.75,52.1,83.4,61.6,7.9,3.0,0.0,0.0,0,0
STU-011998,2025,mechanical,7.73,45.0,82.0,58.2,5.0,1.0,1.0,2.0,1,0
STU-011999,2027,computer_science,8.96,64.3,69.3,,13.6,2.0,0.0,2.0,0,0
STU-012000,2026,information_technology,6.54,33.8,,51.6,,1.0,1.0,2.0,2,0
